code,name,category,manufacturer,description,price,sellingPrice,quantity,expiryDate,status
0002-0152,"Zepbound Injection, Solution",G-Protein-linked Receptor Interactions [MoA],Eli Lilly And Company,tirzepatide,97.72,127.04,37,2028-10-29,IN_STOCK
0002-0213,"Humulin Injection, Solution",Insulin [CS],Eli Lilly And Company,Insulin human,44.88,58.34,139,2027-02-20,IN_STOCK
0002-0243,"Zepbound Injection, Solution",G-Protein-linked Receptor Interactions [MoA],Eli Lilly And Company,tirzepatide,111.79,145.33,371,2028-10-28,IN_STOCK
0002-0800,"Sterile Diluent Injection, Solution",General Medicine,Eli Lilly And Company,diluent,134.37,174.68,69,2028-05-27,IN_STOCK
0002-1152,"Mounjaro Injection, Solution",G-Protein-linked Receptor Interactions [MoA],Eli Lilly And Company,tirzepatide,66.18,86.03,40,2027-01-04,IN_STOCK
0002-1200,"Amyvid Injection, Solution",Positron Emitting Activity [MoA],Eli Lilly And Company,Florbetapir F 18,36.7,47.71,283,2028-06-08,IN_STOCK
0002-1214,"Zepbound Injection, Solution",G-Protein-linked Receptor Interactions [MoA],Eli Lilly And Company,tirzepatide,8.85,11.51,126,2028-10-03,IN_STOCK
0002-1220,"Tauvid Injection, Solution",General Medicine,Eli Lilly And Company,Flortaucipir F-18,99.23,129.0,304,2027-12-04,IN_STOCK
0002-1243,"Mounjaro Injection, Solution",G-Protein-linked Receptor Interactions [MoA],Eli Lilly And Company,tirzepatide,36.96,48.05,326,2027-07-12,IN_STOCK
0002-1340,"Zepbound Injection, Solution",G-Protein-linked Receptor Interactions [MoA],Eli Lilly And Company,tirzepatide,122.37,159.08,28,2028-11-16,IN_STOCK
0002-1423,"Zepbound Injection, Solution",G-Protein-linked Receptor Interactions [MoA],Eli Lilly And Company,tirzepatide,121.84,158.39,382,2027-12-07,IN_STOCK
0002-1433,"Trulicity Injection, Solution",GLP-1 Receptor Agonist [EPC],Eli Lilly And Company,Dulaglutide,54.34,70.64,104,2027-05-09,IN_STOCK
0002-1434,"Trulicity Injection, Solution",GLP-1 Receptor Agonist [EPC],Eli Lilly And Company,Dulaglutide,143.8,186.94,197,2027-01-13,IN_STOCK
0002-1436,"Emgality Injection, Solution",General Medicine,Eli Lilly And Company,galcanezumab-gnlm,18.45,23.98,74,2027-10-03,IN_STOCK
0002-1442,"Omvoh Injection, Solution",Interleukin-23 Antagonist [EPC],Eli Lilly And Company,mirikizumab-mrkz,127.89,166.26,334,2027-06-28,IN_STOCK
0002-1445,"Taltz Injection, Solution",Interleukin-17A Antagonist [EPC],Eli Lilly And Company,ixekizumab,122.03,158.64,398,2028-01-14,IN_STOCK
0002-1457,"Mounjaro Injection, Solution",G-Protein-linked Receptor Interactions [MoA],Eli Lilly And Company,tirzepatide,82.75,107.58,218,2026-12-20,IN_STOCK
0002-1460,"Mounjaro Injection, Solution",G-Protein-linked Receptor Interactions [MoA],Eli Lilly And Company,tirzepatide,85.05,110.56,346,2028-06-25,IN_STOCK
0002-1471,"Mounjaro Injection, Solution",G-Protein-linked Receptor Interactions [MoA],Eli Lilly And Company,tirzepatide,133.39,173.41,210,2028-05-14,IN_STOCK
0002-1484,"Mounjaro Injection, Solution",G-Protein-linked Receptor Interactions [MoA],Eli Lilly And Company,tirzepatide,32.88,42.74,60,2026-11-16,IN_STOCK
0002-1495,"Mounjaro Injection, Solution",G-Protein-linked Receptor Interactions [MoA],Eli Lilly And Company,tirzepatide,100.88,131.14,173,2026-12-21,IN_STOCK
0002-1506,"Mounjaro Injection, Solution",G-Protein-linked Receptor Interactions [MoA],Eli Lilly And Company,tirzepatide,129.02,167.73,76,2027-10-25,IN_STOCK
0002-1717,"Inluriyo Tablet, Film Coated",Breast Cancer Resistance Protein Inhibitors [MoA],Eli Lilly And Company,imlunestrant,45.31,58.9,350,2027-10-09,IN_STOCK
0002-2002,"Zepbound Injection, Solution",G-Protein-linked Receptor Interactions [MoA],Eli Lilly And Company,tirzepatide,28.58,37.15,206,2027-05-03,IN_STOCK
0002-2214,"Mounjaro Injection, Solution",G-Protein-linked Receptor Interactions [MoA],Eli Lilly And Company,tirzepatide,102.18,132.83,384,2028-08-30,IN_STOCK
0002-2236,"Trulicity Injection, Solution",GLP-1 Receptor Agonist [EPC],Eli Lilly And Company,Dulaglutide,98.97,128.66,336,2028-07-12,IN_STOCK
0002-2340,"Mounjaro Injection, Solution",G-Protein-linked Receptor Interactions [MoA],Eli Lilly And Company,tirzepatide,29.82,38.77,398,2027-06-08,IN_STOCK
0002-2377,"Emgality Injection, Solution",General Medicine,Eli Lilly And Company,galcanezumab-gnlm,28.69,37.3,219,2027-07-04,IN_STOCK
0002-2423,"Mounjaro Injection, Solution",G-Protein-linked Receptor Interactions [MoA],Eli Lilly And Company,tirzepatide,148.48,193.02,352,2028-09-04,IN_STOCK
0002-2457,"Zepbound Injection, Solution",G-Protein-linked Receptor Interactions [MoA],Eli Lilly And Company,tirzepatide,85.76,111.49,375,2027-08-29,IN_STOCK
0002-2460,"Zepbound Injection, Solution",G-Protein-linked Receptor Interactions [MoA],Eli Lilly And Company,tirzepatide,127.21,165.37,53,2027-05-23,IN_STOCK
0002-2471,"Zepbound Injection, Solution",G-Protein-linked Receptor Interactions [MoA],Eli Lilly And Company,tirzepatide,124.16,161.41,186,2027-11-15,IN_STOCK
0002-2484,"Zepbound Injection, Solution",G-Protein-linked Receptor Interactions [MoA],Eli Lilly And Company,tirzepatide,43.82,56.97,133,2028-05-03,IN_STOCK
0002-2495,"Zepbound Injection, Solution",G-Protein-linked Receptor Interactions [MoA],Eli Lilly And Company,tirzepatide,132.07,171.69,186,2027-05-06,IN_STOCK
0002-2506,"Zepbound Injection, Solution",G-Protein-linked Receptor Interactions [MoA],Eli Lilly And Company,tirzepatide,100.04,130.05,227,2028-07-20,IN_STOCK
0002-2980,Retevmo Capsule,Breast Cancer Resistance Protein Inhibitors [MoA],Eli Lilly And Company,selpercatinib,71.53,92.99,160,2027-02-20,IN_STOCK
0002-3002,"Mounjaro Injection, Solution",G-Protein-linked Receptor Interactions [MoA],Eli Lilly And Company,tirzepatide,40.76,52.99,312,2028-04-04,IN_STOCK
0002-3115,"Emgality Injection, Solution",General Medicine,Eli Lilly And Company,galcanezumab-gnlm,43.1,56.03,324,2027-12-13,IN_STOCK
0002-3116,"Omvoh Injection, Solution",Interleukin-23 Antagonist [EPC],Eli Lilly And Company,mirikizumab-mrkz,135.18,175.73,229,2027-10-06,IN_STOCK
0002-3182,"Trulicity Injection, Solution",GLP-1 Receptor Agonist [EPC],Eli Lilly And Company,Dulaglutide,36.8,47.84,95,2028-03-05,IN_STOCK
0002-3227,Strattera Capsule,Norepinephrine Reuptake Inhibitor [EPC],Eli Lilly And Company,Atomoxetine hydrochloride,76.56,99.53,49,2027-01-21,IN_STOCK
0002-3228,Strattera Capsule,Norepinephrine Reuptake Inhibitor [EPC],Eli Lilly And Company,Atomoxetine hydrochloride,27.16,35.31,106,2028-12-20,IN_STOCK
0002-3229,Strattera Capsule,Norepinephrine Reuptake Inhibitor [EPC],Eli Lilly And Company,Atomoxetine hydrochloride,103.67,134.77,330,2026-12-05,IN_STOCK
0002-3235,"Cymbalta Capsule, Delayed Release",Norepinephrine Uptake Inhibitors [MoA],Eli Lilly And Company,Duloxetine hydrochloride,60.79,79.03,330,2028-01-23,IN_STOCK
0002-3238,Strattera Capsule,Norepinephrine Reuptake Inhibitor [EPC],Eli Lilly And Company,Atomoxetine hydrochloride,81.72,106.24,308,2026-10-12,IN_STOCK
0002-3239,Strattera Capsule,Norepinephrine Reuptake Inhibitor [EPC],Eli Lilly And Company,Atomoxetine hydrochloride,103.64,134.73,83,2028-08-29,IN_STOCK
0002-3240,"Cymbalta Capsule, Delayed Release",Norepinephrine Uptake Inhibitors [MoA],Eli Lilly And Company,Duloxetine hydrochloride,133.29,173.28,161,2028-11-26,IN_STOCK
0002-3250,Strattera Capsule,Norepinephrine Reuptake Inhibitor [EPC],Eli Lilly And Company,Atomoxetine hydrochloride,97.94,127.32,82,2027-07-28,IN_STOCK
0002-3251,Strattera Capsule,Norepinephrine Reuptake Inhibitor [EPC],Eli Lilly And Company,Atomoxetine hydrochloride,68.04,88.45,257,2026-10-04,IN_STOCK
0002-3270,"Cymbalta Capsule, Delayed Release",Norepinephrine Uptake Inhibitors [MoA],Eli Lilly And Company,Duloxetine hydrochloride,143.3,186.29,393,2027-06-27,IN_STOCK
0002-3977,Retevmo Capsule,Breast Cancer Resistance Protein Inhibitors [MoA],Eli Lilly And Company,selpercatinib,145.92,189.7,116,2028-03-03,IN_STOCK
0002-4182,"Olumiant Tablet, Film Coated",Janus Kinase Inhibitor [EPC],Eli Lilly And Company,baricitinib,137.33,178.53,345,2027-08-02,IN_STOCK
0002-4184,Evista Tablet,Estrogen Agonist/Antagonist [EPC],Eli Lilly And Company,Raloxifene hydrochloride,127.04,165.15,284,2028-06-15,IN_STOCK
0002-4312,Reyvow Tablet,General Medicine,Eli Lilly And Company,lasmiditan,33.84,43.99,216,2028-11-19,IN_STOCK
0002-4462,"Cialis Tablet, Film Coated",Phosphodiesterase 5 Inhibitor [EPC],Eli Lilly And Company,Tadalafil,28.42,36.95,296,2026-10-01,IN_STOCK
0002-4463,"Cialis Tablet, Film Coated",Phosphodiesterase 5 Inhibitor [EPC],Eli Lilly And Company,Tadalafil,91.85,119.41,275,2026-10-20,IN_STOCK
0002-4464,"Cialis Tablet, Film Coated",Phosphodiesterase 5 Inhibitor [EPC],Eli Lilly And Company,Tadalafil,21.22,27.59,210,2027-08-11,IN_STOCK
0002-4479,"Olumiant Tablet, Film Coated",Janus Kinase Inhibitor [EPC],Eli Lilly And Company,baricitinib,39.72,51.64,148,2028-05-03,IN_STOCK
0002-4483,Verzenio Tablet,Kinase Inhibitor [EPC],Eli Lilly And Company,abemaciclib,142.31,185.0,68,2028-10-19,IN_STOCK
0002-4491,Reyvow Tablet,General Medicine,Eli Lilly And Company,lasmiditan,75.47,98.11,60,2028-11-17,IN_STOCK
0002-4732,"Olumiant Tablet, Film Coated",Janus Kinase Inhibitor [EPC],Eli Lilly And Company,baricitinib,82.24,106.91,89,2027-02-09,IN_STOCK
0002-4815,Verzenio Tablet,Kinase Inhibitor [EPC],Eli Lilly And Company,abemaciclib,100.66,130.86,306,2027-03-19,IN_STOCK
0002-5337,Verzenio Tablet,Kinase Inhibitor [EPC],Eli Lilly And Company,abemaciclib,43.43,56.46,335,2027-12-08,IN_STOCK
0002-5340,"Retevmo Tablet, Coated",Breast Cancer Resistance Protein Inhibitors [MoA],Eli Lilly And Company,selpercatinib,144.83,188.28,301,2028-11-12,IN_STOCK
0002-5562,"Retevmo Tablet, Coated",Breast Cancer Resistance Protein Inhibitors [MoA],Eli Lilly And Company,selpercatinib,110.84,144.09,127,2028-09-30,IN_STOCK
0002-6082,"Retevmo Tablet, Coated",Breast Cancer Resistance Protein Inhibitors [MoA],Eli Lilly And Company,selpercatinib,50.2,65.26,368,2028-07-27,IN_STOCK
0002-6120,"Retevmo Tablet, Coated",Breast Cancer Resistance Protein Inhibitors [MoA],Eli Lilly And Company,selpercatinib,59.15,76.89,289,2028-01-06,IN_STOCK
0002-6216,Verzenio Tablet,Kinase Inhibitor [EPC],Eli Lilly And Company,abemaciclib,22.55,29.32,140,2026-12-05,IN_STOCK
0002-6885,"Baricitinib Tablet, Film Coated",Janus Kinase Inhibitor [EPC],Eli Lilly And Company,baricitinib,54.02,70.23,326,2028-04-20,IN_STOCK
0002-6902,"Jaypirca Tablet, Coated",Breast Cancer Resistance Protein Inhibitors [MoA],Eli Lilly And Company,pirtobrutinib,38.37,49.88,137,2026-10-08,IN_STOCK
0002-7026,"Jaypirca Tablet, Coated",Breast Cancer Resistance Protein Inhibitors [MoA],Eli Lilly And Company,pirtobrutinib,15.29,19.88,348,2026-11-30,IN_STOCK
0002-7510,"Humalog Injection, Solution",Insulin Analog [EPC],Eli Lilly And Company,Insulin lispro,38.2,49.66,41,2027-09-04,IN_STOCK
0002-7511,"Humalog Injection, Suspension",Insulin Analog [EPC],Eli Lilly And Company,Insulin lispro,15.27,19.85,146,2027-07-13,IN_STOCK
0002-7516,"Humalog Injection, Solution",Insulin Analog [EPC],Eli Lilly And Company,Insulin lispro,102.0,132.6,134,2028-04-05,IN_STOCK
0002-7575,"Omvoh Injection, Solution",Interleukin-23 Antagonist [EPC],Eli Lilly And Company,mirikizumab-mrkz,24.19,31.45,317,2028-05-13,IN_STOCK
0002-7623,"Alimta Injection, Powder, Lyophilized, For Solution",Folate Analog Metabolic Inhibitor [EPC],Eli Lilly And Company,Pemetrexed disodium,73.54,95.6,267,2027-11-21,IN_STOCK
0002-7640,"Alimta Injection, Powder, Lyophilized, For Solution",Folate Analog Metabolic Inhibitor [EPC],Eli Lilly And Company,Pemetrexed disodium,32.61,42.39,74,2028-08-05,IN_STOCK
0002-7669,Cyramza Solution,VEGFR2 Inhibitors [MoA],Eli Lilly And Company,ramucirumab,67.5,87.75,241,2027-11-25,IN_STOCK
0002-7678,Cyramza Solution,VEGFR2 Inhibitors [MoA],Eli Lilly And Company,ramucirumab,72.72,94.54,398,2026-11-25,IN_STOCK
0002-7712,"Humalog Injection, Solution",Insulin Analog [EPC],Eli Lilly And Company,Insulin lispro,102.64,133.43,355,2027-01-09,IN_STOCK
0002-7714,"Humalog Injection, Solution",Insulin Analog [EPC],Eli Lilly And Company,Insulin lispro,13.79,17.93,397,2027-09-13,IN_STOCK
0002-7715,"Basaglar Injection, Solution",Insulin Analog [EPC],Eli Lilly And Company,Insulin glargine,121.09,157.42,80,2027-06-12,IN_STOCK
0002-7717,Omvoh Kit,General Medicine,Eli Lilly And Company,mirikizumab-mrkz,32.78,42.61,299,2028-01-03,IN_STOCK
0002-7722,Omvoh Kit,General Medicine,Eli Lilly And Company,mirikizumab-mrkz,25.33,32.93,118,2027-07-13,IN_STOCK
0002-7724,"Taltz Injection, Solution",Interleukin-17A Antagonist [EPC],Eli Lilly And Company,ixekizumab,72.08,93.7,63,2027-12-28,IN_STOCK
0002-7726,"Lyumjev Injection, Solution",Insulin Analog [EPC],Eli Lilly And Company,Insulin lispro-aabc,122.16,158.81,306,2027-01-09,IN_STOCK
0002-7728,"Lyumjev Injection, Solution",Insulin Analog [EPC],Eli Lilly And Company,Insulin lispro-aabc,12.34,16.04,301,2026-10-16,IN_STOCK
0002-7737,"Insulin Lispro Injection, Solution",Insulin Analog [EPC],Eli Lilly And Company,Insulin lispro,145.5,189.15,146,2027-03-20,IN_STOCK
0002-7752,"Insulin Lispro Injection, Solution",Insulin Analog [EPC],Eli Lilly And Company,Insulin lispro,63.93,83.11,271,2027-05-07,IN_STOCK
0002-7772,"Ebglyss Injection, Solution",Interleukin-13 Antagonist [EPC],Eli Lilly And Company,lebrikizumab-lbkz,130.37,169.48,55,2027-03-18,IN_STOCK
0002-7797,"Ebglyss Injection, Solution",Interleukin-13 Antagonist [EPC],Eli Lilly And Company,lebrikizumab-lbkz,59.95,77.94,224,2027-06-29,IN_STOCK
0002-8011,"Omvoh Injection, Solution",Interleukin-23 Antagonist [EPC],Eli Lilly And Company,mirikizumab-mrkz,139.35,181.16,257,2027-07-20,IN_STOCK
0002-8147,Humatrope Kit,General Medicine,Eli Lilly And Company,Somatropin,66.34,86.24,399,2028-12-11,IN_STOCK
0002-8148,Humatrope Kit,General Medicine,Eli Lilly And Company,Somatropin,85.59,111.27,392,2028-02-11,IN_STOCK
0002-8149,Humatrope Kit,General Medicine,Eli Lilly And Company,Somatropin,27.45,35.69,176,2027-05-11,IN_STOCK
0002-8207,"Lyumjev Injection, Solution",Insulin Analog [EPC],Eli Lilly And Company,Insulin lispro-aabc,145.46,189.1,321,2028-10-23,IN_STOCK
0002-8213,"Humalog Injection, Solution",Insulin Analog [EPC],Eli Lilly And Company,Insulin lispro,83.62,108.71,185,2026-11-28,IN_STOCK
0002-8215,"Humulin Injection, Solution",Insulin [CS],Eli Lilly And Company,Insulin human,12.27,15.95,269,2028-02-27,IN_STOCK
0002-8222,"Insulin Lispro Injection, Solution",Insulin Analog [EPC],Eli Lilly And Company,Insulin lispro,138.31,179.8,296,2027-03-11,IN_STOCK
0002-8228,"Lyumjev Injection, Solution",Insulin Analog [EPC],Eli Lilly And Company,Insulin lispro-aabc,13.25,17.23,285,2026-12-22,IN_STOCK
0002-8233,"Insulin Lispro Protamine And Insulin Lispro Injectable Suspension Injection, Suspension",Insulin Analog [EPC],Eli Lilly And Company,Insulin lispro,128.44,166.97,60,2028-06-01,IN_STOCK
0002-8235,"Lyumjev Injection, Solution",Insulin Analog [EPC],Eli Lilly And Company,Insulin lispro-aabc,14.85,19.3,145,2027-11-18,IN_STOCK
0002-8315,"Humulin Injection, Suspension",Insulin [CS],Eli Lilly And Company,Insulin human,22.38,29.09,316,2027-06-10,IN_STOCK
0002-8351,"Lyumjev Injection, Solution",Insulin Analog [EPC],Eli Lilly And Company,Insulin lispro-aabc,88.94,115.62,45,2028-06-26,IN_STOCK
0002-8400,"Forteo Injection, Solution",Parathyroid Hormone Analog [EPC],Eli Lilly And Company,Teriparatide,16.89,21.96,361,2028-05-20,IN_STOCK
0002-8715,"Humulin Injection, Suspension",Insulin [CS],Eli Lilly And Company,Insulin human,86.96,113.05,186,2027-06-25,IN_STOCK
0002-8797,"Humalog Injection, Suspension",Insulin Analog [EPC],Eli Lilly And Company,Insulin lispro,34.62,45.01,391,2027-08-18,IN_STOCK
0002-8798,"Humalog Injection, Suspension",Insulin Analog [EPC],Eli Lilly And Company,Insulin lispro,39.61,51.49,227,2027-02-12,IN_STOCK
0002-8799,"Humalog Injection, Solution",Insulin Analog [EPC],Eli Lilly And Company,Insulin lispro,102.4,133.12,178,2028-01-12,IN_STOCK
0002-8803,"Humulin Injection, Suspension",Insulin [CS],Eli Lilly And Company,Insulin human,50.85,66.11,62,2026-10-10,IN_STOCK
0002-8805,"Humulin Injection, Suspension",Insulin [CS],Eli Lilly And Company,Insulin human,71.45,92.89,313,2027-01-11,IN_STOCK
0002-8824,"Humulin Injection, Solution",Insulin [CS],Eli Lilly And Company,Insulin human,15.62,20.31,134,2028-03-02,IN_STOCK
0002-8870,"Omvoh Injection, Solution",Interleukin-23 Antagonist [EPC],Eli Lilly And Company,mirikizumab-mrkz,43.45,56.49,203,2026-12-10,IN_STOCK
0002-8900,"Taltz Injection, Solution",Interleukin-17A Antagonist [EPC],Eli Lilly And Company,ixekizumab,132.49,172.24,214,2027-07-19,IN_STOCK
0002-8905,"Taltz Injection, Solution",Interleukin-17A Antagonist [EPC],Eli Lilly And Company,ixekizumab,27.87,36.23,303,2028-09-20,IN_STOCK
0002-8980,"Rezvoglar Injection, Solution",Insulin Analog [EPC],Eli Lilly And Company,Insulin glargine-aglr,48.86,63.52,359,2028-03-25,IN_STOCK
0002-9401,"Kisunla Injection, Solution",General Medicine,Eli Lilly And Company,donanemab-azbt,6.13,7.97,308,2027-08-03,IN_STOCK
0002-9678,"Forteo Injection, Solution",Parathyroid Hormone Analog [EPC],Eli Lilly And Company,Teriparatide,140.1,182.13,78,2027-02-15,IN_STOCK
0003-0050,"Cobenfy Capsule, Coated Pellets",Cholinergic Muscarinic Agonist [EPC],"E.R. Squibb & Sons, L.L.C.",xanomeline and trospium chloride,43.35,56.36,79,2028-10-30,IN_STOCK
0003-0125,"Cobenfy Capsule, Coated Pellets",Cholinergic Muscarinic Agonist [EPC],"E.R. Squibb & Sons, L.L.C.",xanomeline and trospium chloride,85.22,110.79,164,2027-07-16,IN_STOCK
0003-0249,Halog Solution,Corticosteroid Hormone Receptor Agonists [MoA],"E.R. Squibb & Sons, L.L.C.",Halcinonide,92.7,120.51,392,2027-09-17,IN_STOCK
0003-0293,"Kenalog-40 Injection, Suspension",Corticosteroid Hormone Receptor Agonists [MoA],"E.R. Squibb & Sons, L.L.C.",TRIAMCINOLONE ACETONIDE,34.52,44.88,349,2027-06-28,IN_STOCK
0003-0315,"Kenalog-80 Injection, Suspension",Corticosteroid Hormone Receptor Agonists [MoA],"E.R. Squibb & Sons, L.L.C.",TRIAMCINOLONE ACETONIDE,78.28,101.76,153,2026-11-22,IN_STOCK
0003-0371,"Nulojix Injection, Powder, Lyophilized, For Solution",CD80-directed Antibody Interactions [MoA],"E.R. Squibb & Sons, L.L.C.",BELATACEPT,18.38,23.89,241,2027-07-11,IN_STOCK
0003-0494,"Kenalog-10 Injection, Suspension",Corticosteroid Hormone Receptor Agonists [MoA],"E.R. Squibb & Sons, L.L.C.",TRIAMCINOLONE ACETONIDE,11.39,14.81,195,2028-11-28,IN_STOCK
0003-0524,Sprycel Tablet,Cytochrome P450 3A4 Inhibitors [MoA],"E.R. Squibb & Sons, L.L.C.",dasatinib,23.97,31.16,159,2027-03-15,IN_STOCK
0003-0527,Sprycel Tablet,Cytochrome P450 3A4 Inhibitors [MoA],"E.R. Squibb & Sons, L.L.C.",dasatinib,112.48,146.22,307,2028-09-22,IN_STOCK
0003-0528,Sprycel Tablet,Cytochrome P450 3A4 Inhibitors [MoA],"E.R. Squibb & Sons, L.L.C.",dasatinib,67.01,87.11,29,2027-01-23,IN_STOCK
0003-0852,Sprycel Tablet,Cytochrome P450 3A4 Inhibitors [MoA],"E.R. Squibb & Sons, L.L.C.",dasatinib,15.91,20.68,378,2027-03-02,IN_STOCK
0003-0855,Sprycel Tablet,Cytochrome P450 3A4 Inhibitors [MoA],"E.R. Squibb & Sons, L.L.C.",dasatinib,84.11,109.34,214,2028-05-19,IN_STOCK
0003-0857,Sprycel Tablet,Cytochrome P450 3A4 Inhibitors [MoA],"E.R. Squibb & Sons, L.L.C.",dasatinib,85.12,110.66,245,2027-02-08,IN_STOCK
0003-0893,"Eliquis Tablet, Film Coated",Factor Xa Inhibitor [EPC],"E.R. Squibb & Sons, L.L.C.",apixaban,11.07,14.39,211,2028-12-24,IN_STOCK
0003-0894,"Eliquis Tablet, Film Coated",Factor Xa Inhibitor [EPC],"E.R. Squibb & Sons, L.L.C.",apixaban,145.97,189.76,45,2027-10-02,IN_STOCK
0003-0895,"Sotyktu Tablet, Film Coated",Tyrosine Kinase 2 Inhibitor [EPC],"E.R. Squibb & Sons, L.L.C.",deucravacitinib,35.46,46.1,152,2028-08-13,IN_STOCK
0003-0898,Eliquis Sprinkle Capsule,Factor Xa Inhibitor [EPC],"E.R. Squibb & Sons, L.L.C.",apixaban,19.91,25.88,311,2027-11-21,IN_STOCK
0003-1028,"Eliquis Tablet, For Suspension",Factor Xa Inhibitor [EPC],"E.R. Squibb & Sons, L.L.C.",apixaban,146.21,190.07,104,2027-05-31,IN_STOCK
0003-1100,"Cobenfy Capsule, Coated Pellets",Cholinergic Muscarinic Agonist [EPC],"E.R. Squibb & Sons, L.L.C.",xanomeline and trospium chloride,130.37,169.48,115,2027-11-27,IN_STOCK
0003-1611,"Baraclude Tablet, Film Coated",Hepatitis B Virus Nucleoside Analog Reverse Transc,"E.R. Squibb & Sons, L.L.C.",entecavir,8.59,11.17,195,2028-12-10,IN_STOCK
0003-1612,"Baraclude Tablet, Film Coated",Hepatitis B Virus Nucleoside Analog Reverse Transc,"E.R. Squibb & Sons, L.L.C.",entecavir,139.97,181.96,367,2028-10-22,IN_STOCK
0003-1614,Baraclude Solution,Hepatitis B Virus Nucleoside Analog Reverse Transc,"E.R. Squibb & Sons, L.L.C.",entecavir,122.56,159.33,161,2027-03-13,IN_STOCK
0003-2187,"Orencia Injection, Powder, Lyophilized, For Solution",Decreased Cytokine Activity [PE],"E.R. Squibb & Sons, L.L.C.",abatacept,119.17,154.92,80,2027-10-27,IN_STOCK
0003-2188,"Orencia Injection, Solution",Decreased Cytokine Activity [PE],"E.R. Squibb & Sons, L.L.C.",abatacept,131.46,170.9,265,2027-05-16,IN_STOCK
0003-2291,"Empliciti Injection, Powder, Lyophilized, For Solution",Antibodies,"E.R. Squibb & Sons, L.L.C.",elotuzumab,33.94,44.12,260,2027-09-24,IN_STOCK
0003-2327,Yervoy Injection,CTLA-4-directed Antibody Interactions [MoA],"E.R. Squibb & Sons, L.L.C.",ipilimumab,49.25,64.03,141,2027-05-17,IN_STOCK
0003-2328,Yervoy Injection,CTLA-4-directed Antibody Interactions [MoA],"E.R. Squibb & Sons, L.L.C.",ipilimumab,8.43,10.96,123,2027-11-13,IN_STOCK
0003-2560,"Azactam Injection, Powder, For Solution",Monobactam Antibacterial [EPC],"E.R. Squibb & Sons, L.L.C.",AZTREONAM,52.6,68.38,60,2028-11-30,IN_STOCK
0003-2570,"Azactam Injection, Powder, For Solution",Monobactam Antibacterial [EPC],"E.R. Squibb & Sons, L.L.C.",AZTREONAM,45.47,59.11,353,2028-03-05,IN_STOCK
0003-2814,"Orencia Injection, Solution",Decreased Cytokine Activity [PE],"E.R. Squibb & Sons, L.L.C.",abatacept,62.95,81.84,299,2027-09-05,IN_STOCK
0003-2818,"Orencia Injection, Solution",Decreased Cytokine Activity [PE],"E.R. Squibb & Sons, L.L.C.",abatacept,141.19,183.55,84,2027-06-25,IN_STOCK
0003-3120,"Opdivo Qvantig Injection, Solution",Endoglycosidase [EPC],"E.R. Squibb & Sons, L.L.C.",nivolumab and hyaluronidase-nvhy,30.89,40.16,160,2026-11-09,IN_STOCK
0003-3622,"Reyataz Capsule, Gelatin Coated",Cytochrome P450 2C8 Inhibitors [MoA],"E.R. Squibb & Sons, L.L.C.",ATAZANAVIR,20.72,26.94,247,2027-09-19,IN_STOCK
0003-3631,"Reyataz Capsule, Gelatin Coated",Cytochrome P450 2C8 Inhibitors [MoA],"E.R. Squibb & Sons, L.L.C.",ATAZANAVIR,110.64,143.83,185,2027-12-21,IN_STOCK
0003-3638,Reyataz Powder,Cytochrome P450 2C8 Inhibitors [MoA],"E.R. Squibb & Sons, L.L.C.",ATAZANAVIR,92.9,120.77,286,2027-01-27,IN_STOCK
0003-3641,Evotaz Tablet,Breast Cancer Resistance Protein Inhibitors [MoA],"E.R. Squibb & Sons, L.L.C.",atazanavir and cobicistat,60.85,79.11,320,2027-04-13,IN_STOCK
0003-3734,Opdivo Injection,Programmed Death Receptor-1 Blocking Antibody [EPC,"E.R. Squibb & Sons, L.L.C.",nivolumab,41.93,54.51,387,2027-12-21,IN_STOCK
0003-3756,Opdivo Injection,Programmed Death Receptor-1 Blocking Antibody [EPC,"E.R. Squibb & Sons, L.L.C.",nivolumab,5.25,6.83,300,2028-09-03,IN_STOCK
0003-3764,Eliquis Kit,General Medicine,"E.R. Squibb & Sons, L.L.C.",apixaban,109.32,142.12,368,2027-04-20,IN_STOCK
0003-3765,Eliquis Kit,General Medicine,"E.R. Squibb & Sons, L.L.C.",apixaban,57.81,75.15,60,2028-08-11,IN_STOCK
0003-3772,Opdivo Injection,Programmed Death Receptor-1 Blocking Antibody [EPC,"E.R. Squibb & Sons, L.L.C.",nivolumab,138.51,180.06,344,2027-08-18,IN_STOCK
0003-3774,Opdivo Injection,Programmed Death Receptor-1 Blocking Antibody [EPC,"E.R. Squibb & Sons, L.L.C.",nivolumab,101.19,131.55,88,2028-10-07,IN_STOCK
0003-4040,Augtyro Capsule,Cytochrome P450 3A4 Inducers [MoA],"E.R. Squibb & Sons, L.L.C.",repotrectinib,135.51,176.16,284,2027-08-13,IN_STOCK
0003-4160,Augtyro Capsule,Cytochrome P450 3A4 Inducers [MoA],"E.R. Squibb & Sons, L.L.C.",repotrectinib,101.7,132.21,192,2027-11-17,IN_STOCK
0003-4522,"Empliciti Injection, Powder, Lyophilized, For Solution",Antibodies,"E.R. Squibb & Sons, L.L.C.",elotuzumab,106.1,137.93,308,2027-02-08,IN_STOCK
0003-5150,Cobenfy Kit,General Medicine,"E.R. Squibb & Sons, L.L.C.",xanomeline and trospium chloride,32.82,42.67,365,2027-10-24,IN_STOCK
0003-5200,Cobenfy Kit,General Medicine,"E.R. Squibb & Sons, L.L.C.",xanomeline and trospium chloride,103.21,134.17,114,2028-06-22,IN_STOCK
0003-6120,"Opdivo Qvantig Injection, Solution",Endoglycosidase [EPC],"E.R. Squibb & Sons, L.L.C.",nivolumab and hyaluronidase-nvhy,87.52,113.78,232,2028-04-14,IN_STOCK
0003-7125,Opdualag Injection,Lymphocyte Activation Gene-3 Antagonists [MoA],"E.R. Squibb & Sons, L.L.C.",nivolumab and relatlimab-rmbw,125.89,163.66,180,2027-07-21,IN_STOCK
0004-0259,Cellcept Capsule,Antimetabolite Immunosuppressant [EPC],"Genentech, Inc.",Mycophenolate Mofetil,35.48,46.12,321,2028-06-13,IN_STOCK
0004-0260,"Cellcept Tablet, Film Coated",Antimetabolite Immunosuppressant [EPC],"Genentech, Inc.",Mycophenolate Mofetil,99.93,129.91,263,2027-12-27,IN_STOCK
0004-0261,"Cellcept Powder, For Suspension",Antimetabolite Immunosuppressant [EPC],"Genentech, Inc.",Mycophenolate Mofetil,69.11,89.84,134,2028-03-07,IN_STOCK
0004-0298,"Cellcept Injection, Powder, Lyophilized, For Solution",Antimetabolite Immunosuppressant [EPC],"Genentech, Inc.",Mycophenolate Mofetil hydrochloride,73.61,95.69,111,2028-08-05,IN_STOCK
0004-0800,Tamiflu Capsule,Neuraminidase Inhibitor [EPC],"Genentech, Inc.",oseltamivir phosphate,17.3,22.49,288,2028-08-10,IN_STOCK
0004-0802,Tamiflu Capsule,Neuraminidase Inhibitor [EPC],"Genentech, Inc.",oseltamivir phosphate,96.78,125.81,196,2027-01-04,IN_STOCK
0004-0822,"Tamiflu Powder, For Suspension",Neuraminidase Inhibitor [EPC],"Genentech, Inc.",Oseltamivir Phosphate,123.67,160.77,145,2028-08-19,IN_STOCK
0005-0100,"Trumenba Injection, Suspension",General Medicine,Wyeth Pharmaceutical Division Of Wyeth Holdings Llc,meningococcal group B vaccine,50.01,65.01,126,2027-02-28,IN_STOCK
0005-2000,"Prevnar 20 Injection, Suspension",Actively Acquired Immunity [PE],Wyeth Pharmaceutical Division Of Wyeth Holdings Llc,Pneumococcal 20-valent Conjugate Vaccine,8.54,11.1,150,2028-01-30,IN_STOCK
0006-0005,"Belsomra Tablet, Film Coated",Cytochrome P450 3A Inhibitors [MoA],Merck Sharp & Dohme Llc,suvorexant,93.63,121.72,62,2028-01-10,IN_STOCK
0006-0032,Stromectol Tablet,Antiparasitic [EPC],Merck Sharp & Dohme Llc,ivermectin,65.09,84.62,347,2028-05-12,IN_STOCK
0006-0033,"Belsomra Tablet, Film Coated",Cytochrome P450 3A Inhibitors [MoA],Merck Sharp & Dohme Llc,suvorexant,33.19,43.15,381,2027-10-29,IN_STOCK
0006-0078,"Janumet Tablet, Film Coated, Extended Release",Biguanide [EPC],Merck Sharp & Dohme Llc,sitagliptin and metformin hydrochloride,76.68,99.68,149,2027-03-01,IN_STOCK
0006-0080,"Janumet Tablet, Film Coated, Extended Release",Biguanide [EPC],Merck Sharp & Dohme Llc,sitagliptin and metformin hydrochloride,100.13,130.17,27,2028-11-07,IN_STOCK
0006-0081,"Janumet Tablet, Film Coated, Extended Release",Biguanide [EPC],Merck Sharp & Dohme Llc,sitagliptin and metformin hydrochloride,129.76,168.69,79,2028-12-06,IN_STOCK
0006-0112,"Januvia Tablet, Film Coated",Dipeptidyl Peptidase 4 Inhibitor [EPC],Merck Sharp & Dohme Llc,sitagliptin,66.65,86.65,115,2028-09-12,IN_STOCK
0006-0221,"Januvia Tablet, Film Coated",Dipeptidyl Peptidase 4 Inhibitor [EPC],Merck Sharp & Dohme Llc,sitagliptin,80.1,104.13,50,2028-04-23,IN_STOCK
0006-0227,"Isentress Tablet, Film Coated",HIV Integrase Inhibitors [MoA],Merck Sharp & Dohme Llc,RALTEGRAVIR,41.13,53.47,87,2028-01-11,IN_STOCK
0006-0277,"Januvia Tablet, Film Coated",Dipeptidyl Peptidase 4 Inhibitor [EPC],Merck Sharp & Dohme Llc,sitagliptin,24.33,31.63,262,2028-08-14,IN_STOCK
0006-0325,"Belsomra Tablet, Film Coated",Cytochrome P450 3A Inhibitors [MoA],Merck Sharp & Dohme Llc,suvorexant,82.01,106.61,311,2028-06-01,IN_STOCK
0006-0335,"Belsomra Tablet, Film Coated",Cytochrome P450 3A Inhibitors [MoA],Merck Sharp & Dohme Llc,suvorexant,51.01,66.31,251,2028-06-19,IN_STOCK
0006-0461,Emend Capsule,Cytochrome P450 2C9 Inducers [MoA],Merck Sharp & Dohme Llc,aprepitant,123.18,160.13,283,2027-12-11,IN_STOCK
0006-0462,Emend Capsule,Cytochrome P450 2C9 Inducers [MoA],Merck Sharp & Dohme Llc,aprepitant,125.43,163.06,305,2027-12-31,IN_STOCK
0006-0464,Emend Capsule,Cytochrome P450 2C9 Inducers [MoA],Merck Sharp & Dohme Llc,aprepitant,135.1,175.63,268,2028-01-04,IN_STOCK
0006-0473,"Isentress Tablet, Chewable",HIV Integrase Inhibitors [MoA],Merck Sharp & Dohme Llc,RALTEGRAVIR,42.58,55.35,151,2028-07-14,IN_STOCK
0006-0477,"Isentress Tablet, Chewable",HIV Integrase Inhibitors [MoA],Merck Sharp & Dohme Llc,RALTEGRAVIR,45.21,58.77,291,2028-02-09,IN_STOCK
0006-0568,Zolinza Capsule,Histone Deacetylase Inhibitor [EPC],Merck Sharp & Dohme Llc,vorinostat,95.88,124.64,165,2027-12-25,IN_STOCK
0006-0575,"Janumet Tablet, Film Coated",Biguanide [EPC],Merck Sharp & Dohme Llc,SITAGLIPTIN and METFORMIN HYDROCHLORIDE,16.24,21.11,171,2027-05-29,IN_STOCK
0006-0577,"Janumet Tablet, Film Coated",Biguanide [EPC],Merck Sharp & Dohme Llc,SITAGLIPTIN and METFORMIN HYDROCHLORIDE,44.4,57.72,188,2028-04-06,IN_STOCK
0006-3025,"Zinplava Injection, Solution",General Medicine,Merck Sharp & Dohme Llc,bezlotoxumab,16.68,21.68,102,2027-05-25,IN_STOCK
0006-3026,"Keytruda Injection, Solution",Programmed Death Receptor-1 Blocking Antibody [EPC,Merck Sharp & Dohme Llc,pembrolizumab,60.54,78.7,103,2028-09-23,IN_STOCK
0006-3061,"Emend Injection, Powder, Lyophilized, For Solution",Cytochrome P450 2C9 Inducers [MoA],Merck Sharp & Dohme Llc,FOSAPREPITANT DIMEGLUMINE,36.02,46.83,237,2027-11-22,IN_STOCK
0006-3066,"Emend Powder, For Suspension",Cytochrome P450 2C9 Inducers [MoA],Merck Sharp & Dohme Llc,aprepitant,52.98,68.87,263,2027-11-30,IN_STOCK
0006-3069,"Pifeltro Tablet, Film Coated",Human Immunodeficiency Virus 1 Non-Nucleoside Anal,Merck Sharp & Dohme Llc,doravirine,14.03,18.24,240,2027-11-03,IN_STOCK
0006-3074,"Zepatier Tablet, Film Coated",Breast Cancer Resistance Protein Inhibitors [MoA],Merck Sharp & Dohme Llc,elbasvir and grazoprevir,136.2,177.06,324,2028-09-12,IN_STOCK
0006-3075,"Prevymis Tablet, Film Coated",Cytochrome P450 2C19 Inducers [MoA],Merck Sharp & Dohme Llc,LETERMOVIR,7.83,10.18,319,2027-10-25,IN_STOCK
0006-3076,"Prevymis Tablet, Film Coated",Cytochrome P450 2C19 Inducers [MoA],Merck Sharp & Dohme Llc,LETERMOVIR,74.16,96.41,205,2027-08-02,IN_STOCK
0006-3080,"Isentress Tablet, Film Coated",HIV Integrase Inhibitors [MoA],Merck Sharp & Dohme Llc,RALTEGRAVIR,114.25,148.53,239,2028-04-04,IN_STOCK
0006-3083,"Keytruda Qlex Injection, Solution",Endoglycosidase [EPC],Merck Sharp & Dohme Llc,pembrolizumab and berahyaluronidase alfa-pmph,113.39,147.41,304,2028-12-28,IN_STOCK
0006-3516,"Primaxin Injection, Powder, For Solution",Carbapenems [CS],Merck Sharp & Dohme Llc,imipenem and cilastatin sodium,92.47,120.21,137,2028-02-12,IN_STOCK
0006-3603,"Isentress Granule, For Suspension",HIV Integrase Inhibitors [MoA],Merck Sharp & Dohme Llc,RALTEGRAVIR,36.82,47.87,248,2028-02-10,IN_STOCK
0006-3822,"Cancidas Injection, Powder, Lyophilized, For Solution",Echinocandin Antifungal [EPC],Merck Sharp & Dohme Llc,CASPOFUNGIN ACETATE,9.21,11.97,197,2028-08-15,IN_STOCK
0006-3823,"Cancidas Injection, Powder, Lyophilized, For Solution",Echinocandin Antifungal [EPC],Merck Sharp & Dohme Llc,CASPOFUNGIN ACETATE,103.48,134.52,232,2028-10-11,IN_STOCK
0006-3843,"Invanz Injection, Powder, Lyophilized, For Solution",Carbapenems [CS],Merck Sharp & Dohme Llc,ertapenem sodium,28.93,37.61,264,2027-02-08,IN_STOCK
0006-3856,"Recarbrio Injection, Powder, For Solution",Carbapenems [CS],Merck Sharp & Dohme Llc,"imipenem anhydrous, cilastatin, and relebactam anhydrous",147.2,191.36,298,2026-10-28,IN_STOCK
0006-3862,Emend Kit,General Medicine,Merck Sharp & Dohme Llc,aprepitant,136.5,177.45,328,2028-04-30,IN_STOCK
0006-4045,"Gardasil Injection, Suspension",Actively Acquired Immunity [PE],Merck Sharp & Dohme Llc,"Human Papillomavirus Quadrivalent (Types 6, 11, 16, and 18) Vaccine, Recombinant",101.13,131.47,67,2028-07-20,IN_STOCK
0006-4047,Rotateq Solution,Actively Acquired Immunity [PE],Merck Sharp & Dohme Llc,"Rotavirus Vaccine, Live, Oral, Pentavalent",67.15,87.3,261,2027-04-05,IN_STOCK
0006-4093,"Recombivax Hb Injection, Suspension",Actively Acquired Immunity [PE],Merck Sharp & Dohme Llc,Hepatitis B Vaccine (Recombinant),12.29,15.98,219,2027-09-01,IN_STOCK
0006-4094,"Recombivax Hb Injection, Suspension",Actively Acquired Immunity [PE],Merck Sharp & Dohme Llc,Hepatitis B Vaccine (Recombinant),35.69,46.4,192,2027-09-11,IN_STOCK
0006-4095,"Vaqta Injection, Suspension",Actively Acquired Immunity [PE],Merck Sharp & Dohme Llc,"hepatitis A vaccine, inactivated",115.38,149.99,219,2027-07-12,IN_STOCK
0006-4096,"Vaqta Injection, Suspension",Actively Acquired Immunity [PE],Merck Sharp & Dohme Llc,"hepatitis A vaccine, inactivated",114.04,148.25,240,2027-06-16,IN_STOCK
0006-4109,"Gardasil Injection, Suspension",Actively Acquired Immunity [PE],Merck Sharp & Dohme Llc,"Human Papillomavirus Quadrivalent (Types 6, 11, 16, and 18) Vaccine, Recombinant",126.06,163.88,265,2026-10-20,IN_STOCK
0006-4119,"Gardasil 9 Injection, Suspension",Actively Acquired Immunity [PE],Merck Sharp & Dohme Llc,"Human Papillomavirus 9-valent Vaccine, Recombinant",113.61,147.69,51,2027-09-24,IN_STOCK
0006-4121,"Gardasil 9 Injection, Suspension",Actively Acquired Immunity [PE],Merck Sharp & Dohme Llc,"Human Papillomavirus 9-valent Vaccine, Recombinant",37.51,48.76,60,2028-12-08,IN_STOCK
0006-4171,"Proquad Injection, Powder, Lyophilized, For Suspension",Actively Acquired Immunity [PE],Merck Sharp & Dohme Llc,"Measles, Mumps, Rubella and Varicella Virus Vaccine Live",143.81,186.95,45,2028-11-11,IN_STOCK
0006-4175,Sterile Diluent Injection,General Medicine,Merck Sharp & Dohme Llc,Sterile Water,9.5,12.35,151,2027-04-23,IN_STOCK
0006-4293,"Ervebo Injection, Solution",General Medicine,Merck Sharp & Dohme Llc,ZAIRE EBOLAVIRUS (STRAIN KIKWIT-95) ENVELOPE GLYCOPROTEIN,126.69,164.7,343,2027-03-06,IN_STOCK
0006-4309,Sterile Diluent Injection,General Medicine,Merck Sharp & Dohme Llc,Sterile Water,39.59,51.47,267,2028-08-16,IN_STOCK
0006-4329,"Vaxneuvance Injection, Suspension",Actively Acquired Immunity [PE],Merck Sharp & Dohme Llc,Pneumococcal 15-valent Conjugate Vaccine CRM197 Protein adsorbed,21.59,28.07,136,2028-01-20,IN_STOCK
0006-4347,"Capvaxive Injection, Solution",Actively Acquired Immunity [PE],Merck Sharp & Dohme Llc,Pneumococcal 21-valent Conjugate Vaccine,106.42,138.35,213,2027-03-21,IN_STOCK
0006-4681,"M-M-R Ii Injection, Powder, Lyophilized, For Suspension",Actively Acquired Immunity [PE],Merck Sharp & Dohme Llc,"measles, mumps, and rubella virus vaccine live",92.85,120.7,392,2027-01-26,IN_STOCK
0006-4827,"Varivax Injection, Powder, Lyophilized, For Suspension",Actively Acquired Immunity [PE],Merck Sharp & Dohme Llc,Varicella Virus Vaccine Live,117.78,153.11,108,2027-08-15,IN_STOCK
0006-4831,"Vaqta Injection, Suspension",Actively Acquired Immunity [PE],Merck Sharp & Dohme Llc,"hepatitis A vaccine, inactivated",20.67,26.87,38,2027-08-16,IN_STOCK
0006-4837,"Pneumovax 23 Injection, Solution",Actively Acquired Immunity [PE],Merck Sharp & Dohme Llc,pneumococcal vaccine polyvalent,88.49,115.04,217,2027-11-11,IN_STOCK
0006-4841,"Vaqta Injection, Suspension",Actively Acquired Immunity [PE],Merck Sharp & Dohme Llc,"hepatitis A vaccine, inactivated",141.51,183.96,126,2026-12-17,IN_STOCK
0006-4897,"Pedvaxhib Injection, Suspension",Actively Acquired Immunity [PE],Merck Sharp & Dohme Llc,Haemophilus b Conjugate Vaccine (Meningococcal Protein Conjugate),90.85,118.1,346,2027-06-06,IN_STOCK
0006-4943,"Pneumovax 23 Injection, Solution",Actively Acquired Immunity [PE],Merck Sharp & Dohme Llc,pneumococcal vaccine polyvalent,19.78,25.71,179,2028-08-31,IN_STOCK
0006-4981,"Recombivax Hb Injection, Suspension",Actively Acquired Immunity [PE],Merck Sharp & Dohme Llc,Hepatitis B Vaccine (Recombinant),92.06,119.68,86,2028-12-24,IN_STOCK
0006-4992,"Recombivax Hb Injection, Suspension",Actively Acquired Immunity [PE],Merck Sharp & Dohme Llc,Hepatitis B Vaccine (Recombinant),147.66,191.96,46,2027-09-21,IN_STOCK
0006-4995,"Recombivax Hb Injection, Suspension",Actively Acquired Immunity [PE],Merck Sharp & Dohme Llc,Hepatitis B Vaccine (Recombinant),82.25,106.92,363,2027-10-15,IN_STOCK
0006-5003,"Prevymis Injection, Solution",Cytochrome P450 2C19 Inducers [MoA],Merck Sharp & Dohme Llc,LETERMOVIR,15.0,19.5,356,2027-09-15,IN_STOCK
0006-5004,"Prevymis Injection, Solution",Cytochrome P450 2C19 Inducers [MoA],Merck Sharp & Dohme Llc,LETERMOVIR,6.83,8.88,240,2028-02-14,IN_STOCK
0006-5007,"Delstrigo Tablet, Film Coated",Hepatitis B Virus Nucleoside Analog Reverse Transc,Merck Sharp & Dohme Llc,"doravirine, lamivudine, and tenofovir disoproxil fumarate",20.3,26.39,210,2028-07-12,IN_STOCK
0006-5028,"Verquvo Tablet, Film Coated",Guanylate Cyclase Stimulators [MoA],Merck Sharp & Dohme Llc,vericiguat,134.28,174.56,260,2028-09-24,IN_STOCK
0006-5029,"Verquvo Tablet, Film Coated",Guanylate Cyclase Stimulators [MoA],Merck Sharp & Dohme Llc,vericiguat,27.18,35.33,115,2028-10-21,IN_STOCK
0006-5030,"Verquvo Tablet, Film Coated",Guanylate Cyclase Stimulators [MoA],Merck Sharp & Dohme Llc,vericiguat,80.65,104.85,358,2027-07-04,IN_STOCK
0006-5073,"Enflonsia Injection, Solution",General Medicine,Merck Sharp & Dohme Llc,CLESROVIMAB,94.31,122.6,300,2028-12-02,IN_STOCK
0006-5083,"Keytruda Qlex Injection, Solution",Endoglycosidase [EPC],Merck Sharp & Dohme Llc,pembrolizumab and berahyaluronidase alfa-pmph,75.11,97.64,248,2028-10-18,IN_STOCK
0006-5085,Prevymis Pellet,Cytochrome P450 2C19 Inducers [MoA],Merck Sharp & Dohme Llc,LETERMOVIR,90.91,118.18,190,2027-06-09,IN_STOCK
0006-5086,Prevymis Pellet,Cytochrome P450 2C19 Inducers [MoA],Merck Sharp & Dohme Llc,LETERMOVIR,125.46,163.1,69,2027-07-13,IN_STOCK
0006-5087,Winrevair Kit,General Medicine,Merck Sharp & Dohme Llc,SOTATERCEPT-CSRK,132.84,172.69,149,2028-11-07,IN_STOCK
0006-5088,Winrevair Kit,General Medicine,Merck Sharp & Dohme Llc,SOTATERCEPT-CSRK,72.38,94.09,337,2028-08-15,IN_STOCK
0006-5090,Winrevair Kit,General Medicine,Merck Sharp & Dohme Llc,SOTATERCEPT-CSRK,59.95,77.94,39,2028-02-19,IN_STOCK
0006-5091,Winrevair Kit,General Medicine,Merck Sharp & Dohme Llc,SOTATERCEPT-CSRK,128.39,166.91,118,2028-02-12,IN_STOCK
0006-5331,"Welireg Tablet, Film Coated",Cytochrome P450 3A4 Inducers [MoA],Merck Sharp & Dohme Llc,belzutifan,35.76,46.49,157,2027-09-14,IN_STOCK
0006-5363,"Steglatro Tablet, Film Coated",General Medicine,Merck Sharp & Dohme Llc,ertugliflozin,45.55,59.21,330,2028-09-18,IN_STOCK
0006-5364,"Steglatro Tablet, Film Coated",General Medicine,Merck Sharp & Dohme Llc,ertugliflozin,132.62,172.41,309,2026-10-11,IN_STOCK
0006-5367,"Steglujan Tablet, Film Coated",Dipeptidyl Peptidase 4 Inhibitor [EPC],Merck Sharp & Dohme Llc,ertugliflozin and sitagliptin,79.91,103.88,122,2026-12-27,IN_STOCK
0006-5368,"Steglujan Tablet, Film Coated",Dipeptidyl Peptidase 4 Inhibitor [EPC],Merck Sharp & Dohme Llc,ertugliflozin and sitagliptin,40.0,52.0,233,2028-02-13,IN_STOCK
0006-5369,"Segluromet Tablet, Film Coated",Biguanide [EPC],Merck Sharp & Dohme Llc,ertugliflozin and metformin hydrochloride,85.5,111.15,148,2028-09-07,IN_STOCK
0006-5370,"Segluromet Tablet, Film Coated",Biguanide [EPC],Merck Sharp & Dohme Llc,ertugliflozin and metformin hydrochloride,74.03,96.24,389,2028-02-15,IN_STOCK
0006-5373,"Segluromet Tablet, Film Coated",Biguanide [EPC],Merck Sharp & Dohme Llc,ertugliflozin and metformin hydrochloride,69.99,90.99,33,2027-01-04,IN_STOCK
0006-5374,"Segluromet Tablet, Film Coated",Biguanide [EPC],Merck Sharp & Dohme Llc,ertugliflozin and metformin hydrochloride,47.66,61.96,232,2028-09-08,IN_STOCK
0006-5423,"Bridion Injection, Solution",gamma-Cyclodextrins [CS],Merck Sharp & Dohme Llc,sugammadex,40.28,52.36,364,2028-05-18,IN_STOCK
0006-5424,Antivenin Kit,General Medicine,Merck Sharp & Dohme Llc,Latrodectus mactans,58.51,76.06,308,2028-03-27,IN_STOCK
0006-5425,"Bridion Injection, Solution",gamma-Cyclodextrins [CS],Merck Sharp & Dohme Llc,sugammadex,54.84,71.29,306,2027-09-04,IN_STOCK
0008-0100,"Besponsa Injection, Powder, Lyophilized, For Solution",CD22-directed Antibody Interactions [MoA],"Wyeth Pharmaceuticals Llc, A Subsidiary Of Pfizer Inc.",inotuzumab ozogamicin,56.01,72.81,257,2027-07-05,IN_STOCK
0008-0423,"North American Coral Snake Antivenin (Equine) Injection, Powder, For Solution",General Medicine,"Wyeth Pharmaceuticals Llc, A Subsidiary Of Pfizer Inc.",Coral Snake (Micrurus Fulvius) Immune Globulin Antivenin (Equine),49.46,64.3,143,2027-02-01,IN_STOCK
0008-0841,"Protonix Tablet, Delayed Release",Proton Pump Inhibitor [EPC],"Wyeth Pharmaceuticals Llc, A Subsidiary Of Pfizer Inc.",PANTOPRAZOLE SODIUM,109.59,142.47,186,2027-01-31,IN_STOCK
0008-0843,"Protonix Tablet, Delayed Release",Proton Pump Inhibitor [EPC],"Wyeth Pharmaceuticals Llc, A Subsidiary Of Pfizer Inc.",PANTOPRAZOLE SODIUM,112.72,146.54,378,2027-04-08,IN_STOCK
0008-0844,"Protonix Granule, Delayed Release",Proton Pump Inhibitor [EPC],"Wyeth Pharmaceuticals Llc, A Subsidiary Of Pfizer Inc.",PANTOPRAZOLE SODIUM,32.77,42.6,272,2027-07-11,IN_STOCK
0008-0923,"Protonix Injection, Powder, For Solution",Proton Pump Inhibitor [EPC],"Wyeth Pharmaceuticals Llc, A Subsidiary Of Pfizer Inc.",PANTOPRAZOLE SODIUM,110.06,143.08,293,2028-06-03,IN_STOCK
0008-1123,"Duavee Tablet, Film Coated",Estrogen Agonist/Antagonist [EPC],"Wyeth Pharmaceuticals Llc, A Subsidiary Of Pfizer Inc.",conjugated estrogens/bazedoxifene,46.03,59.84,76,2027-04-17,IN_STOCK
0008-1179,Torisel Kit,General Medicine,"Wyeth Pharmaceuticals Llc, A Subsidiary Of Pfizer Inc.",temsirolimus,47.96,62.35,209,2027-04-02,IN_STOCK
0008-1210,"Pristiq Tablet, Extended Release",Cytochrome P450 2D6 Inhibitors [MoA],"Wyeth Pharmaceuticals Llc, A Subsidiary Of Pfizer Inc.",desvenlafaxine succinate,48.83,63.48,387,2028-03-30,IN_STOCK
0008-1211,"Pristiq Tablet, Extended Release",Cytochrome P450 2D6 Inhibitors [MoA],"Wyeth Pharmaceuticals Llc, A Subsidiary Of Pfizer Inc.",desvenlafaxine succinate,23.35,30.36,48,2026-11-25,IN_STOCK
0008-1222,"Pristiq Tablet, Extended Release",Cytochrome P450 2D6 Inhibitors [MoA],"Wyeth Pharmaceuticals Llc, A Subsidiary Of Pfizer Inc.",desvenlafaxine succinate,85.24,110.81,382,2027-02-07,IN_STOCK
0008-4001,"Protonix Injection, Powder, For Solution",Proton Pump Inhibitor [EPC],"Wyeth Pharmaceuticals Llc, A Subsidiary Of Pfizer Inc.",PANTOPRAZOLE SODIUM,97.49,126.74,276,2027-01-14,IN_STOCK
0008-4510,"Mylotarg Injection, Powder, Lyophilized, For Solution",CD33-directed Antibody Interactions [MoA],"Wyeth Pharmaceuticals Llc, A Subsidiary Of Pfizer Inc.",gemtuzumab ozogamicin,131.54,171.0,318,2027-07-19,IN_STOCK
0008-4990,"Tygacil Injection, Powder, Lyophilized, For Solution",Tetracycline-class Antibacterial [EPC],"Wyeth Pharmaceuticals Llc, A Subsidiary Of Pfizer Inc.",TIGECYCLINE,73.06,94.98,250,2027-09-14,IN_STOCK
0008-4994,"Tygacil Injection, Powder, Lyophilized, For Solution",Tetracycline-class Antibacterial [EPC],"Wyeth Pharmaceuticals Llc, A Subsidiary Of Pfizer Inc.",TIGECYCLINE,31.73,41.25,51,2027-06-16,IN_STOCK
0009-0003,"Solu-Medrol Injection, Powder, For Solution",Corticosteroid Hormone Receptor Agonists [MoA],Pharmacia & Upjohn Company Llc,methylprednisolone sodium succinate,141.45,183.88,269,2027-01-25,IN_STOCK
0009-0005,"Solu-Cortef Injection, Powder, For Solution",Corticosteroid Hormone Receptor Agonists [MoA],Pharmacia & Upjohn Company Llc,hydrocortisone sodium succinate,124.21,161.47,230,2028-02-16,IN_STOCK
0009-0011,"Solu-Cortef Injection, Powder, For Solution",Corticosteroid Hormone Receptor Agonists [MoA],Pharmacia & Upjohn Company Llc,hydrocortisone sodium succinate,15.74,20.46,347,2028-09-02,IN_STOCK
0009-0012,Cortef Tablet,Corticosteroid Hormone Receptor Agonists [MoA],Pharmacia & Upjohn Company Llc,hydrocortisone,12.77,16.6,101,2028-04-29,IN_STOCK
0009-0013,"Solu-Cortef Injection, Powder, For Solution",Corticosteroid Hormone Receptor Agonists [MoA],Pharmacia & Upjohn Company Llc,hydrocortisone sodium succinate,142.62,185.41,68,2027-06-12,IN_STOCK
0009-0016,"Solu-Cortef Injection, Powder, For Solution",Corticosteroid Hormone Receptor Agonists [MoA],Pharmacia & Upjohn Company Llc,hydrocortisone sodium succinate,22.18,28.83,238,2028-06-12,IN_STOCK
0009-0018,"Solu-Medrol Injection, Powder, For Solution",Corticosteroid Hormone Receptor Agonists [MoA],Pharmacia & Upjohn Company Llc,methylprednisolone sodium succinate,91.44,118.87,341,2027-05-20,IN_STOCK
0009-0020,Medrol Tablet,Corticosteroid Hormone Receptor Agonists [MoA],Pharmacia & Upjohn Company Llc,methylprednisolone,117.48,152.72,219,2028-01-05,IN_STOCK
0009-0022,Medrol Tablet,Corticosteroid Hormone Receptor Agonists [MoA],Pharmacia & Upjohn Company Llc,methylprednisolone,136.73,177.75,177,2028-05-25,IN_STOCK
0009-0029,Xanax Tablet,Benzodiazepine [EPC],Pharmacia & Upjohn Company Llc,alprazolam,148.55,193.12,181,2028-05-05,IN_STOCK
0009-0031,Cortef Tablet,Corticosteroid Hormone Receptor Agonists [MoA],Pharmacia & Upjohn Company Llc,hydrocortisone,95.05,123.56,337,2028-10-27,IN_STOCK
0009-0039,"Solu-Medrol Injection, Powder, For Solution",Corticosteroid Hormone Receptor Agonists [MoA],Pharmacia & Upjohn Company Llc,methylprednisolone sodium succinate,19.39,25.21,131,2028-07-02,IN_STOCK
0009-0044,Cortef Tablet,Corticosteroid Hormone Receptor Agonists [MoA],Pharmacia & Upjohn Company Llc,hydrocortisone,35.6,46.28,363,2026-12-23,IN_STOCK
0009-0047,"Solu-Medrol Injection, Powder, For Solution",Corticosteroid Hormone Receptor Agonists [MoA],Pharmacia & Upjohn Company Llc,methylprednisolone sodium succinate,27.77,36.1,113,2028-04-18,IN_STOCK
0009-0051,Provera Tablet,Progesterone Congeners [CS],Pharmacia & Upjohn Company Llc,medroxyprogesterone acetate,15.88,20.64,26,2027-11-23,IN_STOCK
0009-0056,Medrol Tablet,Corticosteroid Hormone Receptor Agonists [MoA],Pharmacia & Upjohn Company Llc,methylprednisolone,70.32,91.42,329,2028-01-25,IN_STOCK
0009-0065,Provera Tablet,Progesterone Congeners [CS],Pharmacia & Upjohn Company Llc,medroxyprogesterone acetate,47.23,61.4,143,2027-07-23,IN_STOCK
0009-0073,Medrol Tablet,Corticosteroid Hormone Receptor Agonists [MoA],Pharmacia & Upjohn Company Llc,methylprednisolone,107.51,139.76,384,2028-01-08,IN_STOCK
0009-0082,"Camptosar Injection, Solution",Topoisomerase Inhibitor [EPC],Pharmacia & Upjohn Company Llc,irinotecan hydrochloride,15.32,19.92,144,2027-06-28,IN_STOCK
0009-0085,"Depo-Testosterone Injection, Solution",Androgen Receptor Agonists [MoA],Pharmacia & Upjohn Company Llc,testosterone cypionate,119.24,155.01,345,2028-05-26,IN_STOCK
0009-0086,"Depo-Testosterone Injection, Solution",Androgen Receptor Agonists [MoA],Pharmacia & Upjohn Company Llc,testosterone cypionate,100.87,131.13,126,2027-12-10,IN_STOCK
0009-0090,Xanax Tablet,Benzodiazepine [EPC],Pharmacia & Upjohn Company Llc,alprazolam,21.64,28.13,140,2028-07-25,IN_STOCK
0009-0094,Xanax Tablet,Benzodiazepine [EPC],Pharmacia & Upjohn Company Llc,alprazolam,26.6,34.58,161,2027-02-23,IN_STOCK
0009-0104,"Lincocin Injection, Solution",General Medicine,Pharmacia & Upjohn Company Llc,lincomycin hydrochloride,15.35,19.96,109,2028-12-20,IN_STOCK
0009-0107,"Lincocin Injection, Solution",General Medicine,Pharmacia & Upjohn Company Llc,lincomycin hydrochloride,49.6,64.48,316,2027-07-23,IN_STOCK
0009-0112,"Camptosar Injection, Solution",Topoisomerase Inhibitor [EPC],Pharmacia & Upjohn Company Llc,irinotecan hydrochloride,68.68,89.28,264,2028-09-05,IN_STOCK
0009-0215,"Prostin Injection, Solution",Genitourinary Arterial Vasodilation [PE],Pharmacia & Upjohn Company Llc,alprostadil,49.09,63.82,231,2027-07-06,IN_STOCK
0009-0225,Cleocin Hydrochloride Capsule,Decreased Sebaceous Gland Activity [PE],Pharmacia & Upjohn Company Llc,clindamycin hydrochloride,77.57,100.84,277,2027-12-23,IN_STOCK
0009-0260,"Colestid Granule, For Suspension",Bile Acid Sequestrant [EPC],Pharmacia & Upjohn Company Llc,Colestipol Hydrochloride,16.66,21.66,45,2027-12-17,IN_STOCK
0009-0271,Depo-Estradiol Injection,Estradiol Congeners [CS],Pharmacia & Upjohn Company Llc,estradiol cypionate,111.51,144.96,334,2027-06-14,IN_STOCK
0009-0274,"Depo-Medrol Injection, Suspension",Corticosteroid Hormone Receptor Agonists [MoA],Pharmacia & Upjohn Company Llc,methylprednisolone acetate,8.75,11.38,142,2028-08-21,IN_STOCK
0009-0280,"Depo-Medrol Injection, Suspension",Corticosteroid Hormone Receptor Agonists [MoA],Pharmacia & Upjohn Company Llc,methylprednisolone acetate,126.21,164.07,319,2028-05-24,IN_STOCK
0009-0287,Provera Tablet,Progesterone Congeners [CS],Pharmacia & Upjohn Company Llc,medroxyprogesterone acetate,142.86,185.72,369,2027-07-03,IN_STOCK
0009-0306,"Depo-Medrol Injection, Suspension",Corticosteroid Hormone Receptor Agonists [MoA],Pharmacia & Upjohn Company Llc,methylprednisolone acetate,88.56,115.13,114,2028-01-25,IN_STOCK
0009-0331,Cleocin Hydrochloride Capsule,Decreased Sebaceous Gland Activity [PE],Pharmacia & Upjohn Company Llc,clindamycin hydrochloride,80.25,104.33,251,2027-07-12,IN_STOCK
0009-0347,"Depo-Testosterone Injection, Solution",Androgen Receptor Agonists [MoA],Pharmacia & Upjohn Company Llc,testosterone cypionate,31.32,40.72,324,2027-12-21,IN_STOCK
0009-0395,Cleocin Hydrochloride Capsule,Decreased Sebaceous Gland Activity [PE],Pharmacia & Upjohn Company Llc,clindamycin hydrochloride,97.04,126.15,276,2027-01-02,IN_STOCK
0009-0417,"Depo-Testosterone Injection, Solution",Androgen Receptor Agonists [MoA],Pharmacia & Upjohn Company Llc,testosterone cypionate,73.15,95.1,234,2027-09-07,IN_STOCK
0009-0436,"R-Gene Injection, Solution",General Medicine,Pharmacia & Upjohn Company Llc,Arginine Hydrochloride,51.55,67.02,78,2027-03-14,IN_STOCK
0009-0450,Colestid Tablet,Bile Acid Sequestrant [EPC],Pharmacia & Upjohn Company Llc,Colestipol Hydrochloride,52.82,68.67,380,2028-02-20,IN_STOCK
0009-0698,"Solu-Medrol Injection, Powder, For Solution",Corticosteroid Hormone Receptor Agonists [MoA],Pharmacia & Upjohn Company Llc,methylprednisolone sodium succinate,46.79,60.83,230,2028-11-17,IN_STOCK
0009-0746,"Depo-Provera Injection, Suspension",Progesterone Congeners [CS],Pharmacia & Upjohn Company Llc,medroxyprogesterone acetate,84.76,110.19,257,2026-12-30,IN_STOCK
0009-0758,"Solu-Medrol Injection, Powder, For Solution",Corticosteroid Hormone Receptor Agonists [MoA],Pharmacia & Upjohn Company Llc,methylprednisolone sodium succinate,50.6,65.78,190,2027-01-27,IN_STOCK
0009-0760,"Cleocin Pediatric Granule, For Solution",Decreased Sebaceous Gland Activity [PE],Pharmacia & Upjohn Company Llc,clindamycin palmitate hydrochloride,145.68,189.38,231,2028-03-10,IN_STOCK
0009-0775,"Cleocin Phosphate Injection, Solution",Decreased Sebaceous Gland Activity [PE],Pharmacia & Upjohn Company Llc,clindamycin phosphate,124.61,161.99,25,2028-08-04,IN_STOCK
0009-0825,"Solu-Cortef Injection, Powder, For Solution",Corticosteroid Hormone Receptor Agonists [MoA],Pharmacia & Upjohn Company Llc,hydrocortisone sodium succinate,131.06,170.38,261,2027-11-28,IN_STOCK
0009-0850,"Solu-Medrol Injection, Powder, For Solution",Corticosteroid Hormone Receptor Agonists [MoA],Pharmacia & Upjohn Company Llc,methylprednisolone sodium succinate,12.86,16.72,290,2027-10-06,IN_STOCK
0009-0856,"Hemabate Injection, Solution",Prostaglandin Analog [EPC],Pharmacia & Upjohn Company Llc,carboprost tromethamine,95.28,123.86,280,2028-07-02,IN_STOCK
0009-0870,"Cleocin Phosphate Injection, Solution",Decreased Sebaceous Gland Activity [PE],Pharmacia & Upjohn Company Llc,clindamycin phosphate,69.1,89.83,51,2027-04-27,IN_STOCK
0009-0902,"Cleocin Phosphate Injection, Solution",Decreased Sebaceous Gland Activity [PE],Pharmacia & Upjohn Company Llc,clindamycin phosphate,43.72,56.84,92,2027-07-22,IN_STOCK
0009-3051,"Cleocin Phosphate Injection, Solution",Decreased Sebaceous Gland Activity [PE],Pharmacia & Upjohn Company Llc,clindamycin phosphate,68.53,89.09,382,2028-02-09,IN_STOCK
0009-3073,"Depo-Medrol Injection, Suspension",Corticosteroid Hormone Receptor Agonists [MoA],Pharmacia & Upjohn Company Llc,methylprednisolone acetate,22.61,29.39,347,2028-06-15,IN_STOCK
0009-3169,"Prostin Injection, Solution",Genitourinary Arterial Vasodilation [PE],Pharmacia & Upjohn Company Llc,alprostadil,120.9,157.17,388,2027-03-12,IN_STOCK
0009-3329,Cleocin T Lotion,Decreased Sebaceous Gland Activity [PE],Pharmacia & Upjohn Company Llc,clindamycin phosphate,50.06,65.08,32,2028-04-18,IN_STOCK
0009-3359,Prepidil Gel,Prostaglandin Analog [EPC],Pharmacia & Upjohn Company Llc,dinoprostone,64.16,83.41,140,2027-01-25,IN_STOCK
0009-3448,Cleocin Cream,Decreased Sebaceous Gland Activity [PE],Pharmacia & Upjohn Company Llc,clindamycin phosphate,71.91,93.48,85,2028-07-25,IN_STOCK
0009-3475,"Depo-Medrol Injection, Suspension",Corticosteroid Hormone Receptor Agonists [MoA],Pharmacia & Upjohn Company Llc,methylprednisolone acetate,125.66,163.36,280,2028-10-03,IN_STOCK
0009-3701,"Caverject Injection, Powder, Lyophilized, For Solution",Genitourinary Arterial Vasodilation [PE],Pharmacia & Upjohn Company Llc,Alprostadil,47.32,61.52,386,2027-07-07,IN_STOCK
0009-3794,"Corvert Injection, Solution",Antiarrhythmic [EPC],Pharmacia & Upjohn Company Llc,ibutilide fumarate,65.25,84.83,272,2028-01-27,IN_STOCK
0009-4073,"Cleocin Phosphate Injection, Solution",Decreased Sebaceous Gland Activity [PE],Pharmacia & Upjohn Company Llc,clindamycin phosphate,40.34,52.44,307,2027-02-26,IN_STOCK
0009-4709,"Depo-Subq Provera Injection, Suspension",Progesterone Congeners [CS],Pharmacia & Upjohn Company Llc,medroxyprogesterone acetate,60.62,78.81,331,2028-03-04,IN_STOCK
0009-5091,"Ellence Injection, Solution",Anthracycline Topoisomerase Inhibitor [EPC],Pharmacia & Upjohn Company Llc,epirubicin hydrochloride,113.21,147.17,94,2026-12-11,IN_STOCK
0009-5093,"Ellence Injection, Solution",Anthracycline Topoisomerase Inhibitor [EPC],Pharmacia & Upjohn Company Llc,epirubicin hydrochloride,45.06,58.58,237,2027-09-14,IN_STOCK
0009-5095,"Cleocin Phosphate Injection, Solution",Decreased Sebaceous Gland Activity [PE],Pharmacia & Upjohn Company Llc,clindamycin phosphate,140.47,182.61,284,2027-07-01,IN_STOCK
0009-5136,"Zyvox Granule, For Suspension",Oxazolidinone Antibacterial [EPC],Pharmacia & Upjohn Company Llc,linezolid,123.98,161.17,169,2028-10-13,IN_STOCK
0009-5138,"Zyvox Tablet, Film Coated",Oxazolidinone Antibacterial [EPC],Pharmacia & Upjohn Company Llc,linezolid,48.29,62.78,325,2028-05-16,IN_STOCK
0009-5140,"Zyvox Injection, Solution",Oxazolidinone Antibacterial [EPC],Pharmacia & Upjohn Company Llc,linezolid,149.84,194.79,275,2027-03-02,IN_STOCK
0009-5181,"Caverject Impulse Injection, Powder, Lyophilized, For Solution",Genitourinary Arterial Vasodilation [PE],Pharmacia & Upjohn Company Llc,Alprostadil,69.75,90.67,272,2027-09-19,IN_STOCK
0009-5182,"Caverject Impulse Injection, Powder, Lyophilized, For Solution",Genitourinary Arterial Vasodilation [PE],Pharmacia & Upjohn Company Llc,Alprostadil,53.2,69.16,303,2027-10-22,IN_STOCK
0009-5401,"Nicotrol Spray, Metered",Cholinergic Nicotinic Agonist [EPC],Pharmacia & Upjohn Company Llc,nicotine,71.02,92.33,189,2027-04-12,IN_STOCK
0009-7166,Somavert Kit,General Medicine,Pharmacia & Upjohn Company Llc,pegvisomant,147.21,191.37,147,2028-05-08,IN_STOCK
0009-7168,Somavert Kit,General Medicine,Pharmacia & Upjohn Company Llc,pegvisomant,60.53,78.69,235,2026-11-14,IN_STOCK
0009-7188,Somavert Kit,General Medicine,Pharmacia & Upjohn Company Llc,pegvisomant,51.14,66.48,267,2028-09-22,IN_STOCK
0009-7199,Somavert Kit,General Medicine,Pharmacia & Upjohn Company Llc,pegvisomant,137.45,178.69,220,2027-10-31,IN_STOCK
0009-7200,Somavert Kit,General Medicine,Pharmacia & Upjohn Company Llc,pegvisomant,148.32,192.82,358,2027-03-05,IN_STOCK
0009-7224,"Atgam Injection, Solution",Antibody-Surface Protein Interactions [MoA],Pharmacia & Upjohn Company Llc,EQUINE THYMOCYTE IMMUNE GLOBULIN,76.82,99.87,43,2027-02-07,IN_STOCK
0009-7376,"Depo-Provera Injection, Suspension",Progesterone Congeners [CS],Pharmacia & Upjohn Company Llc,medroxyprogesterone acetate,77.83,101.18,327,2027-09-05,IN_STOCK
0009-7529,"Camptosar Injection, Solution",Topoisomerase Inhibitor [EPC],Pharmacia & Upjohn Company Llc,irinotecan hydrochloride,131.11,170.44,250,2027-01-11,IN_STOCK
0009-7663,Aromasin Tablet,Aromatase Inhibitor [EPC],Pharmacia & Upjohn Company Llc,exemestane,81.26,105.64,258,2026-10-16,IN_STOCK
0009-7667,Cleocin Suppository,Decreased Sebaceous Gland Activity [PE],Pharmacia & Upjohn Company Llc,clindamycin phosphate,109.75,142.68,234,2028-08-01,IN_STOCK
0009-7686,"Caverject Injection, Powder, Lyophilized, For Solution",Genitourinary Arterial Vasodilation [PE],Pharmacia & Upjohn Company Llc,Alprostadil,145.64,189.33,63,2028-01-24,IN_STOCK
0009-7807,"Zyvox Injection, Solution",Oxazolidinone Antibacterial [EPC],Pharmacia & Upjohn Company Llc,linezolid,118.32,153.82,160,2027-09-12,IN_STOCK
0013-0101,Azulfidine Tablet,Aminosalicylate [EPC],Pfizer Laboratories Div Pfizer Inc,Sulfasalazine,95.37,123.98,228,2028-07-27,IN_STOCK
0013-0102,"Azulfidine Tablet, Delayed Release",Aminosalicylate [EPC],Pfizer Laboratories Div Pfizer Inc,Sulfasalazine,16.65,21.64,193,2028-08-21,IN_STOCK
0013-1042,Estring System,Estradiol Congeners [CS],Pfizer Laboratories Div Pfizer Inc,estradiol,129.6,168.48,219,2027-08-21,IN_STOCK
0013-1114,"Cyklokapron Injection, Solution",Antifibrinolytic Agent [EPC],Pfizer Laboratories Div Pfizer Inc,tranexamic acid,95.89,124.66,274,2028-04-07,IN_STOCK
0013-2576,Idamycin Pfs Solution,Anthracycline Topoisomerase Inhibitor [EPC],Pfizer Laboratories Div Pfizer Inc,idarubicin hydrochloride,10.21,13.27,60,2027-05-29,IN_STOCK
0013-2586,Idamycin Pfs Solution,Anthracycline Topoisomerase Inhibitor [EPC],Pfizer Laboratories Div Pfizer Inc,idarubicin hydrochloride,96.52,125.48,172,2027-05-21,IN_STOCK
0013-2596,Idamycin Pfs Solution,Anthracycline Topoisomerase Inhibitor [EPC],Pfizer Laboratories Div Pfizer Inc,idarubicin hydrochloride,113.28,147.26,247,2027-01-09,IN_STOCK
0013-2626,Genotropin Kit,General Medicine,Pfizer Laboratories Div Pfizer Inc,somatropin,115.25,149.83,385,2027-01-11,IN_STOCK
0013-2646,Genotropin Kit,General Medicine,Pfizer Laboratories Div Pfizer Inc,somatropin,69.33,90.13,380,2027-08-03,IN_STOCK
0013-2649,Genotropin Kit,General Medicine,Pfizer Laboratories Div Pfizer Inc,somatropin,136.0,176.8,48,2027-08-29,IN_STOCK
0013-2650,Genotropin Kit,General Medicine,Pfizer Laboratories Div Pfizer Inc,somatropin,120.44,156.57,175,2027-10-03,IN_STOCK
0013-2651,Genotropin Kit,General Medicine,Pfizer Laboratories Div Pfizer Inc,somatropin,59.35,77.16,99,2027-06-08,IN_STOCK
0013-2652,Genotropin Kit,General Medicine,Pfizer Laboratories Div Pfizer Inc,somatropin,82.02,106.63,314,2028-08-29,IN_STOCK
0013-2653,Genotropin Kit,General Medicine,Pfizer Laboratories Div Pfizer Inc,somatropin,119.92,155.9,112,2027-03-29,IN_STOCK
0013-2654,Genotropin Kit,General Medicine,Pfizer Laboratories Div Pfizer Inc,somatropin,16.45,21.39,220,2028-06-26,IN_STOCK
0013-2655,Genotropin Kit,General Medicine,Pfizer Laboratories Div Pfizer Inc,somatropin,104.05,135.27,279,2028-05-20,IN_STOCK
0013-2656,Genotropin Kit,General Medicine,Pfizer Laboratories Div Pfizer Inc,somatropin,25.75,33.48,261,2028-07-15,IN_STOCK
0013-2657,Genotropin Kit,General Medicine,Pfizer Laboratories Div Pfizer Inc,somatropin,41.83,54.38,155,2028-08-13,IN_STOCK
0013-2658,Genotropin Kit,General Medicine,Pfizer Laboratories Div Pfizer Inc,somatropin,6.36,8.27,263,2027-07-22,IN_STOCK
0019-0862,Cysto-Conray Ii Injection,Radiographic Contrast Agent [EPC],Liebel-Flarsheim Company Llc,Iothalamate meglumine,103.25,134.22,105,2026-12-15,IN_STOCK
0019-1188,Sodium Chloride Injection,Increased Large Intestinal Motility [PE],Liebel-Flarsheim Company Llc,sodium chloride,69.05,89.77,201,2028-05-24,IN_STOCK
0019-1323,Optiray Injection,Radiographic Contrast Agent [EPC],Liebel-Flarsheim Company Llc,Ioversol,48.38,62.89,242,2028-09-06,IN_STOCK
0019-1332,Optiray Injection,Radiographic Contrast Agent [EPC],Liebel-Flarsheim Company Llc,Ioversol,41.26,53.64,179,2027-04-22,IN_STOCK
0019-1333,Optiray Injection,Radiographic Contrast Agent [EPC],Liebel-Flarsheim Company Llc,Ioversol,149.91,194.88,272,2027-01-18,IN_STOCK
0019-4816,Md Gastroview Solution,Radiographic Contrast Agent [EPC],Liebel-Flarsheim Company Llc,diatrizoate meglumine and diatrizoate sodium,39.39,51.21,317,2027-10-03,IN_STOCK
0023-0240,Refresh P.M. Ointment,General Medicine,"Allergan, Inc.","mineral oil, petrolatum",88.35,114.85,383,2027-07-30,IN_STOCK
0023-0312,Refresh Lacri-Lube Ointment,General Medicine,"Allergan, Inc.","mineral oil, petrolatum",8.18,10.63,362,2027-11-10,IN_STOCK
0023-0403,Refresh Plus Solution/ Drops,General Medicine,"Allergan, Inc.",carboxymethylcellulose sodium,44.8,58.24,314,2028-09-02,IN_STOCK
0023-0506,Refresh Classic Solution/ Drops,General Medicine,"Allergan, Inc.","Polyvinyl Alcohol, Povidone",117.86,153.22,50,2028-06-12,IN_STOCK
0023-0667,Refresh P.M. Ointment,General Medicine,"Allergan, Inc.","mineral oil, petrolatum",113.05,146.97,171,2028-12-03,IN_STOCK
0023-0795,Refresh Tears Kit,General Medicine,"Allergan, Inc.",Carboxymethylcellulose sodium,120.83,157.08,335,2028-12-30,IN_STOCK
0023-0798,Refresh Tears Solution/ Drops,General Medicine,"Allergan, Inc.",carboxymethylcellulose sodium,56.09,72.92,350,2027-04-13,IN_STOCK
0023-1145,"Botox Injection, Powder, Lyophilized, For Solution",Acetylcholine Release Inhibitor [EPC],"Allergan, Inc.",onabotulinumtoxinA,95.03,123.54,372,2028-11-12,IN_STOCK
0023-1230,Skinmedica Acne Clarifying Treatment Lotion,General Medicine,"Allergan, Inc.",Salicylic Acid,109.53,142.39,362,2028-08-28,IN_STOCK
0023-2181,Acular Solution/ Drops,Anti-Inflammatory Agents,"Allergan, Inc.",Ketorolac Tromethamine,126.56,164.53,346,2027-01-08,IN_STOCK
0023-3110,Refresh Tears Pf Solution/ Drops,Allergens [CS],"Allergan, Inc.","carboxymethylcellulose sodium, Glycerin",135.99,176.79,355,2026-11-10,IN_STOCK
0023-3205,Lumigan Solution/ Drops,Prostaglandin Analog [EPC],"Allergan, Inc.",bimatoprost,49.8,64.74,250,2026-11-04,IN_STOCK
0023-3240,Refresh Optive Solution/ Drops,Allergens [CS],"Allergan, Inc.",carboxymethylcellulose sodium and glycerin,89.04,115.75,399,2027-02-12,IN_STOCK
0023-3348,Ozurdex Implant,Corticosteroid Hormone Receptor Agonists [MoA],"Allergan, Inc.",dexamethasone,18.07,23.49,176,2027-08-31,IN_STOCK
0023-3416,Refresh Optive Solution/ Drops,Allergens [CS],"Allergan, Inc.","Carboxymethylcellulose Sodium, Glycerin",113.38,147.39,114,2027-04-24,IN_STOCK
0023-3507,Acuvail Solution/ Drops,Anti-Inflammatory Agents,"Allergan, Inc.",ketorolac tromethamine,24.16,31.41,301,2027-10-10,IN_STOCK
0023-3615,Zymaxid Solution/ Drops,Quinolone Antimicrobial [EPC],"Allergan, Inc.",gatifloxacin,81.97,106.56,164,2027-03-18,IN_STOCK
0023-3616,Latisse Solution/ Drops,Prostaglandin Analog [EPC],"Allergan, Inc.",bimatoprost,42.26,54.94,271,2027-07-30,IN_STOCK
0023-3670,Aczone Gel,Sulfone [EPC],"Allergan, Inc.",dapsone,113.25,147.22,198,2027-01-26,IN_STOCK
0023-3782,Refresh Relieva Pf Xtra Solution/ Drops,Allergens [CS],"Allergan, Inc.",Carboxymethylcellulose Sodium and Glycerin,72.91,94.78,63,2027-02-22,IN_STOCK
0023-3919,"Botox Cosmetic Injection, Powder, Lyophilized, For Solution",Acetylcholine Release Inhibitor [EPC],"Allergan, Inc.",onabotulinumtoxinA,114.35,148.66,140,2028-08-23,IN_STOCK
0023-3921,"Botox Injection, Powder, Lyophilized, For Solution",Acetylcholine Release Inhibitor [EPC],"Allergan, Inc.",onabotulinumtoxinA,110.01,143.01,228,2028-04-23,IN_STOCK
0023-4230,Refresh Optive Mega-3 Solution/ Drops,Allergens [CS],"Allergan, Inc.","Carboxymethylcellulose sodium, Glycerin and Polysorbate 80",58.04,75.45,227,2026-10-15,IN_STOCK
0023-4290,Lastacaft Solution/ Drops,Histamine H1 Receptor Antagonists [MoA],"Allergan, Inc.",alcaftadine,43.35,56.36,88,2028-01-09,IN_STOCK
0023-4291,Lastacaft Solution/ Drops,Histamine H1 Receptor Antagonists [MoA],"Allergan, Inc.",alcaftadine,58.44,75.97,369,2027-06-26,IN_STOCK
0023-4307,Refresh Optive Advanced Solution/ Drops,Allergens [CS],"Allergan, Inc.","carboxymethylcellulose sodium, glycerin, and polysorbate 80",89.76,116.69,351,2027-10-16,IN_STOCK
0023-4491,Refresh Optive Advanced Solution/ Drops,Allergens [CS],"Allergan, Inc.","carboxymethylcellulose sodium, glycerin, polysorbate 80",20.71,26.92,144,2028-01-26,IN_STOCK
0023-4515,Refresh Relieva Pf Solution/ Drops,Allergens [CS],"Allergan, Inc.",Carboxymethylcellulose sodium and Glycerin,8.63,11.22,312,2027-09-01,IN_STOCK
0023-4554,Refresh Celluvisc Gel,General Medicine,"Allergan, Inc.",carboxymethylcellulose sodium,137.71,179.02,138,2028-07-25,IN_STOCK
0023-4948,Skin Medica Purifying Foaming Wash Liquid,General Medicine,"Allergan, Inc.",salicylic acid,14.17,18.42,262,2028-09-17,IN_STOCK
0023-5301,Restasis Multidose Emulsion,Calcineurin Inhibitor Immunosuppressant [EPC],"Allergan, Inc.",cyclosporine,48.82,63.47,234,2027-01-28,IN_STOCK
0023-5459,Refresh Optive Drops Solution/ Drops,Allergens [CS],"Allergan, Inc.",carboxymethylcellulose sodium and glycerin,25.27,32.85,44,2027-08-08,IN_STOCK
0023-5494,Total Defense Repair Broad Spectrum Spf 34 Sunscreen Lotion,General Medicine,"Allergan, Inc.","Octinoxate, Octisalate and Zinc Oxide",149.41,194.23,84,2027-01-08,IN_STOCK
0023-5497,Total Defense Repair Broad Spectrum Spf 34 Sunscreen (Tinted) Lotion,General Medicine,"Allergan, Inc.","Octinoxate, Octisalate, Titanium dioxide and Zinc Oxide",39.05,50.77,300,2027-02-16,IN_STOCK
0023-5675,Essential Defense Mineral Shield Broad Spectrum Spf 32 Sunscreen Tinted Lotion,General Medicine,"Allergan, Inc.",Titanium Dioxide and Zinc Oxide,61.35,79.76,214,2028-08-17,IN_STOCK
0023-5703,Essential Defense Mineral Shield Broad Spectrum Spf 35 Sunscreen Lotion,General Medicine,"Allergan, Inc.",Titanium Dioxide and Zinc oxide,142.66,185.46,381,2028-04-06,IN_STOCK
0023-5738,Essential Defense Everyday Clear Broad Spectrum Spf 47 Sunscreen Lotion,General Medicine,"Allergan, Inc.",Zinc Oxide and Octinoxate,65.77,85.5,397,2027-03-08,IN_STOCK
0023-5773,Refresh Optive Mega-3 Solution/ Drops,Allergens [CS],"Allergan, Inc.","Carboxymethylcellulose sodium, Glycerin and Polysorbate 80",133.38,173.39,360,2027-01-10,IN_STOCK
0023-5858,Liletta Intrauterine Device,Inhibit Ovum Fertilization [PE],"Allergan, Inc.",Levonorgestrel,125.89,163.66,340,2027-11-22,IN_STOCK
0023-5862,Taytulla Kit,General Medicine,"Allergan, Inc.","norethindrone acetate and ethinyl estradiol, and ferrous fumarate",141.16,183.51,168,2026-11-03,IN_STOCK
0023-6082,Infed Injection,Iron [CS],"Allergan, Inc.",Iron Dextran,105.09,136.62,136,2027-12-29,IN_STOCK
0023-6118,Condylox Gel,Decreased Mitosis [PE],"Allergan, Inc.",podofilox,69.48,90.32,145,2027-10-07,IN_STOCK
0023-6150,Crinone Gel,Progesterone [CS],"Allergan, Inc.",progesterone,19.41,25.23,376,2027-10-12,IN_STOCK
0023-6151,Crinone Gel,Progesterone [CS],"Allergan, Inc.",progesterone,83.95,109.14,355,2027-10-03,IN_STOCK
0023-6153,Oxytrol Patch,Cholinergic Muscarinic Antagonist [EPC],"Allergan, Inc.",Oxybutynin,13.78,17.91,166,2027-04-13,IN_STOCK
0023-6498,Ubrelvy Tablet,Calcitonin Gene-related Peptide Receptor Antagonis,"Allergan, Inc.",ubrogepant,145.39,189.01,257,2027-01-02,IN_STOCK
0023-6501,Ubrelvy Tablet,Calcitonin Gene-related Peptide Receptor Antagonis,"Allergan, Inc.",ubrogepant,101.1,131.43,353,2028-07-16,IN_STOCK
0023-6630,Refresh Relieva Solution/ Drops,Allergens [CS],"Allergan, Inc.","Carboxymethylcellulose sodium, Glycerin",91.59,119.07,35,2026-11-21,IN_STOCK
0023-6634,Refresh Relieva Preservative Free Solution/ Drops,Allergens [CS],"Allergan, Inc.",Carboxymethylcellulose sodium and Glycerin,119.09,154.82,149,2027-02-06,IN_STOCK
0023-6934,Ocumend Patch,General Medicine,"Allergan, Inc.",Arnica Montana and Ledum Palustre Twig,119.11,154.84,130,2026-12-10,IN_STOCK
0023-6952,Refresh Digital Solution/ Drops,Allergens [CS],"Allergan, Inc.","Carboxymethylcellulose sodium, Glycerin, Polysorbate 80",125.32,162.92,308,2027-05-01,IN_STOCK
0023-6954,Refresh Digital Pf Solution/ Drops,Allergens [CS],"Allergan, Inc.","Carboxymethylcellulose sodium, Glycerin and Polysorbate 80",90.03,117.04,144,2027-09-02,IN_STOCK
0023-7151,Refresh Optive Mega-3 Solution/ Drops,Allergens [CS],"Allergan, Inc.","Carboxymethylcellulose sodium, Glycerin and Polysorbate 80",117.28,152.46,330,2026-10-03,IN_STOCK
0023-9163,Restasis Emulsion,Calcineurin Inhibitor Immunosuppressant [EPC],"Allergan, Inc.",cyclosporine,45.2,58.76,99,2027-02-11,IN_STOCK
0023-9177,Alphagan P Solution/ Drops,Adrenergic alpha-Agonists [MoA],"Allergan, Inc.",brimonidine tartrate,83.33,108.33,114,2027-01-21,IN_STOCK
0023-9205,Refresh Liquigel Gel,General Medicine,"Allergan, Inc.",Carboxymethylcellulose sodium,100.85,131.1,38,2027-02-12,IN_STOCK
0023-9211,Combigan Solution/ Drops,Adrenergic alpha-Agonists [MoA],"Allergan, Inc.","brimonidine tartrate, timolol maleate",7.15,9.29,146,2028-05-25,IN_STOCK
0023-9232,"Botox Cosmetic Injection, Powder, Lyophilized, For Solution",Acetylcholine Release Inhibitor [EPC],"Allergan, Inc.",onabotulinumtoxinA,51.95,67.54,114,2027-06-29,IN_STOCK
0023-9277,Acular Ls Solution/ Drops,Anti-Inflammatory Agents,"Allergan, Inc.",Ketorolac Tromethamine,12.6,16.38,240,2028-03-22,IN_STOCK
0023-9321,Alphagan P Solution/ Drops,Adrenergic alpha-Agonists [MoA],"Allergan, Inc.",brimonidine tartrate,21.48,27.92,57,2028-01-31,IN_STOCK
0023-9537,Refresh Relieva Pf Solution/ Drops,Allergens [CS],"Allergan, Inc.",Carboxymethylcellulose sodium and Glycerin,70.0,91.0,210,2028-03-09,IN_STOCK
0023-9637,Oxytrol For Women Patch,Cholinergic Muscarinic Antagonist [EPC],"Allergan, Inc.",Oxybutynin,91.08,118.4,256,2028-02-28,IN_STOCK
0023-9652,Durysta Implant,Prostaglandin Analog [EPC],"Allergan, Inc.",bimatoprost,37.12,48.26,339,2026-11-14,IN_STOCK
0024-0654,"Sarclisa Injection, Solution, Concentrate",Antibodies,Sanofi-Aventis U.S. Llc,isatuximab,110.45,143.59,362,2028-03-17,IN_STOCK
0024-0656,"Sarclisa Injection, Solution, Concentrate",Antibodies,Sanofi-Aventis U.S. Llc,isatuximab,48.74,63.36,354,2026-11-01,IN_STOCK
0024-1171,"Plavix Tablet, Film Coated",Cytochrome P450 2C8 Inhibitors [MoA],Sanofi-Aventis U.S. Llc,clopidogrel,13.82,17.97,270,2027-11-16,IN_STOCK
0024-1332,"Plavix Tablet, Film Coated",Cytochrome P450 2C8 Inhibitors [MoA],Sanofi-Aventis U.S. Llc,clopidogrel,66.81,86.85,80,2028-02-15,IN_STOCK
0024-1596,"Primaquine Phosphate Tablet, Film Coated",Antimalarial [EPC],Sanofi-Aventis U.S. Llc,Primaquine Phosphate,108.3,140.79,252,2026-12-15,IN_STOCK
0024-2792,Ferrlecit Injection,Iron [CS],Sanofi-Aventis U.S. Llc,sodium ferric gluconate complex,135.39,176.01,189,2028-06-14,IN_STOCK
0024-2794,Ferrlecit Injection,Iron [CS],Sanofi-Aventis U.S. Llc,sodium ferric gluconate complex,26.51,34.46,89,2027-07-09,IN_STOCK
0024-4142,"Multaq Tablet, Film Coated",Antiarrhythmic [EPC],Sanofi-Aventis U.S. Llc,Dronedarone,95.53,124.19,324,2028-04-14,IN_STOCK
0024-4512,Fexinidazole Tablet,Cytochrome P450 1A2 Inducers [MoA],Sanofi-Aventis U.S. Llc,Fexinidazole,108.26,140.74,220,2028-06-03,IN_STOCK
0024-5150,Elitek Kit,General Medicine,Sanofi-Aventis U.S. Llc,rasburicase,81.93,106.51,257,2028-03-01,IN_STOCK
0024-5151,Elitek Kit,General Medicine,Sanofi-Aventis U.S. Llc,rasburicase,92.79,120.63,75,2028-12-21,IN_STOCK
0024-5401,"Ambien Tablet, Film Coated",Central Nervous System Depression [PE],Sanofi-Aventis U.S. Llc,zolpidem tartrate,106.76,138.79,360,2028-07-28,IN_STOCK
0024-5421,"Ambien Tablet, Film Coated",Central Nervous System Depression [PE],Sanofi-Aventis U.S. Llc,zolpidem tartrate,132.27,171.95,307,2028-10-08,IN_STOCK
0024-5761,"Soliqua 100/33 Injection, Solution",GLP-1 Receptor Agonist [EPC],Sanofi-Aventis U.S. Llc,insulin glargine and lixisenatide,130.5,169.65,245,2028-01-06,IN_STOCK
0024-5824,Jevtana Kit,General Medicine,Sanofi-Aventis U.S. Llc,cabazitaxel,133.77,173.9,236,2027-09-13,IN_STOCK
0024-5840,"Zaltrap Solution, Concentrate",Vascular Endothelial Growth Factor Inhibitor [EPC],Sanofi-Aventis U.S. Llc,ziv-aflibercept,124.98,162.47,229,2027-11-30,IN_STOCK
0024-5841,"Zaltrap Solution, Concentrate",Vascular Endothelial Growth Factor Inhibitor [EPC],Sanofi-Aventis U.S. Llc,ziv-aflibercept,110.79,144.03,185,2027-12-12,IN_STOCK
0024-5851,"Avapro Tablet, Film Coated",Angiotensin 2 Receptor Antagonists [MoA],Sanofi-Aventis U.S. Llc,irbesartan,50.32,65.42,155,2027-10-19,IN_STOCK
0024-5852,"Avapro Tablet, Film Coated",Angiotensin 2 Receptor Antagonists [MoA],Sanofi-Aventis U.S. Llc,irbesartan,143.27,186.25,376,2028-01-29,IN_STOCK
0024-5855,"Avalide Tablet, Film Coated",Angiotensin 2 Receptor Antagonists [MoA],Sanofi-Aventis U.S. Llc,irbesartan and hydrochlorothiazide,14.73,19.15,68,2027-01-04,IN_STOCK
0024-5856,"Avalide Tablet, Film Coated",Angiotensin 2 Receptor Antagonists [MoA],Sanofi-Aventis U.S. Llc,irbesartan and hydrochlorothiazide,67.62,87.91,215,2027-02-11,IN_STOCK
0024-5862,"Mozobil Injection, Solution",Hematopoietic Stem Cell Mobilizer [EPC],Sanofi-Aventis U.S. Llc,PLERIXAFOR,85.67,111.37,325,2028-04-28,IN_STOCK
0024-5869,"Toujeo Injection, Solution",Insulin Analog [EPC],Sanofi-Aventis U.S. Llc,insulin glargine,86.44,112.37,368,2027-02-03,IN_STOCK
0024-5871,"Toujeo Max Injection, Solution",Insulin Analog [EPC],Sanofi-Aventis U.S. Llc,insulin glargine,64.57,83.94,365,2028-11-07,IN_STOCK
0024-5901,"Praluent Injection, Solution",Antibodies,Sanofi-Aventis U.S. Llc,alirocumab,66.33,86.23,394,2026-11-22,IN_STOCK
0024-5902,"Praluent Injection, Solution",Antibodies,Sanofi-Aventis U.S. Llc,alirocumab,145.42,189.05,332,2027-08-16,IN_STOCK
0024-5908,"Kevzara Injection, Solution",Interleukin 6 Receptor Antagonists [MoA],Sanofi-Aventis U.S. Llc,sarilumab,55.99,72.79,320,2028-03-03,IN_STOCK
0024-5910,"Kevzara Injection, Solution",Interleukin 6 Receptor Antagonists [MoA],Sanofi-Aventis U.S. Llc,sarilumab,35.85,46.61,361,2028-02-06,IN_STOCK
0024-5914,"Dupixent Injection, Solution",Antibodies,Sanofi-Aventis U.S. Llc,Dupilumab,37.52,48.78,80,2027-09-24,IN_STOCK
0024-5915,"Dupixent Injection, Solution",Antibodies,Sanofi-Aventis U.S. Llc,Dupilumab,127.58,165.85,213,2027-01-26,IN_STOCK
0024-5918,"Dupixent Injection, Solution",Antibodies,Sanofi-Aventis U.S. Llc,Dupilumab,115.58,150.25,318,2027-05-20,IN_STOCK
0024-5919,"Dupixent Injection, Solution",Antibodies,Sanofi-Aventis U.S. Llc,Dupilumab,122.05,158.66,312,2028-11-24,IN_STOCK
0024-5920,"Kevzara Injection, Solution",Interleukin 6 Receptor Antagonists [MoA],Sanofi-Aventis U.S. Llc,sarilumab,123.67,160.77,339,2028-08-22,IN_STOCK
0024-5922,"Kevzara Injection, Solution",Interleukin 6 Receptor Antagonists [MoA],Sanofi-Aventis U.S. Llc,sarilumab,98.19,127.65,38,2028-06-15,IN_STOCK
0024-5924,"Admelog Injection, Solution",Insulin Analog [EPC],Sanofi-Aventis U.S. Llc,insulin lispro,139.72,181.64,380,2027-07-01,IN_STOCK
0024-5925,"Admelog Injection, Solution",Insulin Analog [EPC],Sanofi-Aventis U.S. Llc,insulin lispro,9.2,11.96,164,2028-09-19,IN_STOCK
0024-5926,"Admelog Injection, Solution",Insulin Analog [EPC],Sanofi-Aventis U.S. Llc,insulin lispro,115.55,150.22,198,2027-09-25,IN_STOCK
0024-5927,"Merilog Injection, Solution",Insulin Analog [EPC],Sanofi-Aventis U.S. Llc,insulin aspart-szjj,5.89,7.66,98,2028-05-02,IN_STOCK
0024-5928,"Merilog Injection, Solution",Insulin Analog [EPC],Sanofi-Aventis U.S. Llc,insulin aspart-szjj,100.31,130.4,60,2027-02-23,IN_STOCK
0025-0061,Lomotil Tablet,Anticholinergic [EPC],Pfizer Laboratories Div Pfizer Inc,diphenoxylate hydrochloride and atropine sulfate,112.44,146.17,40,2027-01-02,IN_STOCK
0025-0166,"Synarel Spray, Metered",Gonadotropin Releasing Hormone Receptor Agonist [E,Pfizer Laboratories Div Pfizer Inc,nafarelin acetate,113.19,147.15,135,2027-10-21,IN_STOCK
0025-0325,Abrilada Kit,General Medicine,Pfizer Laboratories Div Pfizer Inc,adalimumab-afzb,65.88,85.64,199,2027-03-11,IN_STOCK
0025-0328,Abrilada Kit,General Medicine,Pfizer Laboratories Div Pfizer Inc,adalimumab-afzb,58.66,76.26,394,2027-08-29,IN_STOCK
0025-0333,Abrilada Kit,General Medicine,Pfizer Laboratories Div Pfizer Inc,adalimumab-afzb,117.64,152.93,315,2028-06-02,IN_STOCK
0025-1001,"Aldactone Tablet, Film Coated",Aldosterone Antagonist [EPC],Pfizer Laboratories Div Pfizer Inc,spironolactone,17.32,22.52,51,2027-03-09,IN_STOCK
0025-1031,"Aldactone Tablet, Film Coated",Aldosterone Antagonist [EPC],Pfizer Laboratories Div Pfizer Inc,spironolactone,27.82,36.17,341,2026-11-20,IN_STOCK
0025-1041,"Aldactone Tablet, Film Coated",Aldosterone Antagonist [EPC],Pfizer Laboratories Div Pfizer Inc,spironolactone,102.73,133.55,164,2027-12-28,IN_STOCK
0025-1411,"Arthrotec Tablet, Film Coated",Anti-Inflammatory Agents,Pfizer Laboratories Div Pfizer Inc,diclofenac sodium and misoprostol,100.98,131.27,273,2028-06-13,IN_STOCK
0025-1421,"Arthrotec Tablet, Film Coated",Anti-Inflammatory Agents,Pfizer Laboratories Div Pfizer Inc,diclofenac sodium and misoprostol,69.1,89.83,164,2027-05-09,IN_STOCK
0025-1451,Cytotec Tablet,Prostaglandin E1 Analog [EPC],Pfizer Laboratories Div Pfizer Inc,misoprostol,114.47,148.81,83,2027-09-19,IN_STOCK
0025-1461,Cytotec Tablet,Prostaglandin E1 Analog [EPC],Pfizer Laboratories Div Pfizer Inc,misoprostol,67.34,87.54,170,2028-08-25,IN_STOCK
0025-1942,Flagyl Capsule,Nitroimidazole Antimicrobial [EPC],Pfizer Laboratories Div Pfizer Inc,metronidazole,103.38,134.39,274,2028-03-23,IN_STOCK
0025-2752,"Norpace Capsule, Gelatin Coated",Antiarrhythmic [EPC],Pfizer Laboratories Div Pfizer Inc,disopyramide phosphate,101.73,132.25,48,2027-05-14,IN_STOCK
0025-2762,"Norpace Capsule, Gelatin Coated",Antiarrhythmic [EPC],Pfizer Laboratories Div Pfizer Inc,disopyramide phosphate,62.31,81.0,331,2026-11-26,IN_STOCK
0026-3821,Kovaltry Kit,General Medicine,Bayer Healthcare Llc,Antihemophilic Factor (Recombinant),6.11,7.94,179,2027-05-05,IN_STOCK
0026-3822,Kovaltry Kit,General Medicine,Bayer Healthcare Llc,Antihemophilic Factor (Recombinant),116.27,151.15,155,2027-07-24,IN_STOCK
0026-3824,Kovaltry Kit,General Medicine,Bayer Healthcare Llc,Antihemophilic Factor (Recombinant),52.58,68.35,28,2028-02-22,IN_STOCK
0026-3826,Kovaltry Kit,General Medicine,Bayer Healthcare Llc,Antihemophilic Factor (Recombinant),113.32,147.32,114,2027-02-10,IN_STOCK
0026-3828,Kovaltry Kit,General Medicine,Bayer Healthcare Llc,Antihemophilic Factor (Recombinant),60.13,78.17,385,2027-05-24,IN_STOCK
0026-3942,Jivi Kit,General Medicine,Bayer Healthcare Llc,Antihemophilic Factor (Recombinant) Pegylated-aucl,77.54,100.8,367,2027-09-28,IN_STOCK
0026-3944,Jivi Kit,General Medicine,Bayer Healthcare Llc,Antihemophilic Factor (Recombinant) Pegylated-aucl,15.45,20.09,46,2027-12-21,IN_STOCK
0026-3946,Jivi Kit,General Medicine,Bayer Healthcare Llc,Antihemophilic Factor (Recombinant) Pegylated-aucl,7.72,10.04,64,2027-08-17,IN_STOCK
0026-3948,Jivi Kit,General Medicine,Bayer Healthcare Llc,Antihemophilic Factor (Recombinant) Pegylated-aucl,88.49,115.04,318,2027-11-19,IN_STOCK
0026-3950,Jivi Kit,General Medicine,Bayer Healthcare Llc,Antihemophilic Factor (Recombinant) Pegylated-aucl,107.88,140.24,238,2027-07-24,IN_STOCK
0031-0100,Robitussin Maximum Strength Severe Multi-Symptom Cough Cold Flu Liquid,Decreased Respiratory Secretion Viscosity [PE],Haleon Us Holdings Llc,"acetaminophen, dextromethorphan hydrobromide, guaifenesin",21.7,28.21,35,2027-08-29,IN_STOCK
0031-0101,Robitussin Maximum Strength Severe Multi-Symptom Cough Cold Flu Nighttime Liquid,Histamine H1 Receptor Antagonists [MoA],Haleon Us Holdings Llc,"acetaminophen, diphenhydramine hcl",29.92,38.9,341,2028-01-15,IN_STOCK
0031-2059,Robitussin Kit,General Medicine,Haleon Us Holdings Llc,"dextromethorphan HBr, guaifenesin, doxylamine succinate",125.64,163.33,210,2026-12-30,IN_STOCK
0031-2097,Robitussin Elderberry Maximum Strength Cough Plus Chest Congestion Dm Solution,Decreased Respiratory Secretion Viscosity [PE],Haleon Us Holdings Llc,"dextromethorphan HBr, guaifenesin",68.32,88.82,79,2027-06-07,IN_STOCK
0031-2098,Childrens Robitussin Elderberry Cough And Chest Congestion Dm Solution,Decreased Respiratory Secretion Viscosity [PE],Haleon Us Holdings Llc,"dextromethorphan HBr, guaifenesin",68.17,88.62,230,2028-03-20,IN_STOCK
0031-2099,Robitussin Kit,General Medicine,Haleon Us Holdings Llc,"dextromethorphan hydrobromide, guaifenesin, chlorpheniramine maleate",16.4,21.32,183,2028-11-02,IN_STOCK
0031-2102,Robitussin Kit,General Medicine,Haleon Us Holdings Llc,"dextromethorphan HBr, guaifenesin, doxylamine succinate",54.23,70.5,195,2028-12-06,IN_STOCK
0031-2103,Robitussin Kit,General Medicine,Haleon Us Holdings Llc,"dextromethorphan hydrobromide, guaifenesin, doxylamine succinate",29.38,38.19,286,2028-07-10,IN_STOCK
0031-2834,Robitussin Kit,General Medicine,Haleon Us Holdings Llc,"dextromethorphan hydrobromide, guaifenesin, doxylamine succinate",21.53,27.99,286,2027-04-17,IN_STOCK
0031-8655,"Robitussin 12 Hour Cough Relief Suspension, Extended Release",Sigma-1 Agonist [EPC],Haleon Us Holdings Llc,dextromethorphan polistirex,136.36,177.27,203,2027-09-25,IN_STOCK
0031-8692,Childrens Robitussin Nighttime Cough Long-Acting Dm Solution,Histamine H1 Receptor Antagonists [MoA],Haleon Us Holdings Llc,"chlorpheniramine maleate, dextromethorphan hydrobromide",110.47,143.61,355,2027-03-01,IN_STOCK
0031-8693,Childrens Robitussin Cough And Cold Long-Acting Liquid,Histamine H1 Receptor Antagonists [MoA],Haleon Us Holdings Llc,"chlorpheniramine maleate, dextrometrorphan HBr",39.26,51.04,99,2027-06-20,IN_STOCK
0031-8694,Childrens Robitussin Cough Long-Acting Liquid,Sigma-1 Agonist [EPC],Haleon Us Holdings Llc,dextromethorphan hydrobromide,33.6,43.68,333,2027-03-06,IN_STOCK
0031-8702,Childrens Robitussin Cough And Chest Congestion Dm Liquid,Decreased Respiratory Secretion Viscosity [PE],Haleon Us Holdings Llc,dextromethorphan hydrobromide and guaifenesin,115.23,149.8,360,2026-12-17,IN_STOCK
0031-8715,Childrens Robitussin Cough And Chest Congestion Dm Liquid,Decreased Respiratory Secretion Viscosity [PE],Haleon Us Holdings Llc,"dextromethorphan hydrobromide, guaifenesin",30.69,39.9,346,2028-02-18,IN_STOCK
0031-8716,Childrens Robitussin Cough And Cold Cf Liquid,Adrenergic alpha1-Agonists [MoA],Haleon Us Holdings Llc,"dextromethorphan hydrobromide, guaifenesin, and phenylephrine hydrochloride",72.27,93.95,313,2028-11-17,IN_STOCK
0031-8718,Robitussin Maximum Strength Nighttime Cough Dm Solution,Antihistamine [EPC],Haleon Us Holdings Llc,"dextromethorphan hydrobromide, doxylamine succinate",89.02,115.73,373,2028-05-01,IN_STOCK
0031-8719,"Robitussin Maximum Strength Cough Plus Chest Congestion Dm Capsule, Liquid Filled",Decreased Respiratory Secretion Viscosity [PE],Haleon Us Holdings Llc,dextromethorphan hydrobromide and guaifenesin,98.23,127.7,344,2027-08-27,IN_STOCK
0031-8725,"Childrens Robitussin 12 Hour Cough Relief Suspension, Extended Release",Sigma-1 Agonist [EPC],Haleon Us Holdings Llc,dextromethorphan polistirex,130.32,169.42,346,2027-08-20,IN_STOCK
0031-8726,"Childrens Robitussin 12 Hour Cough Relief Suspension, Extended Release",Sigma-1 Agonist [EPC],Haleon Us Holdings Llc,dextromethorphan polistirex,26.89,34.96,59,2028-01-24,IN_STOCK
0031-8739,Robitussin Maximum Strength Cough Plus Chest Congestion Dm Solution,Decreased Respiratory Secretion Viscosity [PE],Haleon Us Holdings Llc,"dextromethorphan hbr, guaifenesin",69.12,89.86,180,2028-12-24,IN_STOCK
0031-8742,Robitussin Peak Cold Multi-Symptom Cold Liquid,Adrenergic alpha1-Agonists [MoA],Haleon Us Holdings Llc,"dextromethorphan hydrobromide, guaifenesin, and phenylephrine hydrochloride",44.83,58.28,53,2027-09-26,IN_STOCK
0031-8743,"Robitussin Long-Acting Coughgels Capsule, Liquid Filled",Sigma-1 Agonist [EPC],Haleon Us Holdings Llc,dextromethorphan hydrobromide,78.56,102.13,183,2028-01-16,IN_STOCK
0031-8744,"Robitussin Maximum Strength Severe Multi-Symptom 7 In 1 Relief Nighttime Capsule, Liquid Filled",Antihistamine [EPC],Haleon Us Holdings Llc,"acetaminophen, dextromethorphan hydrobromide, and doxylamine succinate",70.53,91.69,54,2027-10-13,IN_STOCK
0031-8750,Robitussin Maximum Strength Severe Cough Plus Sore Throat Liquid,Sigma-1 Agonist [EPC],Haleon Us Holdings Llc,"acetaminophen, dextromethorphan hydrobromide",125.6,163.28,64,2028-07-22,IN_STOCK
0031-8751,Robitussin Severe Multi-Symptom Cough Cold Flu Liquid,Adrenergic alpha1-Agonists [MoA],Haleon Us Holdings Llc,"acetaminophen, dextromethorphan hydrobromide, guaifenesin, phenylephrine hydrochloride",130.32,169.42,71,2028-06-21,IN_STOCK
0031-8752,Robitussin Severe Multi-Symptom Cough Cold Flu Nighttime Solution,Adrenergic alpha1-Agonists [MoA],Haleon Us Holdings Llc,"acetaminophen, diphenhydramine hydrochloride, phenylephrine hydrochloride",91.14,118.48,221,2028-01-17,IN_STOCK
0031-8753,"Robitussin 12 Hour Cough Relief Suspension, Extended Release",Sigma-1 Agonist [EPC],Haleon Us Holdings Llc,dextromethorphan polistirex,89.15,115.9,46,2028-01-04,IN_STOCK
0031-8754,"Robitussin 12 Hour Cough Relief Suspension, Extended Release",Sigma-1 Agonist [EPC],Haleon Us Holdings Llc,dextromethorphan polistirex,136.81,177.85,317,2028-07-29,IN_STOCK
0031-8755,"Robitussin 12 Hour Cough Relief Suspension, Extended Release",Sigma-1 Agonist [EPC],Haleon Us Holdings Llc,dextromethorphan polistirex,32.29,41.98,334,2028-01-31,IN_STOCK
0031-8756,Robitussin Honey Maximum Strength Cough And Chest Congestion Dm Solution,Decreased Respiratory Secretion Viscosity [PE],Haleon Us Holdings Llc,"dextromethorphan HBr, guaifenesin",77.7,101.01,56,2028-01-05,IN_STOCK
0031-8757,Robitussin Cough Plus Chest Congestion Dm Solution,Decreased Respiratory Secretion Viscosity [PE],Haleon Us Holdings Llc,dextromethorphan hydrobromide and guaifenesin,20.01,26.01,200,2028-10-01,IN_STOCK
0031-8758,Robitussin Honey Maximum Strength Nighttime Cough Dm Solution,Antihistamine [EPC],Haleon Us Holdings Llc,"dextromethorphan HBr, doxylamine succinate",17.23,22.4,355,2027-03-26,IN_STOCK
0031-8759,Robitussin Sugar-Free Dye-Free Cough Plus Chest Congestion Dm Solution,Decreased Respiratory Secretion Viscosity [PE],Haleon Us Holdings Llc,"dextromethorphan hydrobromide, guaifenesin",10.68,13.88,387,2027-12-23,IN_STOCK
0031-8760,Childrens Robitussin Honey Cough And Chest Congestion Dm Solution,Decreased Respiratory Secretion Viscosity [PE],Haleon Us Holdings Llc,"dextromethorphan HBr, guaifenesin",148.69,193.3,293,2028-03-19,IN_STOCK
0031-8762,Childrens Robitussin Honey Nighttime Cough Dm Solution,Antihistamine [EPC],Haleon Us Holdings Llc,"dextromethorphan hbr, doxylamine succinate",93.42,121.45,211,2027-10-17,IN_STOCK
0031-8765,"Robitussin Maximum Strength 12 Hour Cough And Mucus Relief Tablet, Extended Release",Decreased Respiratory Secretion Viscosity [PE],Haleon Us Holdings Llc,"Dextromethorphan Hydrobromide, Guaifenesin",138.1,179.53,223,2027-11-23,IN_STOCK
0031-8770,"Robitussin Honey Severe Cough, Flu Plus Sore Throat Nighttime Solution",Histamine H1 Receptor Antagonists [MoA],Haleon Us Holdings Llc,acetaminophen and diphenhydramine hydrochloride,117.3,152.49,372,2028-06-04,IN_STOCK
0031-8771,"Robitussin Honey Severe Cough, Flu Plus Sore Throat Solution",Sigma-1 Agonist [EPC],Haleon Us Holdings Llc,"acetaminophen, dextromethorphan hbr",12.59,16.37,348,2028-07-24,IN_STOCK
0031-9301,"Robitussin Direct Sore Throat Pain Tablet, Coated",General Medicine,Haleon Us Holdings Llc,acetaminophen,53.52,69.58,193,2027-01-05,IN_STOCK
0031-9302,"Robitussin Direct Cough Capsule, Liquid Filled",Sigma-1 Agonist [EPC],Haleon Us Holdings Llc,dextromethorphan hydrobromide,85.9,111.67,222,2027-07-18,IN_STOCK
0031-9306,Robitussin Medi-Soothers Lozenge,Sigma-1 Agonist [EPC],Haleon Us Holdings Llc,"dextromethorphan hydrobromide, menthol",41.54,54.0,361,2028-06-09,IN_STOCK
0031-9307,Robitussin Medi-Soothers Lozenge,Sigma-1 Agonist [EPC],Haleon Us Holdings Llc,"dextromethorphan hydrobromide, menthol",131.63,171.12,195,2026-12-23,IN_STOCK
0031-9310,"Robitussin Long-Acting Cough Soft Chews Tablet, Chewable",Sigma-1 Agonist [EPC],Haleon Us Holdings Llc,dextromethorphan hydrobromide,89.5,116.35,97,2027-09-24,IN_STOCK
0031-9311,"Robitussin Nighttime Cough Dm Soft Chews Tablet, Chewable",Antihistamine [EPC],Haleon Us Holdings Llc,"dextromethorphan hydrobromide, doxylamine succinate",49.98,64.97,360,2028-09-15,IN_STOCK
0032-0045,"Creon Capsule, Delayed Release",General Medicine,Abbvie Inc.,Pancrelipase,101.01,131.31,91,2028-06-01,IN_STOCK
0032-0046,"Creon Capsule, Delayed Release Pellets",General Medicine,Abbvie Inc.,Pancrelipase,107.78,140.11,68,2027-08-14,IN_STOCK
0032-0047,"Creon Capsule, Delayed Release Pellets",General Medicine,Abbvie Inc.,Pancrelipase,86.04,111.85,354,2028-12-19,IN_STOCK
0032-1203,"Creon Capsule, Delayed Release",General Medicine,Abbvie Inc.,Pancrelipase,52.63,68.42,90,2028-08-17,IN_STOCK
0032-1206,"Creon Capsule, Delayed Release Pellets",General Medicine,Abbvie Inc.,Pancrelipase,106.91,138.98,375,2028-03-23,IN_STOCK
0032-1212,"Creon Capsule, Delayed Release Pellets",General Medicine,Abbvie Inc.,Pancrelipase,18.55,24.12,368,2027-12-08,IN_STOCK
0032-1224,"Creon Capsule, Delayed Release Pellets",General Medicine,Abbvie Inc.,Pancrelipase,78.73,102.35,34,2027-10-07,IN_STOCK
0032-2636,"Creon Capsule, Delayed Release Pellets",General Medicine,Abbvie Inc.,Pancrelipase,49.79,64.73,134,2027-09-15,IN_STOCK
0032-2637,"Creon Capsule, Delayed Release Pellets",General Medicine,Abbvie Inc.,Pancrelipase,142.41,185.13,273,2027-04-15,IN_STOCK
0032-3016,"Creon Capsule, Delayed Release Pellets",General Medicine,Abbvie Inc.,Pancrelipase,37.85,49.21,95,2027-03-08,IN_STOCK
0037-0066,Rowasa Suspension,Aminosalicylate [EPC],Viatris Specialty Llc,mesalamine,16.19,21.05,76,2028-03-03,IN_STOCK
0037-0245,"Dymista Spray, Metered",Corticosteroid Hormone Receptor Agonists [MoA],Viatris Specialty Llc,Azelastine Hydrochloride and Fluticasone Propionate,116.78,151.81,294,2026-11-08,IN_STOCK
0037-0430,Felbatol Tablet,Anti-epileptic Agent [EPC],Viatris Specialty Llc,felbamate,100.98,131.27,341,2027-02-12,IN_STOCK
0037-0431,Felbatol Tablet,Anti-epileptic Agent [EPC],Viatris Specialty Llc,felbamate,91.6,119.08,103,2027-03-16,IN_STOCK
0037-0678,Gastrocrom Liquid,Decreased Histamine Release [PE],Viatris Specialty Llc,cromolyn sodium,31.22,40.59,379,2028-11-28,IN_STOCK
0037-2001,Soma Tablet,Centrally-mediated Muscle Relaxation [PE],Viatris Specialty Llc,Carisoprodol,95.59,124.27,109,2028-10-08,IN_STOCK
0037-2250,Soma Tablet,Centrally-mediated Muscle Relaxation [PE],Viatris Specialty Llc,Carisoprodol,68.46,89.0,235,2027-10-09,IN_STOCK
0037-4401,Depen Tablet,Antirheumatic Agent [EPC],Viatris Specialty Llc,Penicillamine,103.07,133.99,146,2027-12-29,IN_STOCK
0037-4801,"Elestrin Gel, Metered",Estradiol Congeners [CS],Viatris Specialty Llc,ESTRADIOL,93.54,121.6,254,2027-05-28,IN_STOCK
0037-6010,Edluar Tablet,Central Nervous System Depression [PE],Viatris Specialty Llc,Zolpidem Tartrate,82.43,107.16,183,2028-12-12,IN_STOCK
0037-6050,Edluar Tablet,Central Nervous System Depression [PE],Viatris Specialty Llc,Zolpidem Tartrate,73.01,94.91,124,2027-10-12,IN_STOCK
0037-6321,Urelle Tablet,Oxidation-Reduction Activity [MoA],Viatris Specialty Llc,"hyoscyamine sulfate, methenamine, methylene blue, phenyl salicylate, and sodium phosphate, monobasic, monohydrate",103.35,134.35,317,2027-12-26,IN_STOCK
0037-6822,"Proctofoam Aerosol, Foam",Corticosteroid Hormone Receptor Agonists [MoA],Viatris Specialty Llc,pramoxine hydrochloride hydrocortisone acetate,71.94,93.52,169,2028-12-05,IN_STOCK
0037-6823,"Proctofoam Aerosol, Foam",General Medicine,Viatris Specialty Llc,pramoxine hydrochloride,60.37,78.48,295,2027-12-03,IN_STOCK
0037-6824,"Epifoam Aerosol, Foam",Corticosteroid Hormone Receptor Agonists [MoA],Viatris Specialty Llc,pramoxine hydrochloride and hydrocortisone acetate,145.11,188.64,127,2028-12-29,IN_STOCK
0037-6830,"Cortifoam Aerosol, Foam",Corticosteroid Hormone Receptor Agonists [MoA],Viatris Specialty Llc,hydrocortisone acetate,92.68,120.48,153,2026-11-23,IN_STOCK
0037-6860,"Dipentum Capsule, Gelatin Coated",Aminosalicylate [EPC],Viatris Specialty Llc,olsalazine sodium,97.97,127.36,215,2028-04-20,IN_STOCK
0046-0749,"Premarin Injection, Powder, Lyophilized, For Solution",Estrogen Receptor Agonists [MoA],"Wyeth Pharmaceuticals Llc, A Subsidiary Of Pfizer Inc.",CONJUGATED ESTROGENS,140.47,182.61,389,2028-03-12,IN_STOCK
0046-0872,Premarin Cream,Estrogen Receptor Agonists [MoA],"Wyeth Pharmaceuticals Llc, A Subsidiary Of Pfizer Inc.",conjugated estrogens,128.42,166.95,170,2026-12-25,IN_STOCK
0046-1100,"Premarin Tablet, Film Coated",Estrogen Receptor Agonists [MoA],"Wyeth Pharmaceuticals Llc, A Subsidiary Of Pfizer Inc.","estrogens, conjugated",115.65,150.34,164,2028-01-04,IN_STOCK
0046-1101,"Premarin Tablet, Film Coated",Estrogen Receptor Agonists [MoA],"Wyeth Pharmaceuticals Llc, A Subsidiary Of Pfizer Inc.","estrogens, conjugated",136.27,177.15,100,2027-12-22,IN_STOCK
0046-1102,"Premarin Tablet, Film Coated",Estrogen Receptor Agonists [MoA],"Wyeth Pharmaceuticals Llc, A Subsidiary Of Pfizer Inc.","estrogens, conjugated",18.3,23.79,138,2028-01-05,IN_STOCK
0046-1103,"Premarin Tablet, Film Coated",Estrogen Receptor Agonists [MoA],"Wyeth Pharmaceuticals Llc, A Subsidiary Of Pfizer Inc.","estrogens, conjugated",133.27,173.25,38,2027-11-29,IN_STOCK
0046-1104,"Premarin Tablet, Film Coated",Estrogen Receptor Agonists [MoA],"Wyeth Pharmaceuticals Llc, A Subsidiary Of Pfizer Inc.","estrogens, conjugated",12.72,16.54,282,2027-10-18,IN_STOCK
0046-1105,"Prempro Tablet, Sugar Coated",Estrogen Receptor Agonists [MoA],"Wyeth Pharmaceuticals Llc, A Subsidiary Of Pfizer Inc.",conjugated estrogens and medroxyprogesterone acetate,39.19,50.95,66,2027-10-19,IN_STOCK
0046-1106,"Prempro Tablet, Sugar Coated",Estrogen Receptor Agonists [MoA],"Wyeth Pharmaceuticals Llc, A Subsidiary Of Pfizer Inc.",conjugated estrogens and medroxyprogesterone acetate,37.56,48.83,188,2027-01-10,IN_STOCK
0046-1107,"Prempro Tablet, Sugar Coated",Estrogen Receptor Agonists [MoA],"Wyeth Pharmaceuticals Llc, A Subsidiary Of Pfizer Inc.",conjugated estrogens and medroxyprogesterone acetate,126.68,164.68,357,2027-09-09,IN_STOCK
0046-1108,"Prempro Tablet, Sugar Coated",Estrogen Receptor Agonists [MoA],"Wyeth Pharmaceuticals Llc, A Subsidiary Of Pfizer Inc.",conjugated estrogens and medroxyprogesterone acetate,119.75,155.68,95,2026-11-09,IN_STOCK
0046-2575,Premphase Kit,General Medicine,"Wyeth Pharmaceuticals Llc, A Subsidiary Of Pfizer Inc.",conjugated estrogens and medroxyprogesterone acetate,46.6,60.58,266,2028-09-12,IN_STOCK
0049-0013,"Unasyn Injection, Powder, For Solution",Penicillin-class Antibacterial [EPC],Roerig,ampicillin sodium and sulbactam sodium,125.51,163.16,386,2028-01-24,IN_STOCK
0049-0014,"Unasyn Injection, Powder, For Solution",Penicillin-class Antibacterial [EPC],Roerig,ampicillin sodium and sulbactam sodium,70.05,91.06,27,2026-12-21,IN_STOCK
0049-0024,"Unasyn Injection, Powder, For Solution",Penicillin-class Antibacterial [EPC],Roerig,ampicillin sodium and sulbactam sodium,7.76,10.09,135,2027-03-03,IN_STOCK
0049-0114,"Eraxis Injection, Powder, Lyophilized, For Solution",Echinocandin Antifungal [EPC],Roerig,anidulafungin,84.58,109.95,397,2028-06-15,IN_STOCK
0049-0116,"Eraxis Injection, Powder, Lyophilized, For Solution",Echinocandin Antifungal [EPC],Roerig,anidulafungin,81.53,105.99,81,2028-12-03,IN_STOCK
0049-0174,"Glucotrol Tablet, Extended Release",Sulfonylurea Compounds [CS],Roerig,glipizide,46.77,60.8,179,2027-02-02,IN_STOCK
0049-0352,Geodon Capsule,Atypical Antipsychotic [EPC],Roerig,ziprasidone,11.92,15.5,239,2028-07-16,IN_STOCK
0049-0354,Geodon Capsule,Atypical Antipsychotic [EPC],Roerig,ziprasidone,120.12,156.16,259,2026-12-04,IN_STOCK
0049-0356,Geodon Capsule,Atypical Antipsychotic [EPC],Roerig,ziprasidone,21.07,27.39,280,2028-06-03,IN_STOCK
0049-0358,Geodon Capsule,Atypical Antipsychotic [EPC],Roerig,ziprasidone,82.73,107.55,348,2028-03-11,IN_STOCK
0049-0420,"Pfizerpen Powder, For Solution",Penicillin-class Antibacterial [EPC],Roerig,penicillin G potassium,88.38,114.89,392,2027-02-25,IN_STOCK
0049-0430,"Pfizerpen Powder, For Solution",Penicillin-class Antibacterial [EPC],Roerig,penicillin G potassium,47.23,61.4,25,2028-06-21,IN_STOCK
0049-0520,"Pfizerpen Powder, For Solution",Penicillin-class Antibacterial [EPC],Roerig,penicillin G potassium,56.16,73.01,317,2027-12-01,IN_STOCK
0049-0530,"Pfizerpen Powder, For Solution",Penicillin-class Antibacterial [EPC],Roerig,penicillin G potassium,32.16,41.81,367,2026-12-27,IN_STOCK
0049-2242,"Eraxis Injection, Powder, Lyophilized, For Solution",Echinocandin Antifungal [EPC],Roerig,anidulafungin,80.91,105.18,209,2026-12-09,IN_STOCK
0049-2512,Cardura Tablet,Adrenergic alpha-Antagonists [MoA],Roerig,doxazosin,143.24,186.21,303,2028-03-03,IN_STOCK
0049-2614,Cardura Tablet,Adrenergic alpha-Antagonists [MoA],Roerig,doxazosin,119.03,154.74,284,2028-04-20,IN_STOCK
0049-2716,Cardura Tablet,Adrenergic alpha-Antagonists [MoA],Roerig,doxazosin,7.95,10.34,265,2026-11-14,IN_STOCK
0049-3160,"Vfend Powder, For Suspension",Azole Antifungal [EPC],Roerig,voriconazole,97.17,126.32,216,2027-06-17,IN_STOCK
0049-3180,"Vfend Tablet, Film Coated",Azole Antifungal [EPC],Roerig,voriconazole,113.36,147.37,207,2028-12-16,IN_STOCK
0049-3190,"Vfend Injection, Powder, Lyophilized, For Solution",Azole Antifungal [EPC],Roerig,Voriconazole,14.8,19.24,148,2028-10-20,IN_STOCK
0049-3450,"Diflucan Powder, For Suspension",Azole Antifungal [EPC],Roerig,fluconazole,100.28,130.36,78,2028-11-29,IN_STOCK
0049-4190,"Vfend Injection, Powder, Lyophilized, For Solution",Azole Antifungal [EPC],Roerig,VORICONAZOLE,89.38,116.19,195,2027-02-14,IN_STOCK
0052-0602,"Tice Bcg Powder, For Suspension",Actively Acquired Immunity [PE],Merck Sharp & Dohme Llc,BACILLUS CALMETTE-GUERIN,11.43,14.86,304,2027-09-12,IN_STOCK
0052-0603,"Bcg Vaccine Injection, Powder, Lyophilized, For Solution",Actively Acquired Immunity [PE],Merck Sharp & Dohme Llc,BACILLUS CALMETTE-GUERIN SUBSTRAIN TICE LIVE ANTIGEN,122.96,159.85,114,2028-12-06,IN_STOCK
0053-0100,Hemgenix Kit,General Medicine,Csl Behring,etranacogene dezaparvovec,104.28,135.56,381,2028-02-03,IN_STOCK
0053-0110,Hemgenix Kit,General Medicine,Csl Behring,etranacogene dezaparvovec,96.6,125.58,94,2026-12-04,IN_STOCK
0053-0120,Hemgenix Kit,General Medicine,Csl Behring,etranacogene dezaparvovec,108.83,141.48,259,2026-11-07,IN_STOCK
0053-0130,Hemgenix Kit,General Medicine,Csl Behring,etranacogene dezaparvovec,47.55,61.81,47,2028-12-19,IN_STOCK
0053-0140,Hemgenix Kit,General Medicine,Csl Behring,etranacogene dezaparvovec,33.92,44.1,46,2027-08-20,IN_STOCK
0053-0150,Hemgenix Kit,General Medicine,Csl Behring,etranacogene dezaparvovec,140.34,182.44,288,2027-11-12,IN_STOCK
0053-0160,Hemgenix Kit,General Medicine,Csl Behring,etranacogene dezaparvovec,148.42,192.95,303,2028-01-28,IN_STOCK
0053-0170,Hemgenix Kit,General Medicine,Csl Behring,etranacogene dezaparvovec,41.73,54.25,356,2027-04-14,IN_STOCK
0053-0180,Hemgenix Kit,General Medicine,Csl Behring,etranacogene dezaparvovec,46.49,60.44,49,2028-08-02,IN_STOCK
0053-0190,Hemgenix Kit,General Medicine,Csl Behring,etranacogene dezaparvovec,53.13,69.07,88,2028-12-27,IN_STOCK
0053-0200,Hemgenix Kit,General Medicine,Csl Behring,etranacogene dezaparvovec,58.36,75.87,229,2028-10-31,IN_STOCK
0053-0210,Hemgenix Kit,General Medicine,Csl Behring,etranacogene dezaparvovec,68.76,89.39,222,2027-09-13,IN_STOCK
0053-0220,Hemgenix Kit,General Medicine,Csl Behring,etranacogene dezaparvovec,146.19,190.05,279,2028-09-08,IN_STOCK
0053-0230,Hemgenix Kit,General Medicine,Csl Behring,etranacogene dezaparvovec,77.14,100.28,290,2027-07-01,IN_STOCK
0053-0240,Hemgenix Kit,General Medicine,Csl Behring,etranacogene dezaparvovec,121.17,157.52,397,2027-12-09,IN_STOCK
0053-0250,Hemgenix Kit,General Medicine,Csl Behring,etranacogene dezaparvovec,16.44,21.37,333,2027-04-03,IN_STOCK
0053-0260,Hemgenix Kit,General Medicine,Csl Behring,etranacogene dezaparvovec,84.09,109.32,189,2027-01-14,IN_STOCK
0053-0270,Hemgenix Kit,General Medicine,Csl Behring,etranacogene dezaparvovec,16.61,21.59,363,2027-07-30,IN_STOCK
0053-0280,Hemgenix Kit,General Medicine,Csl Behring,etranacogene dezaparvovec,49.44,64.27,333,2028-10-04,IN_STOCK
0053-0290,Hemgenix Kit,General Medicine,Csl Behring,etranacogene dezaparvovec,66.79,86.83,378,2027-12-29,IN_STOCK
0053-0300,Hemgenix Kit,General Medicine,Csl Behring,etranacogene dezaparvovec,55.97,72.76,46,2028-10-14,IN_STOCK
0053-0310,Hemgenix Kit,General Medicine,Csl Behring,etranacogene dezaparvovec,131.16,170.51,205,2028-06-21,IN_STOCK
0053-0320,Hemgenix Kit,General Medicine,Csl Behring,etranacogene dezaparvovec,149.73,194.65,165,2028-07-16,IN_STOCK
0053-0330,Hemgenix Kit,General Medicine,Csl Behring,etranacogene dezaparvovec,147.1,191.23,54,2026-12-16,IN_STOCK
0053-0340,Hemgenix Kit,General Medicine,Csl Behring,etranacogene dezaparvovec,102.32,133.02,232,2027-10-08,IN_STOCK
0053-0350,Hemgenix Kit,General Medicine,Csl Behring,etranacogene dezaparvovec,79.4,103.22,372,2027-03-13,IN_STOCK
0053-0360,Hemgenix Kit,General Medicine,Csl Behring,etranacogene dezaparvovec,143.15,186.1,98,2028-06-14,IN_STOCK
0053-0370,Hemgenix Kit,General Medicine,Csl Behring,etranacogene dezaparvovec,103.32,134.32,249,2026-11-05,IN_STOCK
0053-0380,Hemgenix Kit,General Medicine,Csl Behring,etranacogene dezaparvovec,23.3,30.29,145,2028-12-06,IN_STOCK
0053-0390,Hemgenix Kit,General Medicine,Csl Behring,etranacogene dezaparvovec,98.55,128.12,210,2027-10-28,IN_STOCK
0053-0400,Hemgenix Kit,General Medicine,Csl Behring,etranacogene dezaparvovec,142.67,185.47,41,2028-06-11,IN_STOCK
0053-0410,Hemgenix Kit,General Medicine,Csl Behring,etranacogene dezaparvovec,27.25,35.43,255,2027-10-15,IN_STOCK
0053-0420,Hemgenix Kit,General Medicine,Csl Behring,etranacogene dezaparvovec,58.94,76.62,64,2028-05-10,IN_STOCK
0053-0430,Hemgenix Kit,General Medicine,Csl Behring,etranacogene dezaparvovec,24.97,32.46,212,2027-11-12,IN_STOCK
0053-0440,Hemgenix Kit,General Medicine,Csl Behring,etranacogene dezaparvovec,50.59,65.77,167,2027-06-13,IN_STOCK
0053-0450,Hemgenix Kit,General Medicine,Csl Behring,etranacogene dezaparvovec,144.28,187.56,38,2028-10-23,IN_STOCK
0053-0460,Hemgenix Kit,General Medicine,Csl Behring,etranacogene dezaparvovec,31.98,41.57,290,2027-11-01,IN_STOCK
0053-0470,Hemgenix Kit,General Medicine,Csl Behring,etranacogene dezaparvovec,137.46,178.7,85,2027-06-26,IN_STOCK
0053-0480,Hemgenix Kit,General Medicine,Csl Behring,etranacogene dezaparvovec,117.37,152.58,385,2027-12-31,IN_STOCK
0053-7201,Zemaira Kit,General Medicine,Csl Behring Llc,alpha-1-proteinase inhibitor human,36.11,46.94,338,2027-07-20,IN_STOCK
0053-7202,Zemaira Kit,General Medicine,Csl Behring Llc,.ALPHA.1-PROTEINASE INHIBITOR HUMAN,105.63,137.32,276,2027-04-23,IN_STOCK
0053-7203,Zemaira Kit,General Medicine,Csl Behring Llc,.ALPHA.1-PROTEINASE INHIBITOR HUMAN,22.78,29.61,62,2028-01-06,IN_STOCK
0054-0007,Calcitriol Capsule,Cholecalciferol [CS],Hikma Pharmaceuticals Usa Inc.,Calcitriol,30.04,39.05,390,2027-12-30,IN_STOCK
0054-0010,Flecainide Acetate Tablet,Antiarrhythmic [EPC],Hikma Pharmaceuticals Usa Inc.,flecainide acetate,149.6,194.48,374,2027-08-24,IN_STOCK
0054-0011,Flecainide Acetate Tablet,Antiarrhythmic [EPC],Hikma Pharmaceuticals Usa Inc.,flecainide acetate,101.84,132.39,388,2026-12-06,IN_STOCK
0054-0012,Flecainide Acetate Tablet,Antiarrhythmic [EPC],Hikma Pharmaceuticals Usa Inc.,flecainide acetate,84.75,110.17,173,2027-08-04,IN_STOCK
0054-0017,Prednisone Tablet,Corticosteroid Hormone Receptor Agonists [MoA],Hikma Pharmaceuticals Usa Inc.,PredniSONE,128.45,166.98,389,2028-09-26,IN_STOCK
0054-0018,Prednisone Tablet,Corticosteroid Hormone Receptor Agonists [MoA],Hikma Pharmaceuticals Usa Inc.,PredniSONE,139.46,181.3,351,2027-03-28,IN_STOCK
0054-0019,Prednisone Tablet,Corticosteroid Hormone Receptor Agonists [MoA],Hikma Pharmaceuticals Usa Inc.,PredniSONE,120.09,156.12,285,2027-05-18,IN_STOCK
0054-0020,"Lithium Carbonate Tablet, Extended Release",Mood Stabilizer [EPC],Hikma Pharmaceuticals Usa Inc.,Lithium Carbonate,22.6,29.38,127,2028-12-20,IN_STOCK
0054-0021,"Lithium Carbonate Tablet, Extended Release",Mood Stabilizer [EPC],Hikma Pharmaceuticals Usa Inc.,Lithium Carbonate,25.14,32.68,277,2026-10-27,IN_STOCK
0054-0045,Ipratropium Bromide Spray,Anticholinergic [EPC],Hikma Pharmaceuticals Usa Inc.,Ipratropium Bromide,57.33,74.53,318,2027-10-13,IN_STOCK
0054-0046,Ipratropium Bromide Spray,Anticholinergic [EPC],Hikma Pharmaceuticals Usa Inc.,Ipratropium Bromide,72.77,94.6,307,2027-02-10,IN_STOCK
0054-0057,Digoxin Solution,Cardiac Glycoside [EPC],Hikma Pharmaceuticals Usa Inc.,Digoxin,93.73,121.85,69,2026-12-07,IN_STOCK
0054-0062,Citalopram Solution,Serotonin Reuptake Inhibitor [EPC],Hikma Pharmaceuticals Usa Inc.,Citalopram,49.85,64.81,392,2028-10-06,IN_STOCK
0054-0064,Ondansetron Hydrochloride Solution,Serotonin 3 Receptor Antagonists [MoA],Hikma Pharmaceuticals Usa Inc.,Ondansetron Hydrochloride,74.41,96.73,235,2028-11-26,IN_STOCK
0054-0077,Torsemide Tablet,Increased Diuresis at Loop of Henle [PE],Hikma Pharmaceuticals Usa Inc.,Torsemide,64.37,83.68,319,2026-12-15,IN_STOCK
0054-0079,Balsalazide Disodium Capsule,Aminosalicylate [EPC],Hikma Pharmaceuticals Usa Inc.,Balsalazide Disodium,23.17,30.12,187,2028-07-19,IN_STOCK
0054-0084,Zaleplon Capsule,Central Nervous System Depression [PE],Hikma Pharmaceuticals Usa Inc.,Zaleplon,15.75,20.48,263,2028-08-27,IN_STOCK
0054-0085,Zaleplon Capsule,Central Nervous System Depression [PE],Hikma Pharmaceuticals Usa Inc.,Zaleplon,80.02,104.03,90,2028-12-07,IN_STOCK
0054-0088,Calcium Acetate Capsule,Blood Coagulation Factor [EPC],Hikma Pharmaceuticals Usa Inc.,Calcium Acetate,84.94,110.42,325,2027-04-05,IN_STOCK
0054-0106,Ramipril Capsule,Angiotensin Converting Enzyme Inhibitor [EPC],Hikma Pharmaceuticals Usa Inc.,Ramipril,116.33,151.23,91,2027-12-18,IN_STOCK
0054-0107,Ramipril Capsule,Angiotensin Converting Enzyme Inhibitor [EPC],Hikma Pharmaceuticals Usa Inc.,Ramipril,77.92,101.3,53,2027-02-05,IN_STOCK
0054-0108,Ramipril Capsule,Angiotensin Converting Enzyme Inhibitor [EPC],Hikma Pharmaceuticals Usa Inc.,Ramipril,80.12,104.16,180,2027-03-18,IN_STOCK
0054-0109,Ramipril Capsule,Angiotensin Converting Enzyme Inhibitor [EPC],Hikma Pharmaceuticals Usa Inc.,Ramipril,28.49,37.04,388,2027-05-19,IN_STOCK
0054-0137,Galantamine Hydrobromide Solution,Cholinesterase Inhibitor [EPC],Hikma Pharmaceuticals Usa Inc.,Galantamine Hydrobromide,55.17,71.72,290,2027-07-18,IN_STOCK
0054-0140,Acarbose Tablet,alpha Glucosidase Inhibitors [MoA],Hikma Pharmaceuticals Usa Inc.,Acarbose,127.66,165.96,153,2027-04-20,IN_STOCK
0054-0141,Acarbose Tablet,alpha Glucosidase Inhibitors [MoA],Hikma Pharmaceuticals Usa Inc.,Acarbose,97.08,126.2,307,2027-07-09,IN_STOCK
0054-0142,Acarbose Tablet,alpha Glucosidase Inhibitors [MoA],Hikma Pharmaceuticals Usa Inc.,Acarbose,23.15,30.09,180,2028-06-21,IN_STOCK
0054-0166,Mycophenolate Mofetil Tablet,Antimetabolite Immunosuppressant [EPC],Hikma Pharmaceuticals Usa Inc.,Mycophenolate Mofetil,82.35,107.05,282,2028-07-18,IN_STOCK
0054-0176,Buprenorphine Tablet,Partial Opioid Agonist [EPC],Hikma Pharmaceuticals Usa Inc.,Buprenorphine,29.45,38.29,322,2027-03-07,IN_STOCK
0054-0177,Buprenorphine Tablet,Partial Opioid Agonist [EPC],Hikma Pharmaceuticals Usa Inc.,Buprenorphine,29.82,38.77,344,2028-10-07,IN_STOCK
0054-0188,Buprenorphine And Naloxone Tablet,Opioid Antagonist [EPC],Hikma Pharmaceuticals Usa Inc.,buprenorphine and naloxone,135.79,176.53,197,2028-04-30,IN_STOCK
0054-0189,Buprenorphine And Naloxone Tablet,Opioid Antagonist [EPC],Hikma Pharmaceuticals Usa Inc.,buprenorphine and naloxone,10.97,14.26,39,2026-12-23,IN_STOCK
0054-0220,Quetiapine Fumarate Tablet,Atypical Antipsychotic [EPC],Hikma Pharmaceuticals Usa Inc.,Quetiapine Fumarate,11.59,15.07,353,2028-11-28,IN_STOCK
0054-0221,Quetiapine Fumarate Tablet,Atypical Antipsychotic [EPC],Hikma Pharmaceuticals Usa Inc.,Quetiapine Fumarate,88.63,115.22,358,2027-05-04,IN_STOCK
0054-0222,Quetiapine Fumarate Tablet,Atypical Antipsychotic [EPC],Hikma Pharmaceuticals Usa Inc.,Quetiapine Fumarate,116.21,151.07,238,2028-06-24,IN_STOCK
0054-0223,Quetiapine Fumarate Tablet,Atypical Antipsychotic [EPC],Hikma Pharmaceuticals Usa Inc.,Quetiapine Fumarate,97.65,126.95,279,2028-07-04,IN_STOCK
0054-0229,Quetiapine Fumarate Tablet,Atypical Antipsychotic [EPC],Hikma Pharmaceuticals Usa Inc.,Quetiapine Fumarate,84.11,109.34,353,2027-08-06,IN_STOCK
0054-0230,Quetiapine Fumarate Tablet,Atypical Antipsychotic [EPC],Hikma Pharmaceuticals Usa Inc.,Quetiapine Fumarate,75.03,97.54,375,2027-11-20,IN_STOCK
0054-0235,Morphine Sulfate Tablet,Full Opioid Agonists [MoA],Hikma Pharmaceuticals Usa Inc.,Morphine Sulfate,48.13,62.57,62,2028-09-05,IN_STOCK
0054-0236,Morphine Sulfate Tablet,Full Opioid Agonists [MoA],Hikma Pharmaceuticals Usa Inc.,Morphine Sulfate,13.69,17.8,250,2027-11-30,IN_STOCK
0054-0237,Morphine Sulfate Solution,Full Opioid Agonists [MoA],Hikma Pharmaceuticals Usa Inc.,Morphine Sulfate,75.22,97.79,129,2027-09-14,IN_STOCK
0054-0238,Morphine Sulfate Solution,Full Opioid Agonists [MoA],Hikma Pharmaceuticals Usa Inc.,Morphine Sulfate,92.97,120.86,185,2028-10-05,IN_STOCK
0054-0243,Codeine Sulfate Tablet,Full Opioid Agonists [MoA],Hikma Pharmaceuticals Usa Inc.,codeine sulfate,51.3,66.69,201,2027-11-13,IN_STOCK
0054-0244,Codeine Sulfate Tablet,Full Opioid Agonists [MoA],Hikma Pharmaceuticals Usa Inc.,codeine sulfate,23.96,31.15,214,2028-03-11,IN_STOCK
0054-0245,Codeine Sulfate Tablet,Full Opioid Agonists [MoA],Hikma Pharmaceuticals Usa Inc.,codeine sulfate,86.44,112.37,188,2027-06-05,IN_STOCK
0054-0254,Irbesartan And Hydrochlorothiazide Tablet,Angiotensin 2 Receptor Antagonists [MoA],Hikma Pharmaceuticals Usa Inc.,Irbesartan and Hydrochlorothiazide,72.64,94.43,161,2028-01-04,IN_STOCK
0054-0255,Irbesartan And Hydrochlorothiazide Tablet,Angiotensin 2 Receptor Antagonists [MoA],Hikma Pharmaceuticals Usa Inc.,Irbesartan and Hydrochlorothiazide,40.95,53.24,74,2026-11-21,IN_STOCK
0054-0273,Imipramine Pamoate Capsule,Tricyclic Antidepressant [EPC],Hikma Pharmaceuticals Usa Inc,Imipramine Pamoate,47.08,61.2,221,2028-06-22,IN_STOCK
0054-0274,Imipramine Pamoate Capsule,Tricyclic Antidepressant [EPC],Hikma Pharmaceuticals Usa Inc,Imipramine Pamoate,65.63,85.32,106,2027-09-01,IN_STOCK
0054-0275,Imipramine Pamoate Capsule,Tricyclic Antidepressant [EPC],Hikma Pharmaceuticals Usa Inc,Imipramine Pamoate,140.39,182.51,394,2027-08-17,IN_STOCK
0054-0276,Imipramine Pamoate Capsule,Tricyclic Antidepressant [EPC],Hikma Pharmaceuticals Usa Inc,Imipramine Pamoate,32.53,42.29,106,2028-02-23,IN_STOCK
0054-0278,Naratriptan Tablet,Serotonin 1b Receptor Agonists [MoA],Hikma Pharmaceuticals Usa Inc.,Naratriptan,149.42,194.25,264,2028-02-23,IN_STOCK
0054-0279,Naratriptan Tablet,Serotonin 1b Receptor Agonists [MoA],Hikma Pharmaceuticals Usa Inc.,Naratriptan,132.47,172.21,279,2026-10-24,IN_STOCK
0054-0282,Alendronate Sodium Solution,Bisphosphonate [EPC],Hikma Pharmaceuticals Usa Inc.,Alendronate Sodium,18.06,23.48,226,2028-03-01,IN_STOCK
0054-0283,Oxymorphone Hydrochloride Tablet,Full Opioid Agonists [MoA],Hikma Pharmaceuticals Usa Inc.,oxymorphone hydrochloride,71.3,92.69,148,2027-05-09,IN_STOCK
0054-0284,Oxymorphone Hydrochloride Tablet,Full Opioid Agonists [MoA],Hikma Pharmaceuticals Usa Inc.,oxymorphone hydrochloride,89.58,116.45,49,2026-11-21,IN_STOCK
0054-0319,"Linezolid Powder, For Suspension",Oxazolidinone Antibacterial [EPC],Hikma Pharmaceuticals Usa Inc.,linezolid,45.8,59.54,330,2028-07-31,IN_STOCK
0054-0326,Fluticasone Propionate And Salmeterol Powder,Adrenergic beta2-Agonists [MoA],Hikma Pharmaceuticals Usa Inc.,fluticasone propionate and salmeterol,102.52,133.28,171,2028-04-02,IN_STOCK
0054-0327,Fluticasone Propionate And Salmeterol Powder,Adrenergic beta2-Agonists [MoA],Hikma Pharmaceuticals Usa Inc.,fluticasone propionate and salmeterol,6.19,8.05,80,2027-12-16,IN_STOCK
0054-0328,Fluticasone Propionate And Salmeterol Powder,Adrenergic beta2-Agonists [MoA],Hikma Pharmaceuticals Usa Inc.,fluticasone propionate and salmeterol,24.42,31.75,160,2028-10-14,IN_STOCK
0054-0334,Cevimeline Hydrochloride Capsule,Cholinergic Muscarinic Agonists [MoA],Hikma Pharmaceuticals Usa Inc.,Cevimeline Hydrochloride,58.04,75.45,231,2027-10-10,IN_STOCK
0054-0370,Lisdexamfetamine Dimesylate Capsule,Central Nervous System Stimulant [EPC],Hikma Pharmaceuticals Usa Inc.,lisdexamfetamine dimesylate,11.56,15.03,51,2028-05-06,IN_STOCK
0054-0371,Lisdexamfetamine Dimesylate Capsule,Central Nervous System Stimulant [EPC],Hikma Pharmaceuticals Usa Inc.,lisdexamfetamine dimesylate,86.46,112.4,210,2028-04-19,IN_STOCK
0054-0372,Lisdexamfetamine Dimesylate Capsule,Central Nervous System Stimulant [EPC],Hikma Pharmaceuticals Usa Inc.,lisdexamfetamine dimesylate,46.85,60.91,222,2028-02-29,IN_STOCK
0054-0373,Lisdexamfetamine Dimesylate Capsule,Central Nervous System Stimulant [EPC],Hikma Pharmaceuticals Usa Inc.,lisdexamfetamine dimesylate,70.3,91.39,306,2027-07-14,IN_STOCK
0054-0374,Lisdexamfetamine Dimesylate Capsule,Central Nervous System Stimulant [EPC],Hikma Pharmaceuticals Usa Inc.,lisdexamfetamine dimesylate,124.67,162.07,344,2028-08-27,IN_STOCK
0054-0375,Lisdexamfetamine Dimesylate Capsule,Central Nervous System Stimulant [EPC],Hikma Pharmaceuticals Usa Inc.,lisdexamfetamine dimesylate,93.6,121.68,90,2027-01-08,IN_STOCK
0054-0382,Cyclophosphamide Capsule,General Medicine,Hikma Pharmaceuticals Usa Inc.,Cyclophosphamide,62.12,80.76,198,2028-04-24,IN_STOCK
0054-0383,Cyclophosphamide Capsule,General Medicine,Hikma Pharmaceuticals Usa Inc.,Cyclophosphamide,141.15,183.5,98,2027-04-22,IN_STOCK
0054-0386,Hydromorphone Hydrochloride Solution,Full Opioid Agonists [MoA],Hikma Pharmaceuticals Usa Inc.,hydromorphone hydrochloride,92.36,120.07,230,2028-02-25,IN_STOCK
0054-0389,Methamphetamine Hydrochloride Tablet,Amphetamine Anorectic [EPC],Hikma Pharmaceuticals Usa Inc.,Methamphetamine Hydrochloride,10.84,14.09,44,2027-02-18,IN_STOCK
0054-0390,Oxycodone Hydrochloride Solution,Full Opioid Agonists [MoA],Hikma Pharmceuticals Usa Inc.,oxycodone hydrochloride,108.47,141.01,267,2028-03-15,IN_STOCK
0054-0391,Methadone Hydrochloride Concentrate,Full Opioid Agonists [MoA],Hikma Pharmaceuticals Usa,Methadone Hydrochloride,71.26,92.64,335,2028-03-11,IN_STOCK
0054-0392,Methadone Hydrochloride Concentrate,Full Opioid Agonists [MoA],Hikma Pharmaceuticals Usa,Methadone Hydrochloride,25.27,32.85,338,2027-08-23,IN_STOCK
0054-0400,"Desvenlafaxine Tablet, Film Coated, Extended Release",Cytochrome P450 2D6 Inhibitors [MoA],Hikma Pharmaceuticals Usa Inc.,Desvenlafaxine,28.56,37.13,340,2028-10-27,IN_STOCK
0054-0401,"Desvenlafaxine Tablet, Film Coated, Extended Release",Cytochrome P450 2D6 Inhibitors [MoA],Hikma Pharmaceuticals Usa Inc.,Desvenlafaxine,127.18,165.33,328,2027-09-10,IN_STOCK
0054-0413,Febuxostat Tablet,Xanthine Oxidase Inhibitor [EPC],Hikma Pharmaceuticals Usa Inc,Febuxostat,78.56,102.13,285,2028-03-29,IN_STOCK
0054-0414,Febuxostat Tablet,Xanthine Oxidase Inhibitor [EPC],Hikma Pharmaceuticals Usa Inc,Febuxostat,76.03,98.84,313,2027-08-03,IN_STOCK
0054-0425,"Rufinamide Tablet, Film Coated",General Medicine,Hikma Pharmaceuticals Usa Inc.,Rufinamide,73.86,96.02,33,2027-10-13,IN_STOCK
0054-0426,"Rufinamide Tablet, Film Coated",General Medicine,Hikma Pharmaceuticals Usa Inc.,Rufinamide,53.03,68.94,81,2027-12-01,IN_STOCK
0054-0438,Levorphanol Tartrate Tablet,Full Opioid Agonists [MoA],Hikma Pharmaceuticals Usa Inc.,LEVORPHANOL TARTRATE,89.64,116.53,396,2028-09-04,IN_STOCK
0054-0449,Posaconazole Suspension,Azole Antifungal [EPC],Hikma Pharmaceuticals Usa Inc.,posaconazole,96.24,125.11,330,2028-01-29,IN_STOCK
0054-0470,Everolimus Tablet,Cytochrome P450 2D6 Inhibitors [MoA],Hikma Pharmaceuticals Usa Inc.,Everolimus,43.5,56.55,360,2028-12-10,IN_STOCK
0054-0471,Everolimus Tablet,Cytochrome P450 2D6 Inhibitors [MoA],Hikma Pharmaceuticals Usa Inc.,Everolimus,145.95,189.73,321,2028-05-14,IN_STOCK
0054-0472,Everolimus Tablet,Cytochrome P450 2D6 Inhibitors [MoA],Hikma Pharmaceuticals Usa Inc.,Everolimus,37.99,49.39,51,2028-05-20,IN_STOCK
0054-0480,Everolimus Tablet,Cytochrome P450 2D6 Inhibitors [MoA],Hikma Pharmaceuticals Usa Inc.,Everolimus,74.67,97.07,293,2028-07-06,IN_STOCK
0054-0481,Everolimus Tablet,Cytochrome P450 2D6 Inhibitors [MoA],Hikma Pharmaceuticals Usa Inc.,Everolimus,109.57,142.44,219,2027-03-01,IN_STOCK
0054-0482,Everolimus Tablet,Cytochrome P450 2D6 Inhibitors [MoA],Hikma Pharmaceuticals Usa Inc.,Everolimus,124.14,161.38,149,2026-11-02,IN_STOCK
0054-0497,Everolimus Tablet,Cytochrome P450 2D6 Inhibitors [MoA],Hikma Pharmaceuticals Usa Inc.,Everolimus,88.02,114.43,383,2027-01-21,IN_STOCK
0054-0508,Icosapent Ethyl Capsule,General Medicine,Hikma Pharmaceuticals Usa Inc.,Icosapent Ethyl,32.66,42.46,250,2027-08-18,IN_STOCK
0054-0517,Morphine Sulfate Solution,Full Opioid Agonists [MoA],Hikma Pharmaceuticals Usa Inc.,Morphine Sulfate,65.72,85.44,236,2028-09-07,IN_STOCK
0054-0528,Rufinamide Suspension,General Medicine,Hikma Pharmaceuticals Usa Inc.,Rufinamide,34.56,44.93,281,2028-12-02,IN_STOCK
0054-0576,"Deferiprone Tablet, Coated",Iron Chelating Activity [MoA],Hikma Pharmaceuticals Usa Inc.,Deferiprone,93.66,121.76,266,2028-10-23,IN_STOCK
0054-0603,"Desvenlafaxine Tablet, Film Coated, Extended Release",Cytochrome P450 2D6 Inhibitors [MoA],Hikma Pharmaceuticals Usa Inc.,Desvenlafaxine,110.47,143.61,386,2027-02-19,IN_STOCK
0054-0604,Everolimus Tablet,Cytochrome P450 2D6 Inhibitors [MoA],Hikma Pharmaceuticals Usa Inc.,Everolimus,80.21,104.27,312,2027-08-29,IN_STOCK
0054-0621,Icosapent Ethyl Capsule,General Medicine,Hikma Pharmaceuticals Usa Inc.,Icosapent Ethyl,149.73,194.65,269,2028-03-22,IN_STOCK
0054-0622,Dicyclomine Hydrochloride Solution,Anticholinergic [EPC],Hikma Pharmaceuticals Usa Inc.,Dicyclomine Hydrochloride,59.64,77.53,113,2028-01-14,IN_STOCK
0054-0650,"Butalbital, Acetaminophen, Caffeine And Codeine Phosphate Capsule",Barbiturate [EPC],Hikma Pharmaceuticals Usa Inc.,"Butalbital, Acetaminophen, Caffeine and Codeine Phosphate",137.26,178.44,200,2028-04-12,IN_STOCK
0054-0652,Vigabatrin Tablet,Anti-epileptic Agent [EPC],Hikma Pharmaceuticals Usa Inc,Vigabatrin,56.37,73.28,394,2028-08-28,IN_STOCK
0054-0660,Lisdexamfetamine Dimesylate Capsule,Central Nervous System Stimulant [EPC],Hikma Pharmaceuticals Usa Inc.,lisdexamfetamine dimesylate,98.28,127.76,379,2027-06-28,IN_STOCK
0054-0668,Alvimopan Capsule,Opioid Antagonist [EPC],Hikma Pharmaceuticals Usa Inc.,Alvimopan,93.46,121.5,123,2027-06-10,IN_STOCK
0054-0709,Methadone Hydrochloride Tablet,Full Opioid Agonists [MoA],Hikma Pharmaceuticals Usa Inc.,METHADONE HYDROCHLORIDE,45.46,59.1,177,2027-05-19,IN_STOCK
0054-0710,Methadone Hydrochloride Tablet,Full Opioid Agonists [MoA],Hikma Pharmaceuticals Usa Inc.,METHADONE HYDROCHLORIDE,141.52,183.98,177,2028-11-28,IN_STOCK
0054-0711,"Deferiprone Tablet, Coated",Iron Chelating Activity [MoA],Hikma Pharmaceuticals Usa Inc.,Deferiprone,46.91,60.98,131,2028-09-06,IN_STOCK
0054-0742,"Albuterol Sulfate Aerosol, Metered",Adrenergic beta2-Agonists [MoA],Hikma Pharmaceuticals Usa Inc.,Albuterol Sulfate,107.22,139.39,187,2028-02-04,IN_STOCK
0054-0748,Dicyclomine Hydrochloride Capsule,Anticholinergic [EPC],Hikma Pharmaceuticals Usa Inc.,Dicyclomine hydrochloride,55.58,72.25,394,2027-07-08,IN_STOCK
0054-0749,"Prucalopride Tablet, Film Coated",Serotonin 4 Receptor Agonists [MoA],Hikma Pharmaceuticals Usa Inc,Prucalopride,46.73,60.75,318,2028-08-23,IN_STOCK
0054-0750,"Prucalopride Tablet, Film Coated",Serotonin 4 Receptor Agonists [MoA],Hikma Pharmaceuticals Usa Inc,Prucalopride,83.76,108.89,227,2027-09-19,IN_STOCK
0054-0812,Pyrazinamide Tablet,Antimycobacterial [EPC],Hikma Pharmaceuticals Usa Inc,pyrazinamide,143.42,186.45,99,2027-07-25,IN_STOCK
0054-0829,Progesterone Capsule,Progesterone [CS],Hikma Pharmaceuticals Usa Inc,Progesterone,11.1,14.43,390,2026-12-20,IN_STOCK
0054-0830,Progesterone Capsule,Progesterone [CS],Hikma Pharmaceuticals Usa Inc,Progesterone,55.22,71.79,251,2028-08-02,IN_STOCK
0054-0843,Hydrocodone Bitartrate And Acetaminophen Liquid,Opioid Agonist [EPC],Hikma Pharmaceuticals Usa Inc.,HYDROCODONE BITARTRATE AND ACETAMINOPHEN,42.18,54.83,270,2027-05-08,IN_STOCK
0054-0879,Mercaptopurine Suspension,Nucleic Acid Synthesis Inhibitors [MoA],Hikma Pharmaceuticals Usa Inc.,MERCAPTOPURINE,34.3,44.59,300,2027-07-05,IN_STOCK
0054-0906,Sapropterin Dihydrochloride Tablet,Breast Cancer Resistance Protein Inhibitors [MoA],Hikma Pharmaceuticals Usa Inc.,sapropterin dihydrochloride,140.29,182.38,381,2027-07-06,IN_STOCK
0054-0936,"Tapentadol Tablet, Film Coated, Extended Release",Opioid Agonist [EPC],Hikma Pharmaceuticals Usa Inc.,Tapentadol Hydrochloride,24.9,32.37,340,2028-10-28,IN_STOCK
0054-0937,"Tapentadol Tablet, Film Coated, Extended Release",Opioid Agonist [EPC],Hikma Pharmaceuticals Usa Inc.,Tapentadol Hydrochloride,90.09,117.12,149,2026-11-21,IN_STOCK
0054-0938,"Tapentadol Tablet, Film Coated, Extended Release",Opioid Agonist [EPC],Hikma Pharmaceuticals Usa Inc.,Tapentadol Hydrochloride,102.13,132.77,296,2027-05-20,IN_STOCK
0054-0939,"Tapentadol Tablet, Film Coated, Extended Release",Opioid Agonist [EPC],Hikma Pharmaceuticals Usa Inc.,Tapentadol Hydrochloride,97.5,126.75,51,2027-01-11,IN_STOCK
0054-0940,"Tapentadol Tablet, Film Coated, Extended Release",Opioid Agonist [EPC],Hikma Pharmaceuticals Usa Inc.,Tapentadol Hydrochloride,64.93,84.41,392,2028-01-27,IN_STOCK
0054-0942,"Tapentadol Tablet, Film Coated",Opioid Agonist [EPC],Hikma Pharmaceuticals Usa Inc.,Tapentadol Hydrochloride,19.58,25.45,95,2026-10-06,IN_STOCK
0054-0943,"Tapentadol Tablet, Film Coated",Opioid Agonist [EPC],Hikma Pharmaceuticals Usa Inc.,Tapentadol Hydrochloride,144.86,188.32,105,2027-11-21,IN_STOCK
0054-0945,"Tapentadol Tablet, Film Coated",Opioid Agonist [EPC],Hikma Pharmaceuticals Usa Inc.,Tapentadol Hydrochloride,99.67,129.57,268,2028-02-01,IN_STOCK
0054-1100,Aminocaproic Acid Syrup,Antifibrinolytic Agent [EPC],Hikma Pharmaceuticals Usa Inc.,Aminocaproic Acid,99.33,129.13,172,2027-08-25,IN_STOCK
0054-1110,Aminocaproic Acid Tablet,Antifibrinolytic Agent [EPC],Hikma Pharmaceuticals Usa Inc.,Aminocaproic Acid,46.39,60.31,55,2028-11-26,IN_STOCK
0054-1950,Indomethacin Suppository,Anti-Inflammatory Agents,Hikma Pharmaceuticals Usa Inc.,Indomethacin,17.97,23.36,318,2027-05-26,IN_STOCK
0054-2526,"Lithium Carbonate Capsule, Gelatin Coated",Mood Stabilizer [EPC],Hikma Pharmaceuticals Usa Inc.,Lithium Carbonate,82.6,107.38,395,2026-11-08,IN_STOCK
0054-2527,"Lithium Carbonate Capsule, Gelatin Coated",Mood Stabilizer [EPC],Hikma Pharmaceuticals Usa Inc.,Lithium Carbonate,137.42,178.65,114,2027-12-02,IN_STOCK
0054-2531,"Lithium Carbonate Capsule, Gelatin Coated",Mood Stabilizer [EPC],Hikma Pharmaceuticals Usa Inc.,Lithium Carbonate,132.93,172.81,115,2026-11-07,IN_STOCK
0054-3000,"Butalbital, Acetaminophen, Caffeine And Codeine Phosphate Capsule",Barbiturate [EPC],Hikma Pharmaceuticals Usa Inc.,"Butalbital, Acetaminophen, Caffeine and Codeine Phosphate",149.59,194.47,228,2028-12-15,IN_STOCK
0054-3068,"Alprazolam Solution, Concentrate",Benzodiazepine [EPC],Hikma Pharmaceuticals Usa Inc.,Alprazolam,76.83,99.88,173,2026-11-08,IN_STOCK
0054-3090,"Butorphanol Tartrate Spray, Metered",Competitive Opioid Antagonists [MoA],Hikma Pharmaceuticals Usa Inc.,Butorphanol Tartrate,6.34,8.24,315,2028-06-09,IN_STOCK
0054-3120,Calcitriol Solution,Cholecalciferol [CS],Hikma Pharmaceuticals Usa Inc.,Calcitriol,20.56,26.73,196,2027-07-19,IN_STOCK
0054-3176,"Dexamethasone Intensol Solution, Concentrate",Corticosteroid Hormone Receptor Agonists [MoA],"Hikma Pharmaceuticals Usa, Inc.",Dexamethasone Intensol,70.88,92.14,353,2028-04-09,IN_STOCK
0054-3177,Dexamethasone Solution,Corticosteroid Hormone Receptor Agonists [MoA],"Hikma Pharmaceuticals Usa, Inc.",Dexamethasone,81.03,105.34,93,2028-02-29,IN_STOCK
0054-3185,"Diazepam Intensol Solution, Concentrate",Benzodiazepine [EPC],Hikma Pharmaceuticals Usa Inc.,Diazepam Intensol,72.86,94.72,123,2027-01-24,IN_STOCK
0054-3188,Diazepam Solution,Benzodiazepine [EPC],Hikma Pharmaceuticals Usa Inc.,Diazepam,52.95,68.84,399,2028-01-13,IN_STOCK
0054-3194,Diphenoxylate Hydrochloride And Atropine Sulfate Solution,Anticholinergic [EPC],Hikma Pharmaceuticals Usa Inc.,Diphenoxylate Hydrochloride and Atropine Sulfate,99.0,128.7,392,2027-04-09,IN_STOCK
0054-3270,"Fluticasone Propionate Spray, Metered",Corticosteroid Hormone Receptor Agonists [MoA],Hikma Pharmaceuticals Usa Inc.,Fluticasone Propionate,7.04,9.15,197,2028-12-18,IN_STOCK
0054-3294,Furosemide Solution,Increased Diuresis at Loop of Henle [PE],Hikma Pharmaceuticals Usa Inc.,Furosemide,47.78,62.11,370,2028-11-14,IN_STOCK
0054-3298,Furosemide Solution,Increased Diuresis at Loop of Henle [PE],Hikma Pharmaceuticals Usa Inc.,Furosemide,33.01,42.91,337,2028-07-16,IN_STOCK
0054-3500,Lidocaine Viscous Solution,Amide Local Anesthetic [EPC],Hikma Pharmaceuticals Usa Inc.,Lidocaine Hydrochloride,135.07,175.59,243,2028-03-11,IN_STOCK
0054-3505,Lidocaine Hydrochloride Solution,Amide Local Anesthetic [EPC],Hikma Pharmaceuticals Usa Inc.,Lidocaine Hydrochloride,52.55,68.31,230,2028-08-16,IN_STOCK
0054-3532,"Lorazepam Solution, Concentrate",Benzodiazepine [EPC],Hikma Pharmaceuticals Usa Inc.,Lorazepam,18.83,24.48,96,2028-02-01,IN_STOCK
0054-3545,Meperidine Hydrochloride Solution,Full Opioid Agonists [MoA],Hikma Pharmaceuticals Usa Inc.,Meperidine Hydrochloride,51.92,67.5,152,2026-10-07,IN_STOCK
0054-3553,Methadone Hydrochloride Concentrate,Full Opioid Agonists [MoA],Hikma Pharmaceuticals Usa Inc.,Methadone Hydrochloride,42.81,55.65,145,2028-01-01,IN_STOCK
0054-3555,Methadone Hydrochloride Solution,Full Opioid Agonists [MoA],Hikma Pharmaceuticals Usa Inc.,Methadone Hydrochloride,114.29,148.58,193,2027-08-06,IN_STOCK
0054-3556,Methadone Hydrochloride Solution,Full Opioid Agonists [MoA],Hikma Pharmaceuticals Usa Inc.,Methadone Hydrochloride,89.46,116.3,318,2026-10-12,IN_STOCK
0054-3566,Midazolam Hydrochloride Syrup,Benzodiazepine [EPC],Hikma Pharmaceuticals Usa Inc.,Midazolam Hydrochloride,42.93,55.81,209,2028-09-09,IN_STOCK
0054-3630,Naproxen Suspension,Anti-Inflammatory Agents,Hikma Pharmaceuticals Usa Inc.,Naproxen,39.26,51.04,366,2027-01-30,IN_STOCK
0054-3721,"Prednisone Intensol Solution, Concentrate",Corticosteroid Hormone Receptor Agonists [MoA],Hikma Pharmaceuticals Usa Inc.,PredniSONE Intensol,72.48,94.22,106,2027-11-20,IN_STOCK
0054-3722,Prednisone Solution,Corticosteroid Hormone Receptor Agonists [MoA],Hikma Pharmaceuticals Usa Inc.,PredniSONE,104.48,135.82,385,2028-11-27,IN_STOCK
0054-3727,Propranolol Hydrochloride Solution,Adrenergic beta-Antagonists [MoA],Hikma Pharmaceuticals Usa Inc.,Propranolol Hydrochloride,50.09,65.12,85,2028-07-16,IN_STOCK
0054-3730,Propranolol Hydrochloride Solution,Adrenergic beta-Antagonists [MoA],Hikma Pharmaceuticals Usa Inc.,Propranolol Hydrochloride,137.84,179.19,176,2027-10-12,IN_STOCK
0054-4146,Clotrimazole Lozenge,Azole Antifungal [EPC],Hikma Pharmacuticals Usa Usa Inc.,Clotrimazole,94.12,122.36,137,2027-02-14,IN_STOCK
0054-4179,Dexamethasone Tablet,Corticosteroid Hormone Receptor Agonists [MoA],"Hikma Pharmaceuticals Usa, Inc.",Dexamethasone,74.34,96.64,257,2028-11-04,IN_STOCK
0054-4180,Dexamethasone Tablet,Corticosteroid Hormone Receptor Agonists [MoA],"Hikma Pharmaceuticals Usa, Inc.",Dexamethasone,148.38,192.89,216,2027-11-30,IN_STOCK
0054-4181,Dexamethasone Tablet,Corticosteroid Hormone Receptor Agonists [MoA],"Hikma Pharmaceuticals Usa, Inc.",Dexamethasone,106.78,138.81,266,2028-11-14,IN_STOCK
0054-4182,Dexamethasone Tablet,Corticosteroid Hormone Receptor Agonists [MoA],"Hikma Pharmaceuticals Usa, Inc.",Dexamethasone,82.94,107.82,365,2027-05-12,IN_STOCK
0054-4183,Dexamethasone Tablet,Corticosteroid Hormone Receptor Agonists [MoA],"Hikma Pharmaceuticals Usa, Inc.",Dexamethasone,115.47,150.11,373,2028-11-11,IN_STOCK
0054-4184,Dexamethasone Tablet,Corticosteroid Hormone Receptor Agonists [MoA],"Hikma Pharmaceuticals Usa, Inc.",Dexamethasone,91.39,118.81,66,2028-03-22,IN_STOCK
0054-4186,Dexamethasone Tablet,Corticosteroid Hormone Receptor Agonists [MoA],"Hikma Pharmaceuticals Usa, Inc.",Dexamethasone,69.78,90.71,385,2027-10-06,IN_STOCK
0054-4297,Furosemide Tablet,Increased Diuresis at Loop of Henle [PE],Hikma Pharmaceuticals Usa Inc.,Furosemide,16.32,21.22,313,2027-01-23,IN_STOCK
0054-4299,Furosemide Tablet,Increased Diuresis at Loop of Henle [PE],Hikma Pharmaceuticals Usa Inc.,Furosemide,13.95,18.13,305,2028-03-01,IN_STOCK
0054-4301,Furosemide Tablet,Increased Diuresis at Loop of Henle [PE],Hikma Pharmaceuticals Usa Inc.,Furosemide,34.31,44.6,299,2027-03-03,IN_STOCK
0054-4496,Leucovorin Calcium Tablet,Folate Analog [EPC],Hikma Pharmaceuticals Usa Inc.,Leucovorin Calcium,28.86,37.52,291,2027-12-27,IN_STOCK
0054-4497,Leucovorin Calcium Tablet,Folate Analog [EPC],Hikma Pharmaceuticals Usa Inc.,Leucovorin Calcium,21.85,28.41,130,2028-10-04,IN_STOCK
0054-4498,Leucovorin Calcium Tablet,Folate Analog [EPC],Hikma Pharmaceuticals Usa Inc.,Leucovorin Calcium,89.56,116.43,71,2028-03-06,IN_STOCK
0054-4499,Leucovorin Calcium Tablet,Folate Analog [EPC],Hikma Pharmaceuticals Usa Inc.,Leucovorin Calcium,69.59,90.47,53,2028-01-08,IN_STOCK
0054-4527,Lithium Carbonate Tablet,Mood Stabilizer [EPC],Hikma Pharmaceuticals Usa Inc.,Lithium Carbonate,24.13,31.37,237,2028-01-11,IN_STOCK
0054-4538,Diskets Tablet,Full Opioid Agonists [MoA],Hikma Pharmaceuticals Usa Inc.,Methadone Hydrochloride,86.77,112.8,311,2028-01-17,IN_STOCK
0054-4550,Methotrexate Sodium Tablet,Folate Analog Metabolic Inhibitor [EPC],Hikma Pharmaceuticals Usa Inc.,Methotrexate Sodium,102.55,133.31,182,2028-10-10,IN_STOCK
0054-4581,Mercaptopurine Tablet,Nucleic Acid Synthesis Inhibitors [MoA],Hikma Pharmaceuticals Usa Inc.,Mercaptopurine,8.16,10.61,155,2026-10-04,IN_STOCK
0054-4582,Mercaptopurine Suspension,Nucleic Acid Synthesis Inhibitors [MoA],Hikma Pharmaceuticals Usa Inc.,MERCAPTOPURINE,113.14,147.08,321,2026-12-14,IN_STOCK
0054-4728,Prednisone Tablet,Corticosteroid Hormone Receptor Agonists [MoA],Hikma Pharmaceuticals Usa Inc.,PredniSONE,11.57,15.04,201,2028-09-17,IN_STOCK
0054-4741,Prednisone Tablet,Corticosteroid Hormone Receptor Agonists [MoA],Hikma Pharmaceuticals Usa Inc.,PredniSONE,14.25,18.53,55,2026-12-10,IN_STOCK
0054-4742,Prednisone Tablet,Corticosteroid Hormone Receptor Agonists [MoA],Hikma Pharmaceuticals Usa Inc.,PredniSONE,147.99,192.39,266,2026-11-02,IN_STOCK
0054-8174,Dexamethasone Tablet,Corticosteroid Hormone Receptor Agonists [MoA],"Hikma Pharmaceuticals Usa, Inc.",Dexamethasone,46.63,60.62,117,2028-11-26,IN_STOCK
0054-8175,Dexamethasone Tablet,Corticosteroid Hormone Receptor Agonists [MoA],"Hikma Pharmaceuticals Usa, Inc.",Dexamethasone,24.64,32.03,353,2028-10-16,IN_STOCK
0054-8176,Dexamethasone Tablet,Corticosteroid Hormone Receptor Agonists [MoA],"Hikma Pharmaceuticals Usa, Inc.",Dexamethasone,98.65,128.25,240,2027-10-19,IN_STOCK
0054-8179,Dexamethasone Tablet,Corticosteroid Hormone Receptor Agonists [MoA],"Hikma Pharmaceuticals Usa, Inc.",Dexamethasone,148.96,193.65,220,2028-01-03,IN_STOCK
0054-8180,Dexamethasone Tablet,Corticosteroid Hormone Receptor Agonists [MoA],"Hikma Pharmaceuticals Usa, Inc.",Dexamethasone,131.09,170.42,218,2027-10-20,IN_STOCK
0054-8181,Dexamethasone Tablet,Corticosteroid Hormone Receptor Agonists [MoA],"Hikma Pharmaceuticals Usa, Inc.",Dexamethasone,16.64,21.63,363,2028-04-05,IN_STOCK
0054-8183,Dexamethasone Tablet,Corticosteroid Hormone Receptor Agonists [MoA],"Hikma Pharmaceuticals Usa, Inc.",Dexamethasone,24.28,31.56,203,2027-01-30,IN_STOCK
0054-8297,Furosemide Tablet,Increased Diuresis at Loop of Henle [PE],Hikma Pharmaceuticals Usa Inc.,Furosemide,30.88,40.14,300,2027-11-07,IN_STOCK
0054-8299,Furosemide Tablet,Increased Diuresis at Loop of Henle [PE],Hikma Pharmaceuticals Usa Inc.,Furosemide,81.68,106.18,397,2027-05-17,IN_STOCK
0054-8301,Furosemide Tablet,Increased Diuresis at Loop of Henle [PE],Hikma Pharmaceuticals Usa Inc.,Furosemide,126.05,163.87,36,2027-08-02,IN_STOCK
0054-8496,Leucovorin Calcium Tablet,Folate Analog [EPC],Hikma Pharmaceuticals Usa Inc.,Leucovorin Calcium,72.14,93.78,393,2028-04-10,IN_STOCK
0054-8526,"Lithium Carbonate Capsule, Gelatin Coated",Mood Stabilizer [EPC],Hikma Pharmaceuticals Usa Inc.,Lithium Carbonate,66.5,86.45,219,2027-05-24,IN_STOCK
0054-8527,"Lithium Carbonate Capsule, Gelatin Coated",Mood Stabilizer [EPC],Hikma Pharmaceuticals Usa Inc.,Lithium Carbonate,40.89,53.16,202,2027-03-08,IN_STOCK
0054-8528,Lithium Carbonate Tablet,Mood Stabilizer [EPC],Hikma Pharmaceuticals Usa Inc.,Lithium Carbonate,44.97,58.46,396,2028-11-22,IN_STOCK
0054-8724,Prednisone Tablet,Corticosteroid Hormone Receptor Agonists [MoA],Hikma Pharmaceuticals Usa Inc.,PredniSONE,21.36,27.77,363,2027-12-04,IN_STOCK
0054-8739,Prednisone Tablet,Corticosteroid Hormone Receptor Agonists [MoA],Hikma Pharmaceuticals Usa Inc.,PredniSONE,94.16,122.41,33,2027-06-04,IN_STOCK
0054-8740,Prednisone Tablet,Corticosteroid Hormone Receptor Agonists [MoA],Hikma Pharmaceuticals Usa Inc.,PredniSONE,34.88,45.34,76,2028-05-31,IN_STOCK
0054-9628,Sodium Oxybate Solution,Central Nervous System Depressant [EPC],Hikma Pharmaceuticals Usa Inc.,sodium oxybate,9.87,12.83,331,2028-08-19,IN_STOCK
0054-9817,Prednisone Tablet,Corticosteroid Hormone Receptor Agonists [MoA],Hikma Pharmaceuticals Usa Inc.,PredniSONE,106.98,139.07,49,2027-06-08,IN_STOCK
0054-9818,Prednisone Tablet,Corticosteroid Hormone Receptor Agonists [MoA],Hikma Pharmaceuticals Usa Inc.,PredniSONE,112.38,146.09,230,2027-12-24,IN_STOCK
0054-9828,Prednisone Tablet,Corticosteroid Hormone Receptor Agonists [MoA],Hikma Pharmaceuticals Usa Inc.,PredniSONE,38.98,50.67,136,2028-11-11,IN_STOCK
0065-0023,Miostat Solution,Cholinergic Agonists [MoA],"Alcon Laboratories, Inc.",carbachol,130.24,169.31,53,2027-02-21,IN_STOCK
0065-0085,Naphcon A Solution/ Drops,General Medicine,"Alcon Laboratories, Inc.",naphazoline hydrochloride and pheniramine maleate,78.06,101.48,173,2027-05-28,IN_STOCK
0065-0092,"Fluorescite Injection, Solution",Diagnostic Dye [EPC],"Alcon, Inc.",fluorescein sodium,123.29,160.28,399,2028-05-12,IN_STOCK
0065-0303,Isopto Atropine Solution,Anticholinergic [EPC],"Alcon Laboratories, Inc.",atropine sulfate,51.24,66.61,331,2028-11-30,IN_STOCK
0065-0343,Phenylephrine Hydrochloride Solution/ Drops,Adrenergic alpha1-Agonists [MoA],"Alcon Laboratories, Inc.",Phenylephrine Hydrochloride,102.52,133.28,189,2027-05-31,IN_STOCK
0065-0349,Phenylephrine Hydrochloride Solution/ Drops,Adrenergic alpha1-Agonists [MoA],"Alcon Laboratories, Inc.",Phenylephrine Hydrochloride,48.76,63.39,98,2028-08-07,IN_STOCK
0065-0355,Mydriacyl Solution/ Drops,Anticholinergic [EPC],"Alcon Laboratories, Inc.",tropicamide,80.58,104.75,236,2027-08-04,IN_STOCK
0065-0359,Cyclomydril Solution/ Drops,Adrenergic alpha1-Agonists [MoA],"Alcon Laboratories, Inc.",cyclopentolate hydrochloride and phenylephrine hydrochloride,44.9,58.37,310,2028-05-28,IN_STOCK
0065-0395,Cyclogyl Solution/ Drops,General Medicine,"Alcon Laboratories, Inc.",cyclopentolate hydrochloride,132.56,172.33,114,2028-07-03,IN_STOCK
0065-0396,Cyclogyl Solution/ Drops,General Medicine,"Alcon Laboratories, Inc.",cyclopentolate hydrochloride,103.42,134.45,309,2028-02-20,IN_STOCK
0065-0397,Cyclogyl Solution/ Drops,General Medicine,"Alcon Laboratories, Inc.",cyclopentolate hydrochloride,11.8,15.34,201,2028-07-20,IN_STOCK
0065-0408,Alcon Tears Lubricant Eye Drops Solution/ Drops,General Medicine,"Alcon Laboratories, Inc.",hypromellose 2910,102.34,133.04,293,2027-08-23,IN_STOCK
0065-0411,Betadine Solution,General Medicine,"Alcon Laboratories, Inc.",povidone-iodine,105.96,137.75,234,2027-03-02,IN_STOCK
0065-0419,Bion Tears Solution/ Drops,Increased Intravascular Volume [PE],"Alcon Laboratories, Inc.","Dextran, Hypromellose",48.48,63.02,119,2028-11-11,IN_STOCK
0065-0426,Genteal Tears (Moderate) Solution/ Drops,Allergens [CS],"Alcon Laboratories, Inc.","Dextran 70, Glycerin, Hypromellose",83.0,107.9,148,2027-05-19,IN_STOCK
0065-0429,Systane Lubricant Solution/ Drops,General Medicine,"Alcon Laboratories, Inc.",polyethylene glycol 400 and Propylene Glycol,48.61,63.19,387,2027-02-25,IN_STOCK
0065-0431,Systane Solution/ Drops,General Medicine,Alcon Research Ltd,polyethylene glycol and propylene glycol,121.84,158.39,54,2028-04-28,IN_STOCK
0065-0454,Systane Gel,General Medicine,"Alcon Laboratories, Inc.",polyethylene glycol 400 and propylene glycol,64.84,84.29,238,2028-04-23,IN_STOCK
0065-0474,Systane Gel,General Medicine,"Alcon Laboratories, Inc.",hypromellose,81.85,106.41,223,2027-06-06,IN_STOCK
0065-0481,Systane Complete Emulsion,General Medicine,"Alcon Laboratories, Inc.",propylene glycol,41.97,54.56,194,2028-07-24,IN_STOCK
0065-0509,Systane Nighttime Ointment,General Medicine,"Alcon Laboratories, Inc.",mineral oil and white petrolatum,16.47,21.41,255,2027-10-15,IN_STOCK
0065-0518,Genteal Ointment,General Medicine,"Alcon Laboratories, Inc.","mineral oil, white petrolatum",18.41,23.93,395,2027-04-14,IN_STOCK
0065-0741,Tetracaine Hydrochloride Solution,Ester Local Anesthetic [EPC],"Alcon Laboratories, Inc.",tetracaine hydrochloride,12.47,16.21,218,2028-08-20,IN_STOCK
0065-0795,Bss Solution,Blood Coagulation Factor [EPC],"Alcon Laboratories, Inc.",balanced salt solution,92.72,120.54,45,2026-12-14,IN_STOCK
0065-0800,Bss Plus Kit,General Medicine,"Alcon Laboratories, Inc.","balanced salt solution enriched with bicarbonate, dextrose, and glutathione",32.28,41.96,325,2028-10-11,IN_STOCK
0065-0816,Pataday Once Daily Relief Solution,Decreased Histamine Release [PE],"Alcon Laboratories, Inc.",OLOPATADINE HYDROCHLORIDE,102.36,133.07,136,2028-02-03,IN_STOCK
0065-0817,Atropine Sulfate Solution,Anticholinergic [EPC],"Alcon Laboratories, Inc.",atropine sulfate,35.29,45.88,195,2027-08-07,IN_STOCK
0065-1431,Systane Ultra Solution/ Drops,General Medicine,"Alcon Laboratories, Inc.",Polyethylene Glycol 400 and Propylene Glycol,143.77,186.9,32,2027-05-05,IN_STOCK
0065-1432,Systane Solution/ Drops,General Medicine,"Alcon Laboratories, Inc.",polyethylene glycol 400 and propylene glycol,140.89,183.16,85,2028-11-03,IN_STOCK
0065-1433,Systane Balance Emulsion,General Medicine,"Alcon Laboratories, Inc.",propylene glycol,149.94,194.92,270,2027-06-06,IN_STOCK
0065-1437,Systane Hydration Pf Preservative Free Solution/ Drops,General Medicine,"Alcon Laboratories, Inc.",Polyethylene Glycol 400 and Propylene Glycol,105.87,137.63,385,2027-04-28,IN_STOCK
0065-1502,Systane Day And Night Value Pack Kit,General Medicine,"Alcon Laboratories, Inc.","Polyethylene Glycol 400, Propylene Glycol 0.3%",62.51,81.26,147,2028-04-18,IN_STOCK
0065-1507,Systane Ultra Preservative Free Solution/ Drops,General Medicine,"Alcon Laboratories, Inc.",Polyethylene Glycol 400 and Propylene Glycol,51.63,67.12,169,2027-10-25,IN_STOCK
0065-1509,Systane Complete Pf Emulsion,General Medicine,"Alcon Laboratories, Inc.",propylene glycol,72.61,94.39,357,2027-10-03,IN_STOCK
0065-1510,Systane Hydration Pf Preservative Free Solution/ Drops,General Medicine,"Alcon Laboratories, Inc.",Polyethylene Glycol 400 and Propylene Glycol,49.72,64.64,209,2028-03-09,IN_STOCK
0065-1530,Systane Complete Pf Emulsion,General Medicine,"Alcon Laboratories, Inc.",propylene glycol,133.01,172.91,263,2027-01-09,IN_STOCK
0065-1795,Bss Solution,Blood Coagulation Factor [EPC],"Alcon Laboratories, Inc.",balanced salt solution,121.41,157.83,394,2028-01-24,IN_STOCK
0065-2509,Systane Complete Pf Emulsion,General Medicine,"Alcon Laboratories, Inc.",Propylene Glycol Emulsion,115.44,150.07,188,2027-04-27,IN_STOCK
0065-3290,Systane Pro Pf Emulsion,General Medicine,"Alcon Laboratories, Inc.",Propylene Glycol,58.75,76.38,236,2026-11-16,IN_STOCK
0065-4011,Zaditor Solution,Histamine H1 Receptor Antagonists [MoA],"Alcon Laboratories, Inc.",ketotifen fumarate,86.57,112.54,138,2028-10-29,IN_STOCK
0065-4147,Simbrinza Suspension/ Drops,Adrenergic alpha-Agonists [MoA],"Alcon Laboratories, Inc.",brinzolamide/brimonidine tartrate,26.16,34.01,158,2028-04-19,IN_STOCK
0065-4274,Pataday Twice A Day Relief Solution,Decreased Histamine Release [PE],"Alcon Laboratories, Inc.",OLOPATADINE HYDROCHLORIDE,140.54,182.7,321,2028-10-07,IN_STOCK
0065-8063,Genteal Tears Moderate Preservative Free Solution/ Drops,Increased Intravascular Volume [PE],"Alcon Laboratories, Inc.","dextran 70, hypromellose 2910",65.55,85.22,103,2027-04-19,IN_STOCK
0065-8064,Genteal Tears Gel,General Medicine,"Alcon Laboratories, Inc.",Hypromellose,52.83,68.68,219,2028-05-06,IN_STOCK
0065-8067,Genteal Tears Gel Drops Gel,General Medicine,"Alcon Laboratories, Inc.",polyethylene glycol 400 and propylene glycol,125.84,163.59,280,2028-04-16,IN_STOCK
0065-8150,Pataday Once Daily Relief Solution,Decreased Histamine Release [PE],"Alcon Laboratories, Inc.",OLOPATADINE HYDROCHLORIDE,99.92,129.9,375,2027-09-11,IN_STOCK
0065-8595,Tryptyr Solution,General Medicine,"Alcon Laboratories, Inc.",Acoltremon,42.31,55.0,275,2028-10-10,IN_STOCK
0065-9305,Bion Tears Solution/ Drops,Increased Intravascular Volume [PE],"Alcon Laboratories, Inc.","Dextran, Hypromellose",98.05,127.47,276,2028-01-15,IN_STOCK
0065-9308,Systane Pro Pf Emulsion,General Medicine,"Alcon Laboratories, Inc.",Propylene Glycol,29.39,38.21,205,2027-03-23,IN_STOCK
0067-0100,"Theraflu Severe Cold Relief Daytime Powder, For Solution",Sigma-1 Agonist [EPC],Haleon Us Holdings Llc,"ACETAMINOPHEN, DEXTROMETHORPHAN HBr",25.29,32.88,304,2028-02-13,IN_STOCK
0067-0101,"Theraflu Severe Cold Relief Nighttime Powder, For Solution",Histamine H1 Receptor Antagonists [MoA],Haleon Us Holdings Llc,"ACETAMINOPHEN, DIPHENHYDRAMINE HCl",31.69,41.2,302,2028-07-19,IN_STOCK
0067-0103,"Theraflu Severe Cold Relief Daytime Honey Ginger Powder, For Solution",Sigma-1 Agonist [EPC],Haleon Us Holdings Llc,"ACETAMINOPHEN, DEXTROMETHORPHAN HBr",143.8,186.94,293,2026-11-04,IN_STOCK
0067-0104,Theraflu Syrup,Decreased Respiratory Secretion Viscosity [PE],Haleon Us Holdings Llc,"Acetaminophen, Dextromethorphan HBr, Guaifenesin",126.66,164.66,63,2028-08-15,IN_STOCK
0067-0105,Theraflu Syrup,Histamine H1 Receptor Antagonists [MoA],Haleon Us Holdings Llc,"Acetaminophen, Diphenhydramine HCl",12.03,15.64,28,2027-11-27,IN_STOCK
0067-0106,"Theraflu Severe Cold Relief Daytime Berry Burst Powder, For Solution",Sigma-1 Agonist [EPC],Haleon Us Holdings Llc,"ACETAMINOPHEN, DEXTROMETHORPHAN HBr",24.94,32.42,347,2027-05-25,IN_STOCK
0067-0107,Theraflu Kit,General Medicine,Haleon Us Holdings Llc,"Acetaminophen, Dextromethorphan HBr, Diphenphydramine HCl, Guaifenesin",14.86,19.32,102,2026-10-10,IN_STOCK
0067-0109,Theraflu Spray,Imidazolines [CS],Haleon Us Holdings Llc,Oxymetazoline HCl,36.71,47.72,258,2027-10-18,IN_STOCK
0067-0110,Theraflu Spray,Imidazolines [CS],Haleon Us Holdings Llc,Oxymetazoline HCl,13.77,17.9,351,2028-08-13,IN_STOCK
0067-0111,"Theraflu Tablet, Chewable",Sigma-1 Agonist [EPC],Haleon Us Holdings Llc,"Acetaminophen, Dextromethorphan HBr",140.42,182.55,272,2028-08-06,IN_STOCK
0067-0112,"Theraflu Tablet, Chewable",Histamine H1 Receptor Antagonists [MoA],Haleon Us Holdings Llc,"Acetaminophen, Diphenhydramine HCl",75.74,98.46,28,2028-03-28,IN_STOCK
0067-0114,Theraflu-D Flu Relief Max Strength Plus Nasal Decongestant Syrup,Adrenergic alpha-Agonists [MoA],Haleon Us Holdings Llc,"Acetaminophen, Chlorpheniramine maleate, Dextromethorphan HBr, Pseudoephedrine HCl",84.99,110.49,31,2026-10-18,IN_STOCK
0067-0115,Theraflu-D Flu Relief Max Strength Plus Nasal Decongestant Syrup,Adrenergic alpha-Agonists [MoA],Haleon Us Holdings Llc,"Acetaminophen, Dextromethorphan HBr, Pseudoephedrine HCl",81.77,106.3,165,2028-04-01,IN_STOCK
0067-0117,"Gas-X Tablet, Chewable",Skin Barrier Activity [PE],Haleon Us Holdings Llc,Simethicone,146.73,190.75,33,2028-02-27,IN_STOCK
0067-0118,"Gas-X Tablet, Chewable",Skin Barrier Activity [PE],Haleon Us Holdings Llc,"Calcium carbonate, Simethicone",122.91,159.78,370,2027-12-15,IN_STOCK
0067-0119,"Gas-X Tablet, Chewable",Skin Barrier Activity [PE],Haleon Us Holdings Llc,"Calcium carbonate, Simethicone",121.89,158.46,116,2027-01-18,IN_STOCK
0067-0122,Theraflu Kit,General Medicine,Haleon Us Holdings Llc,"acetaminophen, dextromethorphan hbr, diphenhydramine hcl",138.12,179.56,293,2027-03-02,IN_STOCK
0067-0123,Theraflu Kit,General Medicine,Haleon Us Holdings Llc,"acetaminophen, dextromethorphan hbr, diphenhydramine hcl",39.94,51.92,342,2028-03-23,IN_STOCK
0067-0129,"Gas-X Tablet, Chewable",Skin Barrier Activity [PE],Haleon Us Holdings Llc,Simethicone,41.6,54.08,206,2027-07-01,IN_STOCK
0067-2000,"Excedrin Tablet, Film Coated",Anti-Inflammatory Agents,Haleon Us Holdings Llc,"Acetaminophen, Aspirin (NSAID), and Caffeine",120.27,156.35,65,2027-10-18,IN_STOCK
0067-2001,"Excedrin Tablet, Film Coated",Anti-Inflammatory Agents,Haleon Us Holdings Llc,"Acetaminophen, Aspirin (NSAID), and Caffeine",144.1,187.33,260,2028-05-01,IN_STOCK
0067-2002,"Excedrin Tablet, Film Coated",Anti-Inflammatory Agents,Haleon Us Holdings Llc,"Acetaminophen, Aspirin (NSAID), Caffeine",40.27,52.35,381,2027-05-20,IN_STOCK
0067-2003,"Excedrin Tablet, Film Coated",Anti-Inflammatory Agents,Haleon Us Holdings Llc,"Acetaminophen, Aspirin (NSAID), Caffeine",48.5,63.05,66,2028-07-31,IN_STOCK
0067-2021,"Excedrin Tablet, Coated",Anti-Inflammatory Agents,Haleon Us Holdings Llc,"Acetaminophen, Asprin, Caffeine",148.79,193.43,357,2028-11-16,IN_STOCK
0067-2035,"Excedrin Tablet, Coated",Anti-Inflammatory Agents,Haleon Us Holdings Llc,"Acetaminophen, Asprin, Caffeine",9.59,12.47,232,2027-10-24,IN_STOCK
0067-2039,"Excedrin Tablet, Film Coated",Anti-Inflammatory Agents,Haleon Us Holdings Llc,"Acetaminophen, Aspirin (NSAID) and Caffeine",59.69,77.6,268,2026-11-27,IN_STOCK
0067-2040,"Excedrin Tablet, Film Coated",Anti-Inflammatory Agents,Haleon Us Holdings Llc,"Acetaminophen, Aspirin, and Caffeine",97.33,126.53,384,2027-03-25,IN_STOCK
0067-2042,"Excedrin Tablet, Film Coated",Anti-Inflammatory Agents,Haleon Us Holdings Llc,"Acetaminophen, Aspirin (NSAID), Caffeine",16.99,22.09,247,2028-07-22,IN_STOCK
0067-2056,"Excedrin Pm Triple Action Caplets Tablet, Coated",Anti-Inflammatory Agents,Haleon Us Holdings Llc,"Acetaminophen, Aspirin (NSAID) and Diphenhydramine Citrate",118.73,154.35,314,2027-01-06,IN_STOCK
0067-2086,4 Way Spray,Adrenergic alpha1-Agonists [MoA],Haleon Us Holdings Llc,Phenylephrine hydrochloride,134.74,175.16,46,2027-05-24,IN_STOCK
0067-6094,"Theraflu Powder, For Solution",Adrenergic alpha1-Agonists [MoA],Haleon Us Holdings Llc,"ACETAMINOPHEN, DEXTROMETHORPHAN, PHENYLEPHRINE",35.66,46.36,379,2028-05-03,IN_STOCK
0067-6095,"Theraflu Powder, For Solution",Adrenergic alpha1-Agonists [MoA],Haleon Us Holdings Llc,"ACETAMINOPHEN, DIPHENHYDRAMINE HCL, PHENYLEPHRINE HCL",73.95,96.14,48,2026-12-16,IN_STOCK
0067-6274,"Gas-X Capsule, Liquid Filled",Skin Barrier Activity [PE],Haleon Us Holdings Llc,Simethicone,104.24,135.51,168,2028-04-09,IN_STOCK
0067-6275,"Gas-X Capsule, Liquid Filled",Skin Barrier Activity [PE],Haleon Us Holdings Llc,Simethicone,86.71,112.72,41,2027-04-02,IN_STOCK
0067-6283,"Gas-X Capsule, Liquid Filled",Skin Barrier Activity [PE],Haleon Us Holdings Llc,Simethicone,139.67,181.57,186,2026-10-17,IN_STOCK
0067-6426,"Theraflu Powder, For Solution",Adrenergic alpha1-Agonists [MoA],Haleon Us Holdings Llc,"ACETAMINOPHEN, DEXTROMETHORPHAN HBr, PHENYLEPHRINE HCl",144.41,187.73,325,2027-02-25,IN_STOCK
0067-6800,Theraflu Severe Cold Relief Daytime Berry Burst Powder,Adrenergic alpha1-Agonists [MoA],Haleon Us Holdings Llc,"Acetaminophen, Dextromethorphan HBr, Phenylephrine Hydrochloride",114.08,148.3,389,2027-11-12,IN_STOCK
0067-6801,Theraflu Severe Cold Relief Nighttime Powder,Adrenergic alpha1-Agonists [MoA],Haleon Us Holdings Llc,"Acetaminophen, Diphenhydramine Hydrochloride, Phenylephrine Hydrochloride",139.69,181.6,178,2027-03-16,IN_STOCK
0067-6802,"Theraflu Powder, For Solution",Adrenergic alpha1-Agonists [MoA],Haleon Us Holdings Llc,"ACETAMINOPHEN, DEXTROMETHORPHAN HBr, PHENYLEPHRINE HCl",86.77,112.8,315,2027-11-03,IN_STOCK
0067-6803,"Theraflu Powder, For Solution",Adrenergic alpha1-Agonists [MoA],Haleon Us Holdings Llc,"ACETAMINOPHEN, DIPHENHYDRAMINE HCl, PHENYLEPHRINE HCl",103.17,134.12,301,2027-09-05,IN_STOCK
0067-6804,Theraflu Severe Cold Relief Daytime And Theraflu Severe Cold Relief Nighttime Kit,General Medicine,Haleon Us Holdings Llc,"Acetaminophen, Dextromethorphan HBr, Phenylephrine HCl, Diphenhydramine HCl",60.66,78.86,96,2028-12-18,IN_STOCK
0067-7917,"Theraflu Powder, For Solution",Adrenergic alpha1-Agonists [MoA],Haleon Us Holdings Llc,"ACETAMINOPHEN, DEXTROMETHORPHAN, PHENYLEPHRINE",148.33,192.83,395,2026-12-20,IN_STOCK
0067-7918,"Theraflu Powder, For Solution",Adrenergic alpha1-Agonists [MoA],Haleon Us Holdings Llc,"ACETAMINOPHEN, DIPHENHYDRAMINE HCL, PHENYLEPHRINE HCL",77.61,100.89,202,2026-11-24,IN_STOCK
0067-7919,Theraflu Multi-Symptom Severe Cold And Theraflu Nighttime Severe Cold And Cough Kit,General Medicine,Haleon Us Holdings Llc,"Acetaminophen, Dextromethorphan HBr, Phenylephrine HCl, Diphenhydramine HCl",19.16,24.91,143,2026-12-17,IN_STOCK
0067-7921,Theraflu Flu Relief Max Strength Powder,Sigma-1 Agonist [EPC],Haleon Us Holdings Llc,"Acetaminophen, Dextromethorphan HBr",54.39,70.71,339,2028-06-01,IN_STOCK
0067-7922,Theraflu Flu Relief Max Strength Powder,Histamine H1 Receptor Antagonists [MoA],Haleon Us Holdings Llc,"Acetaminophen, Chlorpheniramine maleate, Dextromethorphan HBr",62.52,81.28,192,2026-10-31,IN_STOCK
0067-7923,Theraflu Flu Relief Max Strength Kit,General Medicine,Haleon Us Holdings Llc,"Acetaminophen, Dextromethorphan HBr, and Acetaminophen, Chlorpheniramine maleate, Dextromethorphan HBr",96.95,126.04,255,2028-02-15,IN_STOCK
0067-8075,"Gas-X Capsule, Liquid Filled",Skin Barrier Activity [PE],Haleon Us Holdings Llc,Simethicone,38.08,49.5,308,2027-10-20,IN_STOCK
0067-8125,Theraflu Expressmax Kit,General Medicine,Haleon Us Holdings Llc,"Acetaminophen, Dextromethorphan HBr, Phenylephrine HCl and Acetaminophen, Diphenhydramine HCl, Phenylephrine HCl",67.62,87.91,373,2028-05-22,IN_STOCK
0067-8127,Theraflu Expressmax Syrup,Adrenergic alpha1-Agonists [MoA],Haleon Us Holdings Llc,"Acetaminophen, Dextromethorphan HBr, Phenylephrine HCl",100.8,131.04,68,2028-11-29,IN_STOCK
0067-8129,Theraflu Expressmax Syrup,Adrenergic alpha1-Agonists [MoA],Haleon Us Holdings Llc,"Acetaminophen, Diphenhydramine HCl, Phenylephrine HCl",94.7,123.11,151,2028-09-30,IN_STOCK
0067-8132,Theraflu Expressmax Severe Cold And Flu Syrup Syrup,Adrenergic alpha1-Agonists [MoA],Haleon Us Holdings Llc,"Acetaminophen, Dextromethorphan HBr, Guaifenesin, Phenylephrine HCl",15.66,20.36,162,2027-03-07,IN_STOCK
0067-8136,"Theraflu Expressmax Tablet, Film Coated",Adrenergic alpha1-Agonists [MoA],Haleon Us Holdings Llc,"acetaminophen, dextromethorphan HBr, phenylephrine HCl",60.1,78.13,349,2027-03-07,IN_STOCK
0067-8137,"Theraflu Expressmax Tablet, Film Coated",Adrenergic alpha1-Agonists [MoA],Haleon Us Holdings Llc,"acetaminophen, diphenhydramine HCl, phenylephrine HCl",112.25,145.93,187,2027-10-05,IN_STOCK
0067-8139,"Excedrin Tablet, Film Coated",Central Nervous System Stimulant [EPC],Haleon Us Holdings Llc,"Acetaminophen, Caffeine",20.45,26.59,27,2027-08-12,IN_STOCK
0067-8140,"Ex-Lax Tablet, Chewable",General Medicine,Haleon Us Holdings Llc,SENNOSIDES,69.49,90.34,163,2027-01-13,IN_STOCK
0067-8141,Ex-Lax Tablet,General Medicine,Haleon Us Holdings Llc,SENNOSIDES,24.21,31.47,120,2027-12-16,IN_STOCK
0067-8142,Ex-Lax Pill,General Medicine,Haleon Us Holdings Llc,SENNOSIDES,70.08,91.1,309,2028-03-08,IN_STOCK
0067-8143,Perdiem Tablet,General Medicine,Haleon Us Holdings Llc,"Sennosides, stimulant laxative",64.17,83.42,38,2026-12-31,IN_STOCK
0067-8145,"Theraflu Expressmax Severe Cold And Flu Caplets Tablet, Coated",Adrenergic alpha1-Agonists [MoA],Haleon Us Holdings Llc,"Acetaminophen, Dextromethorphan HBr, Guaifenesin, Phenylephrine HCl",56.32,73.22,72,2028-06-03,IN_STOCK
0067-8147,Excedrin Pm Triple Action Caplets And Excedrin Tension Headache Kit,General Medicine,Haleon Us Holdings Llc,"Acetaminophen, Aspirin (NSAID), Caffeine, and Diphenhydramine Citrate",91.72,119.24,191,2027-10-30,IN_STOCK
0067-8148,Excedrin Pm Triple Action Caplets And Excedrin Extra Strength Pain Reliever Kit,General Medicine,Haleon Us Holdings Llc,"Acetaminophen, Aspirin (NSAID), Caffeine, and Diphenhydramine Citrate",6.79,8.83,236,2027-11-02,IN_STOCK
0067-8151,Excedrin Extra Strength And Excedrin Tension Headache Kit,General Medicine,Haleon Us Holdings Llc,"Acetaminophen, Aspirin (NSAID), and Caffeine",117.98,153.37,396,2028-04-25,IN_STOCK
0067-8152,Voltaren Gel,Anti-Inflammatory Agents,Haleon Us Holdings Llc,diclofenac sodium,136.26,177.14,149,2028-05-08,IN_STOCK
0067-8153,Voltaren Kit,General Medicine,Haleon Us Holdings Llc,diclofenac sodium,80.56,104.73,375,2027-10-25,IN_STOCK
0067-8154,Voltaren Kit,General Medicine,Haleon Us Holdings Llc,diclofenac sodium,29.58,38.45,162,2027-08-05,IN_STOCK
0067-8161,Theraflu Flu Relief Maximum Strength Kit,General Medicine,Haleon Us Holdings Llc,"Acetaminophen, Dextromethorphan HBr and Acetaminophen, Chlorpheniramine maleate, Dextromethorphan HBr",43.92,57.1,99,2026-12-04,IN_STOCK
0067-8200,Theraflu Multi-Symptom Severe Cold And Theraflu Nighttime Severe Cold And Cough Kit,General Medicine,Haleon Us Holdings Llc,"Acetaminophen, Dextromethorphan HBr, Phenylephrine HCl, Diphenhydramine HCl",29.25,38.02,166,2027-12-06,IN_STOCK
0067-8201,"Excedrin Tablet, Film Coated",Anti-Inflammatory Agents,Haleon Us Holdings Llc,"Acetaminophen, Aspirin (NSAID) and Caffeine",48.46,63.0,64,2027-10-05,IN_STOCK
0067-8202,"Excedrin Tablet, Film Coated",Anti-Inflammatory Agents,Haleon Us Holdings Llc,"Acetaminophen, Aspirin (NSAID), and Caffeine",41.5,53.95,151,2028-10-08,IN_STOCK
0067-8203,"Excedrin Tablet, Film Coated",Anti-Inflammatory Agents,Haleon Us Holdings Llc,"Acetaminophen, Aspirin (NSAID), and Caffeine",95.63,124.32,329,2028-06-23,IN_STOCK
0067-8204,Theraflu Flu Relief Max Strength Syrup,Sigma-1 Agonist [EPC],Haleon Us Holdings Llc,"Acetaminophen, Dextromethorphan HBr",33.35,43.36,79,2027-02-16,IN_STOCK
0067-8205,Theraflu Flu Relief Max Strength Syrup,Histamine H1 Receptor Antagonists [MoA],Haleon Us Holdings Llc,"Acetaminophen, Chlorpheniramine maleate, Dextromethorphan HBr",49.18,63.93,227,2027-09-06,IN_STOCK
0067-8206,Theraflu Flu Relief Max Strength Kit,General Medicine,Haleon Us Holdings Llc,"Acetaminophen, Dextromethorphan HBr, and Acetaminophen, Chlorpheniramine maleate, Dextromethorphan HBr",127.03,165.14,219,2027-09-03,IN_STOCK
0067-8211,"Theraflu Powder, For Solution",Adrenergic alpha1-Agonists [MoA],Haleon Us Holdings Llc,"ACETAMINOPHEN, DEXTROMETHORPHAN HBr, PHENYLEPHRINE HCl",68.83,89.48,245,2028-07-28,IN_STOCK
0067-8212,"Theraflu Powder, For Solution",Adrenergic alpha1-Agonists [MoA],Haleon Us Holdings Llc,"ACETAMINOPHEN, DIPHENHYDRAMINE HCl, PHENYLEPHRINE HCl",146.26,190.14,94,2027-08-04,IN_STOCK
0068-0597,"Rifadin Iv Injection, Powder, Lyophilized, For Solution",Rifamycin Antibacterial [EPC],Sanofi-Aventis U.S. Llc,rifampin,51.5,66.95,380,2027-04-24,IN_STOCK
0069-0043,Heparin Sodium Injection,Anti-coagulant [EPC],Pfizer Laboratories Div Pfizer Inc,Heparin Sodium,74.46,96.8,115,2027-11-12,IN_STOCK
0069-0106,"Elelyso Injection, Powder, Lyophilized, For Solution",Glucosylceramidase [CS],Pfizer Laboratories Div Pfizer Inc,Taliglucerase alfa,145.47,189.11,174,2028-10-22,IN_STOCK
0069-0135,"Bosulif Tablet, Film Coated",Bcr-Abl Tyrosine Kinase Inhibitors [MoA],Pfizer Laboratories Div Pfizer Inc,Bosutinib,105.77,137.5,276,2028-05-12,IN_STOCK
0069-0136,"Bosulif Tablet, Film Coated",Bcr-Abl Tyrosine Kinase Inhibitors [MoA],Pfizer Laboratories Div Pfizer Inc,Bosutinib,118.39,153.91,191,2027-10-21,IN_STOCK
0069-0145,"Inlyta Tablet, Film Coated",Kinase Inhibitor [EPC],Pfizer Laboratories Div Pfizer Inc,axitinib,45.64,59.33,226,2027-10-09,IN_STOCK
0069-0151,"Inlyta Tablet, Film Coated",Kinase Inhibitor [EPC],Pfizer Laboratories Div Pfizer Inc,axitinib,21.51,27.96,313,2027-04-23,IN_STOCK
0069-0187,Ibrance Capsule,Cytochrome P450 3A Inhibitors [MoA],Pfizer Laboratories Div Pfizer Inc,palbociclib,90.87,118.13,304,2027-04-03,IN_STOCK
0069-0188,Ibrance Capsule,Cytochrome P450 3A Inhibitors [MoA],Pfizer Laboratories Div Pfizer Inc,palbociclib,103.85,135.0,306,2026-10-28,IN_STOCK
0069-0189,Ibrance Capsule,Cytochrome P450 3A Inhibitors [MoA],Pfizer Laboratories Div Pfizer Inc,palbociclib,143.19,186.15,261,2028-09-25,IN_STOCK
0069-0193,"Bosulif Tablet, Film Coated",Bcr-Abl Tyrosine Kinase Inhibitors [MoA],Pfizer Laboratories Div Pfizer Inc,Bosutinib,35.4,46.02,174,2028-09-09,IN_STOCK
0069-0195,Fragmin Injection,Anti-coagulant [EPC],Pfizer Laboratories Div Pfizer Inc,Dalteparin Sodium,15.03,19.54,234,2028-08-20,IN_STOCK
0069-0196,Fragmin Injection,Anti-coagulant [EPC],Pfizer Laboratories Div Pfizer Inc,Dalteparin Sodium,77.4,100.62,349,2027-08-07,IN_STOCK
0069-0197,"Vizimpro Tablet, Film Coated",General Medicine,Pfizer Laboratories Div Pfizer Inc,dacomitinib,40.09,52.12,362,2027-03-07,IN_STOCK
0069-0206,Fragmin Injection,Anti-coagulant [EPC],Pfizer Laboratories Div Pfizer Inc,Dalteparin Sodium,108.71,141.32,218,2026-12-15,IN_STOCK
0069-0209,"Propofol Injection, Emulsion",General Anesthesia [PE],Pfizer Laboratories Div Pfizer Inc,Propofol,70.11,91.14,331,2028-02-03,IN_STOCK
0069-0217,Fragmin Injection,Anti-coagulant [EPC],Pfizer Laboratories Div Pfizer Inc,Dalteparin Sodium,89.43,116.26,298,2028-03-02,IN_STOCK
0069-0220,Fragmin Injection,Anti-coagulant [EPC],Pfizer Laboratories Div Pfizer Inc,Dalteparin Sodium,138.91,180.58,379,2027-12-03,IN_STOCK
0069-0223,Fragmin Injection,Anti-coagulant [EPC],Pfizer Laboratories Div Pfizer Inc,Dalteparin Sodium,83.83,108.98,209,2028-09-18,IN_STOCK
0069-0227,"Lorbrena Tablet, Film Coated",Breast Cancer Resistance Protein Inhibitors [MoA],Pfizer Laboratories Div Pfizer Inc,lorlatinib,134.85,175.31,299,2028-05-31,IN_STOCK
0069-0228,Fragmin Injection,Anti-coagulant [EPC],Pfizer Laboratories Div Pfizer Inc,Dalteparin Sodium,97.54,126.8,68,2027-01-20,IN_STOCK
0069-0231,"Lorbrena Tablet, Film Coated",Breast Cancer Resistance Protein Inhibitors [MoA],Pfizer Laboratories Div Pfizer Inc,lorlatinib,116.5,151.45,361,2028-08-11,IN_STOCK
0069-0232,Fragmin Injection,Anti-coagulant [EPC],Pfizer Laboratories Div Pfizer Inc,Dalteparin Sodium,56.48,73.42,356,2028-06-19,IN_STOCK
0069-0234,"Propofol Injection, Emulsion",General Anesthesia [PE],Pfizer Laboratories Div Pfizer Inc,Propofol,11.42,14.85,355,2028-08-24,IN_STOCK
0069-0235,"Cibinqo Tablet, Film Coated",Janus Kinase Inhibitor [EPC],Pfizer Laboratories Div Pfizer Inc,abrocitinib,98.78,128.41,194,2028-12-24,IN_STOCK
0069-0238,"Ruxience Injection, Solution",CD20-directed Antibody Interactions [MoA],Pfizer Laboratories Div Pfizer Inc,rituximab-pvvr,67.42,87.65,30,2027-01-09,IN_STOCK
0069-0242,"Toviaz Tablet, Film Coated, Extended Release",General Medicine,Pfizer Laboratories Div Pfizer Inc,fesoterodine fumarate,42.52,55.28,286,2028-11-03,IN_STOCK
0069-0244,"Toviaz Tablet, Film Coated, Extended Release",General Medicine,Pfizer Laboratories Div Pfizer Inc,fesoterodine fumarate,80.23,104.3,322,2028-09-04,IN_STOCK
0069-0248,"Propofol Injection, Emulsion",General Anesthesia [PE],Pfizer Laboratories Div Pfizer Inc,Propofol,88.41,114.93,253,2027-10-19,IN_STOCK
0069-0249,"Ruxience Injection, Solution",CD20-directed Antibody Interactions [MoA],Pfizer Laboratories Div Pfizer Inc,rituximab-pvvr,61.71,80.22,372,2028-05-25,IN_STOCK
0069-0251,"Xalkori Capsule, Coated Pellets",Cytochrome P450 2B6 Inhibitors [MoA],Pfizer Laboratories Div Pfizer Inc,CRIZOTINIB,105.11,136.64,102,2027-09-19,IN_STOCK
0069-0252,"Talzenna Capsule, Liquid Filled",Poly(ADP-Ribose) Polymerase Inhibitor [EPC],Pfizer Laboratories Div Pfizer Inc,talazoparib,149.67,194.57,272,2027-01-16,IN_STOCK
0069-0253,Fragmin Injection,Anti-coagulant [EPC],Pfizer Laboratories Div Pfizer Inc,Dalteparin Sodium,47.84,62.19,68,2027-01-27,IN_STOCK
0069-0255,"Doxorubicin Hydrochloride Injection, Solution",Anthracycline Topoisomerase Inhibitor [EPC],Pfizer Laboratories Div Pfizer Inc,Doxorubicin Hydrochloride,125.54,163.2,398,2027-02-23,IN_STOCK
0069-0274,"Velsipity Tablet, Film Coated",Sphingosine 1-Phosphate Receptor Modulators [MoA],Pfizer Laboratories Div Pfizer Inc,etrasimod,55.51,72.16,200,2028-01-10,IN_STOCK
0069-0277,"Doxorubicin Hydrochloride Injection, Solution",Anthracycline Topoisomerase Inhibitor [EPC],Pfizer Laboratories Div Pfizer Inc,Doxorubicin Hydrochloride,118.72,154.34,291,2028-02-07,IN_STOCK
0069-0284,"Ibrance Tablet, Film Coated",Cytochrome P450 3A Inhibitors [MoA],Pfizer Laboratories Div Pfizer Inc,palbociclib,55.5,72.15,74,2027-12-23,IN_STOCK
0069-0291,"Nivestym Injection, Solution",Granulocyte Colony-Stimulating Factor [CS],Pfizer Laboratories Div Pfizer Inc,filgrastim-aafi,109.69,142.6,256,2027-08-23,IN_STOCK
0069-0292,"Nivestym Injection, Solution",Granulocyte Colony-Stimulating Factor [CS],Pfizer Laboratories Div Pfizer Inc,filgrastim-aafi,14.74,19.16,47,2028-09-27,IN_STOCK
0069-0293,"Nivestym Injection, Solution",Granulocyte Colony-Stimulating Factor [CS],Pfizer Laboratories Div Pfizer Inc,filgrastim-aafi,21.69,28.2,200,2028-07-25,IN_STOCK
0069-0294,"Nivestym Injection, Solution",Granulocyte Colony-Stimulating Factor [CS],Pfizer Laboratories Div Pfizer Inc,filgrastim-aafi,20.86,27.12,109,2028-10-28,IN_STOCK
0069-0296,Talzenna Capsule,Poly(ADP-Ribose) Polymerase Inhibitor [EPC],Pfizer Laboratories Div Pfizer Inc,talazoparib,40.37,52.48,114,2028-04-18,IN_STOCK
0069-0297,Ticovac Injection,General Medicine,Pfizer Laboratories Div Pfizer Inc,Tick-Borne Encephalitis Vaccine,28.22,36.69,311,2027-12-11,IN_STOCK
0069-0298,"Daurismo Tablet, Film Coated",Hedgehog Pathway Inhibitor [EPC],Pfizer Laboratories Div Pfizer Inc,glasdegib,143.98,187.17,143,2028-12-25,IN_STOCK
0069-0305,Trazimera Kit,General Medicine,Pfizer Laboratories Div Pfizer Inc,trastuzumab-qyyp,63.73,82.85,119,2027-04-09,IN_STOCK
0069-0308,"Trazimera Injection, Powder, Lyophilized, For Solution",HER2/Neu/cerbB2 Antagonists [MoA],Pfizer Laboratories Div Pfizer Inc,trastuzumab-qyyp,97.87,127.23,246,2027-11-10,IN_STOCK
0069-0315,"Zirabev Injection, Solution",Vascular Endothelial Growth Factor Inhibitor [EPC],Pfizer Laboratories Div Pfizer Inc,bevacizumab-bvzr,9.23,12.0,339,2027-04-21,IN_STOCK
0069-0324,"Nyvepria Injection, Solution",Granulocyte Colony-Stimulating Factor [CS],Pfizer Laboratories Div Pfizer Inc,pegfilgrastim-apgf,70.19,91.25,244,2027-11-03,IN_STOCK
0069-0334,Litfulo Capsule,Cytochrome P450 1A2 Inhibitors [MoA],Pfizer Laboratories Div Pfizer Inc,ritlecitinib,5.65,7.35,134,2027-04-29,IN_STOCK
0069-0335,"Cibinqo Tablet, Film Coated",Janus Kinase Inhibitor [EPC],Pfizer Laboratories Div Pfizer Inc,abrocitinib,45.36,58.97,385,2028-12-24,IN_STOCK
0069-0342,"Zirabev Injection, Solution",Vascular Endothelial Growth Factor Inhibitor [EPC],Pfizer Laboratories Div Pfizer Inc,bevacizumab-bvzr,14.07,18.29,77,2028-12-27,IN_STOCK
0069-0343,"Doxorubicin Hydrochloride Injection, Solution",Anthracycline Topoisomerase Inhibitor [EPC],Pfizer Laboratories Div Pfizer Inc,Doxorubicin Hydrochloride,131.44,170.87,120,2027-10-10,IN_STOCK
0069-0353,"Talzenna Capsule, Liquid Filled",Poly(ADP-Ribose) Polymerase Inhibitor [EPC],Pfizer Laboratories Div Pfizer Inc,talazoparib,52.27,67.95,259,2027-01-25,IN_STOCK
0069-0358,"Doxorubicin Hydrochloride Injection, Solution",Anthracycline Topoisomerase Inhibitor [EPC],Pfizer Laboratories Div Pfizer Inc,Doxorubicin Hydrochloride,43.04,55.95,275,2028-03-24,IN_STOCK
0069-0400,"Zithromax Injection, Powder, Lyophilized, For Solution",Macrolide Antimicrobial [EPC],Pfizer Laboratories Div Pfizer Inc,azithromycin dihydrate,145.06,188.58,185,2028-06-03,IN_STOCK
0069-0411,Ticovac Injection,General Medicine,Pfizer Laboratories Div Pfizer Inc,Tick-Borne Encephalitis Vaccine,61.35,79.76,225,2028-05-24,IN_STOCK
0069-0435,"Cibinqo Tablet, Film Coated",Janus Kinase Inhibitor [EPC],Pfizer Laboratories Div Pfizer Inc,abrocitinib,21.56,28.03,205,2028-01-12,IN_STOCK
0069-0454,"Talzenna Capsule, Liquid Filled",Poly(ADP-Ribose) Polymerase Inhibitor [EPC],Pfizer Laboratories Div Pfizer Inc,talazoparib,94.52,122.88,369,2028-09-22,IN_STOCK
0069-0468,"Chantix Tablet, Film Coated",Cholinergic Agonists [MoA],Pfizer Laboratories Div Pfizer Inc,varenicline tartrate,121.09,157.42,339,2028-05-27,IN_STOCK
0069-0469,"Chantix Tablet, Film Coated",Cholinergic Agonists [MoA],Pfizer Laboratories Div Pfizer Inc,varenicline tartrate,17.29,22.48,93,2027-08-17,IN_STOCK
0069-0471,Chantix Kit,General Medicine,Pfizer Laboratories Div Pfizer Inc,varenicline tartrate,22.09,28.72,181,2027-01-28,IN_STOCK
0069-0486,"Ibrance Tablet, Film Coated",Cytochrome P450 3A Inhibitors [MoA],Pfizer Laboratories Div Pfizer Inc,palbociclib,31.54,41.0,380,2027-02-22,IN_STOCK
0069-0501,"Xeljanz Tablet, Film Coated, Extended Release",Janus Kinase Inhibitor [EPC],Pfizer Laboratories Div Pfizer Inc,tofacitinib,79.07,102.79,239,2028-06-02,IN_STOCK
0069-0502,"Xeljanz Tablet, Film Coated, Extended Release",Janus Kinase Inhibitor [EPC],Pfizer Laboratories Div Pfizer Inc,tofacitinib,24.99,32.49,221,2027-12-08,IN_STOCK
0069-0504,Bosulif Capsule,Bcr-Abl Tyrosine Kinase Inhibitors [MoA],Pfizer Laboratories Div Pfizer Inc,Bosutinib,31.93,41.51,350,2028-04-03,IN_STOCK
0069-0505,"Ngenla Injection, Solution",11-beta Hydroxysteroid Dehydrogenase Type 1 Inhibi,Pfizer Laboratories Div Pfizer Inc,somatrogon-ghla,105.55,137.22,355,2027-03-27,IN_STOCK
0069-0507,"Xalkori Capsule, Coated Pellets",Cytochrome P450 2B6 Inhibitors [MoA],Pfizer Laboratories Div Pfizer Inc,CRIZOTINIB,85.46,111.1,275,2027-07-23,IN_STOCK
0069-0520,"Ngenla Injection, Solution",11-beta Hydroxysteroid Dehydrogenase Type 1 Inhibi,Pfizer Laboratories Div Pfizer Inc,somatrogon-ghla,25.34,32.94,186,2028-01-05,IN_STOCK
0069-0546,"Talzenna Capsule, Liquid Filled",Poly(ADP-Ribose) Polymerase Inhibitor [EPC],Pfizer Laboratories Div Pfizer Inc,talazoparib,94.81,123.25,208,2026-10-10,IN_STOCK
0069-0550,Sutent Capsule,Kinase Inhibitor [EPC],Pfizer Laboratories Div Pfizer Inc,Sunitinib malate,75.27,97.85,124,2027-10-29,IN_STOCK
0069-0600,Penbraya Kit,General Medicine,Pfizer Laboratories Div Pfizer Inc,"meningococcal groups a, b, c, w, and y vaccine",144.76,188.19,283,2028-07-30,IN_STOCK
0069-0655,"Talzenna Capsule, Liquid Filled",Poly(ADP-Ribose) Polymerase Inhibitor [EPC],Pfizer Laboratories Div Pfizer Inc,talazoparib,76.77,99.8,375,2028-02-16,IN_STOCK
0069-0688,"Ibrance Tablet, Film Coated",Cytochrome P450 3A Inhibitors [MoA],Pfizer Laboratories Div Pfizer Inc,palbociclib,65.27,84.85,252,2028-02-13,IN_STOCK
0069-0757,"Talzenna Capsule, Liquid Filled",Poly(ADP-Ribose) Polymerase Inhibitor [EPC],Pfizer Laboratories Div Pfizer Inc,talazoparib,29.25,38.02,314,2026-11-01,IN_STOCK
0069-0770,Sutent Capsule,Kinase Inhibitor [EPC],Pfizer Laboratories Div Pfizer Inc,Sunitinib malate,120.4,156.52,137,2027-07-27,IN_STOCK
0069-0809,"Inflectra Injection, Powder, Lyophilized, For Solution",Tumor Necrosis Factor Blocker [EPC],Pfizer Laboratories Div Pfizer Inc,infliximab-dyyb,9.74,12.66,140,2028-04-03,IN_STOCK
0069-0830,Sutent Capsule,Kinase Inhibitor [EPC],Pfizer Laboratories Div Pfizer Inc,Sunitinib malate,46.86,60.92,259,2028-05-02,IN_STOCK
0069-0980,Sutent Capsule,Kinase Inhibitor [EPC],Pfizer Laboratories Div Pfizer Inc,Sunitinib malate,112.67,146.47,278,2028-04-15,IN_STOCK
0069-1001,"Xeljanz Tablet, Film Coated",Janus Kinase Inhibitor [EPC],Pfizer Laboratories Div Pfizer Inc,tofacitinib,79.07,102.79,318,2027-01-25,IN_STOCK
0069-1002,"Xeljanz Tablet, Film Coated",Janus Kinase Inhibitor [EPC],Pfizer Laboratories Div Pfizer Inc,tofacitinib,43.84,56.99,303,2027-10-11,IN_STOCK
0069-1011,Panzyga Solution,Antigen Neutralization [MoA],Pfizer Laboratories Div Pfizer Inc,immune globulin intravenous (human),83.6,108.68,46,2028-11-17,IN_STOCK
0069-1014,Bosulif Capsule,Bcr-Abl Tyrosine Kinase Inhibitors [MoA],Pfizer Laboratories Div Pfizer Inc,Bosutinib,109.25,142.03,304,2027-05-12,IN_STOCK
0069-1029,Xeljanz Solution,Janus Kinase Inhibitor [EPC],Pfizer Laboratories Div Pfizer Inc,tofacitinib,148.52,193.08,77,2028-10-23,IN_STOCK
0069-1061,Cutaquig Solution,Antigen Neutralization [MoA],Pfizer Laboratories Div Pfizer Inc,immunoglobulin G,125.36,162.97,151,2027-08-01,IN_STOCK
0069-1109,Panzyga Solution,Antigen Neutralization [MoA],Pfizer Laboratories Div Pfizer Inc,immune globulin intravenous (human),131.85,171.41,41,2028-01-04,IN_STOCK
0069-1195,Talzenna Capsule,Poly(ADP-Ribose) Polymerase Inhibitor [EPC],Pfizer Laboratories Div Pfizer Inc,talazoparib,43.11,56.04,69,2027-12-24,IN_STOCK
0069-1198,"Vizimpro Tablet, Film Coated",General Medicine,Pfizer Laboratories Div Pfizer Inc,dacomitinib,130.47,169.61,85,2028-12-03,IN_STOCK
0069-1224,Panzyga Solution,Antigen Neutralization [MoA],Pfizer Laboratories Div Pfizer Inc,immune globulin intravenous (human),122.72,159.54,132,2028-10-25,IN_STOCK
0069-1305,"Retacrit Injection, Solution",Erythropoiesis-stimulating Agent [EPC],Pfizer Laboratories Div Pfizer Inc,epoetin alfa-epbx,90.25,117.33,204,2028-09-27,IN_STOCK
0069-1306,"Retacrit Injection, Solution",Erythropoiesis-stimulating Agent [EPC],Pfizer Laboratories Div Pfizer Inc,epoetin alfa-epbx,93.49,121.54,244,2027-03-19,IN_STOCK
0069-1307,"Retacrit Injection, Solution",Erythropoiesis-stimulating Agent [EPC],Pfizer Laboratories Div Pfizer Inc,epoetin alfa-epbx,94.34,122.64,130,2027-04-30,IN_STOCK
0069-1308,"Retacrit Injection, Solution",Erythropoiesis-stimulating Agent [EPC],Pfizer Laboratories Div Pfizer Inc,epoetin alfa-epbx,121.79,158.33,316,2027-09-25,IN_STOCK
0069-1309,"Retacrit Injection, Solution",Erythropoiesis-stimulating Agent [EPC],Pfizer Laboratories Div Pfizer Inc,epoetin alfa-epbx,82.18,106.83,330,2028-04-04,IN_STOCK
0069-1311,"Retacrit Injection, Solution",Erythropoiesis-stimulating Agent [EPC],Pfizer Laboratories Div Pfizer Inc,epoetin alfa-epbx,29.41,38.23,385,2027-07-27,IN_STOCK
0069-1312,Panzyga Solution,Antigen Neutralization [MoA],Pfizer Laboratories Div Pfizer Inc,immune globulin intravenous (human),46.95,61.04,161,2028-03-10,IN_STOCK
0069-1318,"Retacrit Injection, Solution",Erythropoiesis-stimulating Agent [EPC],Pfizer Laboratories Div Pfizer Inc,epoetin alfa-epbx,147.9,192.27,372,2027-01-06,IN_STOCK
0069-1415,Panzyga Solution,Antigen Neutralization [MoA],Pfizer Laboratories Div Pfizer Inc,immune globulin intravenous (human),24.66,32.06,235,2026-11-30,IN_STOCK
0069-1442,"Doxorubicin Hydrochloride Injection, Solution",Anthracycline Topoisomerase Inhibitor [EPC],Pfizer Laboratories Div Pfizer Inc,Doxorubicin Hydrochloride,148.91,193.58,360,2027-02-07,IN_STOCK
0069-1476,Cutaquig Solution,Antigen Neutralization [MoA],Pfizer Laboratories Div Pfizer Inc,immunoglobulin G,106.71,138.72,92,2027-06-13,IN_STOCK
0069-1500,"Xalkori Capsule, Coated Pellets",Cytochrome P450 2B6 Inhibitors [MoA],Pfizer Laboratories Div Pfizer Inc,CRIZOTINIB,26.21,34.07,189,2027-06-11,IN_STOCK
0069-1501,Talzenna Capsule,Poly(ADP-Ribose) Polymerase Inhibitor [EPC],Pfizer Laboratories Div Pfizer Inc,talazoparib,115.41,150.03,371,2027-11-07,IN_STOCK
0069-1509,Cutaquig Solution,Antigen Neutralization [MoA],Pfizer Laboratories Div Pfizer Inc,immunoglobulin G,75.97,98.76,320,2028-07-09,IN_STOCK
0069-1510,"Hympavzi Injection, Solution",General Medicine,Pfizer Laboratories Div Pfizer Inc,marstacimab-hncq,43.96,57.15,237,2027-10-20,IN_STOCK
0069-1520,Norvasc Tablet,Calcium Channel Antagonists [MoA],Pfizer Laboratories Div Pfizer Inc,amlodipine besylate,70.54,91.7,349,2028-12-22,IN_STOCK
0069-1530,Norvasc Tablet,Calcium Channel Antagonists [MoA],Pfizer Laboratories Div Pfizer Inc,amlodipine besylate,132.62,172.41,72,2027-11-17,IN_STOCK
0069-1531,"Daurismo Tablet, Film Coated",Hedgehog Pathway Inhibitor [EPC],Pfizer Laboratories Div Pfizer Inc,glasdegib,79.76,103.69,167,2028-09-11,IN_STOCK
0069-1540,Norvasc Tablet,Calcium Channel Antagonists [MoA],Pfizer Laboratories Div Pfizer Inc,amlodipine besylate,140.77,183.0,213,2028-01-09,IN_STOCK
0069-1542,"Doxorubicin Hydrochloride Injection, Solution",Anthracycline Topoisomerase Inhibitor [EPC],Pfizer Laboratories Div Pfizer Inc,Doxorubicin Hydrochloride,142.79,185.63,192,2028-05-18,IN_STOCK
0069-1558,Panzyga Solution,Antigen Neutralization [MoA],Pfizer Laboratories Div Pfizer Inc,immune globulin intravenous (human),5.36,6.97,400,2027-01-04,IN_STOCK
0069-1802,Cutaquig Solution,Antigen Neutralization [MoA],Pfizer Laboratories Div Pfizer Inc,immunoglobulin G,110.99,144.29,259,2028-07-12,IN_STOCK
0069-1960,Cutaquig Solution,Antigen Neutralization [MoA],Pfizer Laboratories Div Pfizer Inc,immunoglobulin G,101.3,131.69,208,2026-12-04,IN_STOCK
0069-1965,Cutaquig Solution,Antigen Neutralization [MoA],Pfizer Laboratories Div Pfizer Inc,immunoglobulin G,120.37,156.48,228,2027-05-12,IN_STOCK
0069-1975,"Vyndaqel Capsule, Liquid Filled",General Medicine,Pfizer Laboratories Div Pfizer Inc,tafamidis meglumine,145.38,188.99,133,2028-02-19,IN_STOCK
0069-2151,"Hympavzi Injection, Solution",General Medicine,Pfizer Laboratories Div Pfizer Inc,marstacimab-hncq,43.94,57.12,170,2027-09-11,IN_STOCK
0069-2299,"Vizimpro Tablet, Film Coated",General Medicine,Pfizer Laboratories Div Pfizer Inc,dacomitinib,84.36,109.67,91,2028-05-02,IN_STOCK
0069-2465,"Abrysvo Injection, Powder, Lyophilized, For Solution",General Medicine,Pfizer Laboratories Div Pfizer Inc,Respiratory Syncytial Virus Vaccine,128.6,167.18,200,2028-08-29,IN_STOCK
0069-2501,"Comirnaty Injection, Suspension",General Medicine,Pfizer Laboratories Div Pfizer Inc,"COVID-19 Vaccine, mRNA",115.53,150.19,48,2027-01-10,IN_STOCK
0069-2522,"Elrexfio Injection, Solution",General Medicine,Pfizer Laboratories Div Pfizer Inc,elranatamab-bcmm,95.8,124.54,260,2026-10-17,IN_STOCK
0069-2528,"Comirnaty Injection, Suspension",General Medicine,Pfizer Laboratories Div Pfizer Inc,"COVID-19 Vaccine, mRNA",23.01,29.91,105,2027-12-26,IN_STOCK
0069-2650,"Procardia Tablet, Film Coated, Extended Release",Calcium Channel Antagonists [MoA],Pfizer Laboratories Div Pfizer Inc,nifedipine,71.2,92.56,244,2027-04-26,IN_STOCK
0069-2660,"Procardia Tablet, Film Coated, Extended Release",Calcium Channel Antagonists [MoA],Pfizer Laboratories Div Pfizer Inc,nifedipine,149.38,194.19,92,2028-07-27,IN_STOCK
0069-3060,"Zithromax Tablet, Film Coated",Macrolide Antimicrobial [EPC],Pfizer Laboratories Div Pfizer Inc,azithromycin dihydrate,48.77,63.4,165,2027-01-04,IN_STOCK
0069-3070,"Zithromax Tablet, Film Coated",Macrolide Antimicrobial [EPC],Pfizer Laboratories Div Pfizer Inc,azithromycin dihydrate,99.92,129.9,153,2026-12-24,IN_STOCK
0069-3120,"Zithromax Powder, For Suspension",Macrolide Antimicrobial [EPC],Pfizer Laboratories Div Pfizer Inc,azithromycin dihydrate,58.92,76.6,357,2027-03-19,IN_STOCK
0069-3130,"Zithromax Powder, For Suspension",Macrolide Antimicrobial [EPC],Pfizer Laboratories Div Pfizer Inc,azithromycin dihydrate,12.51,16.26,345,2027-08-09,IN_STOCK
0069-3140,"Zithromax Powder, For Suspension",Macrolide Antimicrobial [EPC],Pfizer Laboratories Div Pfizer Inc,azithromycin dihydrate,110.27,143.35,144,2027-12-14,IN_STOCK
0069-3150,"Zithromax Injection, Powder, Lyophilized, For Solution",Macrolide Antimicrobial [EPC],Pfizer Laboratories Div Pfizer Inc,azithromycin dihydrate,100.05,130.06,385,2027-01-06,IN_STOCK
0069-3358,"Doxorubicin Hydrochloride Injection, Solution",Anthracycline Topoisomerase Inhibitor [EPC],Pfizer Laboratories Div Pfizer Inc,Doxorubicin Hydrochloride,5.16,6.71,269,2026-12-19,IN_STOCK
0069-3500,Zavzpret Spray,Calcitonin Gene-related Peptide Receptor Antagonis,Pfizer Laboratories Div Pfizer Inc,zavegepant,24.24,31.51,140,2028-03-15,IN_STOCK
0069-4031,"Doxorubicin Hydrochloride Injection, Solution",Anthracycline Topoisomerase Inhibitor [EPC],Pfizer Laboratories Div Pfizer Inc,Doxorubicin Hydrochloride,103.6,134.68,29,2026-10-09,IN_STOCK
0069-4061,"Zithromax Tablet, Film Coated",Macrolide Antimicrobial [EPC],Pfizer Laboratories Div Pfizer Inc,azithromycin dihydrate,105.86,137.62,86,2027-12-07,IN_STOCK
0069-4190,"Revatio Tablet, Film Coated",Phosphodiesterase 5 Inhibitor [EPC],Pfizer Laboratories Div Pfizer Inc,sildenafil citrate,105.63,137.32,269,2026-12-12,IN_STOCK
0069-4200,"Viagra Tablet, Film Coated",Phosphodiesterase 5 Inhibitor [EPC],Pfizer Laboratories Div Pfizer Inc,sildenafil citrate,38.2,49.66,70,2028-10-18,IN_STOCK
0069-4205,"Doxorubicin Hydrochloride Injection, Solution",Anthracycline Topoisomerase Inhibitor [EPC],Pfizer Laboratories Div Pfizer Inc,Doxorubicin Hydrochloride,121.86,158.42,77,2027-08-17,IN_STOCK
0069-4210,"Viagra Tablet, Film Coated",Phosphodiesterase 5 Inhibitor [EPC],Pfizer Laboratories Div Pfizer Inc,sildenafil citrate,58.3,75.79,178,2027-02-18,IN_STOCK
0069-4220,"Viagra Tablet, Film Coated",Phosphodiesterase 5 Inhibitor [EPC],Pfizer Laboratories Div Pfizer Inc,sildenafil citrate,60.49,78.64,93,2028-07-18,IN_STOCK
0069-4494,"Elrexfio Injection, Solution",General Medicine,Pfizer Laboratories Div Pfizer Inc,elranatamab-bcmm,148.98,193.67,98,2026-12-10,IN_STOCK
0069-5045,Paxlovid Kit,General Medicine,Pfizer Laboratories Div Pfizer Inc,nirmatrelvir and ritonavir,81.92,106.5,29,2028-06-16,IN_STOCK
0069-5317,Paxlovid Kit,General Medicine,Pfizer Laboratories Div Pfizer Inc,nirmatrelvir and ritonavir,99.25,129.03,250,2027-09-25,IN_STOCK
0069-5321,Paxlovid Kit,General Medicine,Pfizer Laboratories Div Pfizer Inc,nirmatrelvir and ritonavir,109.75,142.68,346,2028-11-05,IN_STOCK
0069-5434,Paxlovid Kit,General Medicine,Pfizer Laboratories Div Pfizer Inc,nirmatrelvir and ritonavir,26.95,35.04,235,2028-06-22,IN_STOCK
0069-5471,"Cerebyx Injection, Solution",Anti-epileptic Agent [EPC],Pfizer Laboratories Div Pfizer Inc,Fosphenytoin Sodium,104.55,135.91,136,2026-12-28,IN_STOCK
0069-5474,"Cerebyx Injection, Solution",Anti-epileptic Agent [EPC],Pfizer Laboratories Div Pfizer Inc,Fosphenytoin Sodium,135.01,175.51,96,2028-11-09,IN_STOCK
0069-5629,"Doxorubicin Hydrochloride Injection, Solution",Anthracycline Topoisomerase Inhibitor [EPC],Pfizer Laboratories Div Pfizer Inc,Doxorubicin Hydrochloride,22.86,29.72,398,2027-10-29,IN_STOCK
0069-5800,Tikosyn Capsule,Antiarrhythmic [EPC],Pfizer Laboratories Div Pfizer Inc,dofetilide,55.97,72.76,244,2027-08-19,IN_STOCK
0069-5810,Tikosyn Capsule,Antiarrhythmic [EPC],Pfizer Laboratories Div Pfizer Inc,dofetilide,119.71,155.62,151,2027-07-11,IN_STOCK
0069-5820,Tikosyn Capsule,Antiarrhythmic [EPC],Pfizer Laboratories Div Pfizer Inc,dofetilide,98.47,128.01,152,2028-04-19,IN_STOCK
0069-5886,Lederle Leucovorin Tablet,Folate Analog [EPC],Pfizer Laboratories Div Pfizer Inc,calcium folinate,92.14,119.78,394,2028-06-14,IN_STOCK
0069-6001,"Cerebyx Injection, Solution",Anti-epileptic Agent [EPC],Pfizer Laboratories Div Pfizer Inc,Fosphenytoin Sodium,46.31,60.2,378,2026-10-28,IN_STOCK
0069-6002,Octagam Immune Globulin (Human) Solution,Antigen Neutralization [MoA],Pfizer Laboratories Div Pfizer Inc,Immune Globulin,127.94,166.32,362,2027-08-05,IN_STOCK
0069-6111,Octagam Immune Globulin (Human) Solution,Antigen Neutralization [MoA],Pfizer Laboratories Div Pfizer Inc,Immune Globulin,34.79,45.23,335,2028-03-05,IN_STOCK
0069-6180,"Caduet Tablet, Film Coated",Calcium Channel Antagonists [MoA],Pfizer Laboratories Div Pfizer Inc,amlodipine and atorvastatin,32.35,42.06,225,2027-07-30,IN_STOCK
0069-6237,Octagam Immune Globulin (Human) Solution,Antigen Neutralization [MoA],Pfizer Laboratories Div Pfizer Inc,Immune Globulin,98.69,128.3,147,2028-02-19,IN_STOCK
0069-6323,"Caduet Tablet, Film Coated",Calcium Channel Antagonists [MoA],Pfizer Laboratories Div Pfizer Inc,amlodipine and atorvastatin,60.95,79.23,148,2028-02-24,IN_STOCK
0069-6339,Octagam Immune Globulin (Human) Solution,Antigen Neutralization [MoA],Pfizer Laboratories Div Pfizer Inc,Immune Globulin,97.52,126.78,61,2028-03-24,IN_STOCK
0069-6550,Octagam Immune Globulin (Human) Solution,Antigen Neutralization [MoA],Pfizer Laboratories Div Pfizer Inc,Immune Globulin,133.87,174.03,31,2027-10-05,IN_STOCK
0069-6565,"Caduet Tablet, Film Coated",Calcium Channel Antagonists [MoA],Pfizer Laboratories Div Pfizer Inc,amlodipine and atorvastatin,140.42,182.55,92,2027-11-01,IN_STOCK
0069-6747,"Caduet Tablet, Film Coated",Calcium Channel Antagonists [MoA],Pfizer Laboratories Div Pfizer Inc,amlodipine and atorvastatin,129.82,168.77,316,2027-12-05,IN_STOCK
0069-7232,"Caduet Tablet, Film Coated",Calcium Channel Antagonists [MoA],Pfizer Laboratories Div Pfizer Inc,amlodipine and atorvastatin,57.98,75.37,374,2027-03-26,IN_STOCK
0069-7476,"Caduet Tablet, Film Coated",Calcium Channel Antagonists [MoA],Pfizer Laboratories Div Pfizer Inc,amlodipine and atorvastatin,115.6,150.28,62,2026-10-18,IN_STOCK
0069-7654,"Caduet Tablet, Film Coated",Calcium Channel Antagonists [MoA],Pfizer Laboratories Div Pfizer Inc,amlodipine and atorvastatin,90.17,117.22,32,2027-06-26,IN_STOCK
0069-7810,"Caduet Tablet, Film Coated",Calcium Channel Antagonists [MoA],Pfizer Laboratories Div Pfizer Inc,amlodipine and atorvastatin,36.28,47.16,55,2028-12-17,IN_STOCK
0069-8140,Xalkori Capsule,Cytochrome P450 2B6 Inhibitors [MoA],Pfizer Laboratories Div Pfizer Inc,CRIZOTINIB,62.71,81.52,171,2028-07-05,IN_STOCK
0069-8141,Xalkori Capsule,Cytochrome P450 2B6 Inhibitors [MoA],Pfizer Laboratories Div Pfizer Inc,CRIZOTINIB,108.33,140.83,237,2027-12-08,IN_STOCK
0069-8400,Octagam Immune Globulin (Human) Solution,Antigen Neutralization [MoA],Pfizer Laboratories Div Pfizer Inc,Immune Globulin,106.76,138.79,67,2028-07-17,IN_STOCK
0069-8425,Octagam Immune Globulin (Human) Solution,Antigen Neutralization [MoA],Pfizer Laboratories Div Pfizer Inc,Immune Globulin,82.8,107.64,340,2027-03-06,IN_STOCK
0069-8451,Octagam Immune Globulin (Human) Solution,Antigen Neutralization [MoA],Pfizer Laboratories Div Pfizer Inc,Immune Globulin,45.23,58.8,183,2026-12-20,IN_STOCK
0069-8476,Octagam Immune Globulin (Human) Solution,Antigen Neutralization [MoA],Pfizer Laboratories Div Pfizer Inc,Immune Globulin,79.14,102.88,129,2027-03-09,IN_STOCK
0069-8730,"Vyndamax Capsule, Liquid Filled",General Medicine,Pfizer Laboratories Div Pfizer Inc,tafamidis,82.78,107.61,225,2028-05-23,IN_STOCK
0071-0007,"Dilantin Infatabs Tablet, Chewable",Anti-epileptic Agent [EPC],Parke-Davis Div Of Pfizer Inc,Phenytoin,96.97,126.06,357,2028-08-28,IN_STOCK
0071-0237,Zarontin Capsule,Anti-epileptic Agent [EPC],Parke-Davis Div Of Pfizer Inc,Ethosuximide,98.26,127.74,183,2028-09-15,IN_STOCK
0071-0350,"Nardil Tablet, Film Coated",Monoamine Oxidase Inhibitor [EPC],Parke-Davis Div Of Pfizer Inc,Phenelzine Sulfate,68.44,88.97,147,2026-11-29,IN_STOCK
0071-0525,Celontin Capsule,Anti-epileptic Agent [EPC],Parke-Davis Div Of Pfizer Inc,methsuximide,40.45,52.59,247,2027-01-27,IN_STOCK
0071-0737,"Lopid Tablet, Film Coated",Fibric Acids [CS],Parke-Davis Div Of Pfizer Inc,gemfibrozil,70.74,91.96,336,2026-11-26,IN_STOCK
0071-0805,Neurontin Capsule,Decreased Central Nervous System Disorganized Elec,Parke-Davis Div Of Pfizer Inc,gabapentin,49.85,64.81,361,2028-10-28,IN_STOCK
0071-1018,Lyrica Capsule,General Medicine,Parke-Davis Div Of Pfizer Inc,PREGABALIN,30.47,39.61,31,2028-09-24,IN_STOCK
0071-2012,Neurontin Solution,Decreased Central Nervous System Disorganized Elec,Parke-Davis Div Of Pfizer Inc,gabapentin,24.9,32.37,30,2027-03-17,IN_STOCK
0071-2418,Zarontin Solution,Anti-epileptic Agent [EPC],Parke-Davis Div Of Pfizer Inc,Ethosuximide,76.98,100.07,202,2028-03-19,IN_STOCK
0074-0038,"Orilissa Tablet, Film Coated",Cytochrome P450 2C19 Inhibitors [MoA],Abbvie Inc.,Elagolix,80.0,104.0,394,2027-06-23,IN_STOCK
0074-0039,"Orilissa Tablet, Film Coated",Cytochrome P450 2C19 Inhibitors [MoA],Abbvie Inc.,Elagolix,29.21,37.97,89,2028-11-06,IN_STOCK
0074-0124,Humira Kit,General Medicine,Abbvie Inc.,Adalimumab,118.26,153.74,162,2028-10-20,IN_STOCK
0074-0243,Humira Kit,General Medicine,Abbvie Inc.,Adalimumab,133.53,173.59,40,2027-09-09,IN_STOCK
0074-0501,Vyalev Injection,General Medicine,Abbvie Inc.,foscarbidopa/foslevodopa,122.03,158.64,164,2028-03-20,IN_STOCK
0074-0554,Humira Kit,General Medicine,Abbvie Inc.,Adalimumab,14.26,18.54,389,2028-05-13,IN_STOCK
0074-0561,"Venclexta Tablet, Film Coated",BCL-2 Inhibitor [EPC],Abbvie Inc.,Venetoclax,95.99,124.79,279,2028-01-10,IN_STOCK
0074-0566,"Venclexta Tablet, Film Coated",BCL-2 Inhibitor [EPC],Abbvie Inc.,Venetoclax,79.06,102.78,53,2028-02-24,IN_STOCK
0074-0576,"Venclexta Tablet, Film Coated",BCL-2 Inhibitor [EPC],Abbvie Inc.,Venetoclax,129.61,168.49,110,2027-10-12,IN_STOCK
0074-0579,Venclexta Kit,General Medicine,Abbvie Inc.,Venetoclax,27.81,36.15,77,2028-05-10,IN_STOCK
0074-0616,Humira Kit,General Medicine,Abbvie Inc.,Adalimumab,102.75,133.58,84,2027-05-22,IN_STOCK
0074-0817,Humira Kit,General Medicine,Abbvie Inc.,Adalimumab,112.41,146.13,26,2026-11-15,IN_STOCK
0074-1017,Oriahnn Kit,General Medicine,Abbvie Inc.,Elagolix and Estradiol and Norethisterone,129.51,168.36,31,2027-06-08,IN_STOCK
0074-1040,Survanta Suspension,General Medicine,Abbvie Inc.,Beractant,11.67,15.17,211,2027-10-28,IN_STOCK
0074-1043,"Rinvoq Tablet, Extended Release",Janus Kinase Inhibitor [EPC],Abbvie Inc.,Upadacitinib,138.43,179.96,116,2026-11-06,IN_STOCK
0074-1044,"Emrelis Injection, Powder, Lyophilized, For Solution",General Medicine,Abbvie Inc.,Telisotuzumab Vedotin,85.17,110.72,390,2028-10-28,IN_STOCK
0074-1050,Skyrizi Injection,Interleukin-23 Antagonist [EPC],Abbvie Inc.,risankizumab-rzaa,100.08,130.1,139,2027-08-26,IN_STOCK
0074-1055,"Emrelis Injection, Powder, Lyophilized, For Solution",General Medicine,Abbvie Inc.,Telisotuzumab Vedotin,41.0,53.3,393,2027-08-24,IN_STOCK
0074-1065,Skyrizi Kit,General Medicine,Abbvie Inc.,Risankizumab-rzaa,44.33,57.63,64,2028-05-08,IN_STOCK
0074-1070,Skyrizi Kit,General Medicine,Abbvie Inc.,Risankizumab-rzaa,59.06,76.78,282,2028-08-20,IN_STOCK
0074-1539,Humira Kit,General Medicine,Abbvie Inc.,Adalimumab,135.78,176.51,116,2027-05-17,IN_STOCK
0074-1658,"Zemplar Injection, Solution",Ergocalciferols [CS],Abbvie Inc.,Paricalcitol,121.63,158.12,48,2027-11-15,IN_STOCK
0074-2100,Skyrizi Injection,Interleukin-23 Antagonist [EPC],Abbvie Inc.,risankizumab-rzaa,14.99,19.49,263,2027-07-17,IN_STOCK
0074-2108,Lupron Depot-Ped Kit,General Medicine,Abbvie Inc.,leuprolide acetate,117.16,152.31,184,2027-09-01,IN_STOCK
0074-2282,Lupron Depot-Ped Kit,General Medicine,Abbvie Inc.,leuprolide acetate,17.53,22.79,258,2026-10-09,IN_STOCK
0074-2306,"Rinvoq Tablet, Extended Release",Janus Kinase Inhibitor [EPC],Abbvie Inc.,Upadacitinib,58.49,76.04,174,2028-04-30,IN_STOCK
0074-2310,"Rinvoq Tablet, Extended Release",Janus Kinase Inhibitor [EPC],Abbvie Inc.,Upadacitinib,118.75,154.38,343,2027-06-06,IN_STOCK
0074-2320,Rinvoq Solution,Janus Kinase Inhibitor [EPC],Abbvie Inc.,Upadacitinib,72.27,93.95,327,2028-02-18,IN_STOCK
0074-2340,"Norvir Tablet, Film Coated",Breast Cancer Resistance Protein Inhibitors [MoA],Abbvie Inc.,Ritonavir,149.68,194.58,125,2028-10-20,IN_STOCK
0074-2440,Lupron Depot-Ped Kit,General Medicine,Abbvie Inc.,leuprolide acetate,135.56,176.23,150,2027-03-04,IN_STOCK
0074-2540,Humira Kit,General Medicine,Abbvie Inc.,Adalimumab,5.92,7.7,234,2026-10-25,IN_STOCK
0074-2600,Mavyret Pellet,Breast Cancer Resistance Protein Inhibitors [MoA],Abbvie Inc.,Glecaprevir and Pibrentasvir,38.78,50.41,202,2028-07-13,IN_STOCK
0074-2625,"Mavyret Tablet, Film Coated",Breast Cancer Resistance Protein Inhibitors [MoA],Abbvie Inc.,Glecaprevir and Pibrentasvir,126.74,164.76,29,2027-09-09,IN_STOCK
0074-3008,"Kaletra Tablet, Film Coated",Breast Cancer Resistance Protein Inhibitors [MoA],Abbvie Inc.,Lopinavir and Ritonavir,5.21,6.77,361,2027-10-21,IN_STOCK
0074-3012,Duopa Suspension,Amino Acids,Abbvie Inc.,Carbidopa and Levodopa,128.11,166.54,397,2027-08-11,IN_STOCK
0074-3108,Gengraf Capsule,Calcineurin Inhibitor Immunosuppressant [EPC],Abbvie Inc.,Cyclosporine,20.07,26.09,296,2027-06-01,IN_STOCK
0074-3109,Gengraf Capsule,Calcineurin Inhibitor Immunosuppressant [EPC],Abbvie Inc.,Cyclosporine,65.87,85.63,55,2027-02-23,IN_STOCK
0074-3346,Lupron Depot Kit,General Medicine,Abbvie Inc.,leuprolide acetate,108.19,140.65,72,2026-11-14,IN_STOCK
0074-3399,Norvir Powder,Breast Cancer Resistance Protein Inhibitors [MoA],Abbvie Inc.,Ritonavir,138.58,180.15,291,2027-11-27,IN_STOCK
0074-3473,Lupron Depot Kit,General Medicine,Abbvie Inc.,leuprolide acetate,106.62,138.61,215,2028-01-13,IN_STOCK
0074-3575,Lupron Depot-Ped Kit,General Medicine,Abbvie Inc.,leuprolide acetate,146.31,190.2,68,2028-05-17,IN_STOCK
0074-3641,Lupron Depot Kit,General Medicine,Abbvie Inc.,leuprolide acetate,18.86,24.52,93,2028-07-14,IN_STOCK
0074-3642,Lupron Depot Kit,General Medicine,Abbvie Inc.,leuprolide acetate,123.89,161.06,63,2028-05-29,IN_STOCK
0074-3663,Lupron Depot Kit,General Medicine,Abbvie Inc.,leuprolide acetate,87.33,113.53,247,2028-08-09,IN_STOCK
0074-3683,Lupron Depot Kit,General Medicine,Abbvie Inc.,leuprolide acetate,144.81,188.25,146,2027-07-26,IN_STOCK
0074-3727,Synthroid Tablet,Thyroxine [CS],Abbvie Inc.,Levothyroxine Sodium,42.84,55.69,186,2028-12-29,IN_STOCK
0074-3779,Lupron Depot-Ped Kit,General Medicine,Abbvie Inc.,leuprolide acetate,61.98,80.57,192,2027-08-22,IN_STOCK
0074-3799,Humira Kit,General Medicine,Abbvie Inc.,Adalimumab,70.65,91.85,144,2026-12-16,IN_STOCK
0074-3878,"Emblaveo Powder, For Solution",Monobactam Antibacterial [EPC],Abbvie Inc.,aztreonam and avibactam,141.82,184.37,94,2028-12-07,IN_STOCK
0074-3956,Kaletra Solution,Breast Cancer Resistance Protein Inhibitors [MoA],Abbvie Inc.,Lopinavir and Ritonavir,116.67,151.67,80,2027-03-09,IN_STOCK
0074-4014,"Kaletra Tablet, Film Coated",Breast Cancer Resistance Protein Inhibitors [MoA],Abbvie Inc.,Lopinavir and Ritonavir,20.32,26.42,255,2028-01-21,IN_STOCK
0074-4339,Humira Kit,General Medicine,Abbvie Inc.,Adalimumab,50.53,65.69,86,2028-04-01,IN_STOCK
0074-4341,Synthroid Tablet,Thyroxine [CS],Abbvie Inc.,Levothyroxine Sodium,56.95,74.04,131,2028-01-06,IN_STOCK
0074-4456,Ultane Liquid,General Anesthesia [PE],Abbvie Inc.,Sevoflurane,49.7,64.61,160,2027-01-31,IN_STOCK
0074-4552,Synthroid Tablet,Thyroxine [CS],Abbvie Inc.,Levothyroxine Sodium,18.11,23.54,376,2027-08-08,IN_STOCK
0074-4637,"Zemplar Injection, Solution",Ergocalciferols [CS],Abbvie Inc.,Paricalcitol,124.83,162.28,381,2028-06-09,IN_STOCK
0074-5015,Skyrizi Injection,Interleukin-23 Antagonist [EPC],Abbvie Inc.,risankizumab-rzaa,10.85,14.11,192,2027-03-01,IN_STOCK
0074-5182,Synthroid Tablet,Thyroxine [CS],Abbvie Inc.,Levothyroxine Sodium,18.23,23.7,152,2027-09-30,IN_STOCK
0074-6114,Depakote Capsule,Anti-epileptic Agent [EPC],Abbvie Inc.,Divalproex Sodium,62.46,81.2,50,2028-08-24,IN_STOCK
0074-6594,Synthroid Tablet,Thyroxine [CS],Abbvie Inc.,Levothyroxine Sodium,48.33,62.83,114,2026-11-01,IN_STOCK
0074-6624,Synthroid Tablet,Thyroxine [CS],Abbvie Inc.,Levothyroxine Sodium,143.05,185.97,256,2028-04-22,IN_STOCK
0074-7040,Skyrizi Kit,General Medicine,Abbvie Inc.,Risankizumab-rzaa,113.47,147.51,152,2027-01-05,IN_STOCK
0074-7042,Skyrizi Kit,General Medicine,Abbvie Inc.,Risankizumab-rzaa,72.0,93.6,96,2027-02-02,IN_STOCK
0074-7068,Synthroid Tablet,Thyroxine [CS],Abbvie Inc.,Levothyroxine Sodium,6.73,8.75,138,2027-02-11,IN_STOCK
0074-7069,Synthroid Tablet,Thyroxine [CS],Abbvie Inc.,Levothyroxine Sodium,33.73,43.85,230,2027-10-17,IN_STOCK
0074-7070,Synthroid Tablet,Thyroxine [CS],Abbvie Inc.,Levothyroxine Sodium,104.51,135.86,355,2026-12-26,IN_STOCK
0074-7094,Qulipta Tablet,Calcitonin Gene-related Peptide Receptor Antagonis,Abbvie Inc.,Atogepant,89.44,116.27,157,2026-12-16,IN_STOCK
0074-7095,Qulipta Tablet,Calcitonin Gene-related Peptide Receptor Antagonis,Abbvie Inc.,Atogepant,8.16,10.61,58,2027-04-21,IN_STOCK
0074-7096,Qulipta Tablet,Calcitonin Gene-related Peptide Receptor Antagonis,Abbvie Inc.,Atogepant,135.86,176.62,252,2027-02-09,IN_STOCK
0074-7098,Vuity Solution/ Drops,Cholinergic Agonists [MoA],Abbvie Inc.,Pilocarpine Hydrochloride,18.34,23.84,194,2027-02-03,IN_STOCK
0074-7148,Synthroid Tablet,Thyroxine [CS],Abbvie Inc.,Levothyroxine Sodium,11.19,14.55,261,2026-11-21,IN_STOCK
0074-7149,Synthroid Tablet,Thyroxine [CS],Abbvie Inc.,Levothyroxine Sodium,29.36,38.17,318,2027-12-18,IN_STOCK
0074-7325,"Depakote Tablet, Delayed Release",Anti-epileptic Agent [EPC],Abbvie Inc.,Divalproex Sodium,124.14,161.38,227,2028-02-21,IN_STOCK
0074-7326,"Depakote Tablet, Delayed Release",Anti-epileptic Agent [EPC],Abbvie Inc.,Divalproex Sodium,9.27,12.05,374,2027-12-11,IN_STOCK
0074-7327,"Depakote Tablet, Delayed Release",Anti-epileptic Agent [EPC],Abbvie Inc.,Divalproex Sodium,30.06,39.08,134,2027-04-10,IN_STOCK
0074-7401,"Depakote Tablet, Extended Release",Anti-epileptic Agent [EPC],Abbvie Inc.,Divalproex Sodium,44.87,58.33,253,2027-03-02,IN_STOCK
0074-7402,"Depakote Tablet, Extended Release",Anti-epileptic Agent [EPC],Abbvie Inc.,Divalproex Sodium,10.02,13.03,342,2028-06-23,IN_STOCK
0074-8300,Skyrizi Injection,Interleukin-23 Antagonist [EPC],Abbvie Inc.,risankizumab-rzaa,40.64,52.83,176,2028-02-23,IN_STOCK
0074-8350,Skyrizi Injection,Interleukin-23 Antagonist [EPC],Abbvie Inc.,risankizumab-rzaa,64.74,84.16,306,2028-02-03,IN_STOCK
0074-9036,"Zemplar Capsule, Liquid Filled",Ergocalciferols [CS],Abbvie Inc.,Paricalcitol,13.84,17.99,168,2027-10-28,IN_STOCK
0074-9037,"Zemplar Capsule, Liquid Filled",Ergocalciferols [CS],Abbvie Inc.,Paricalcitol,24.9,32.37,127,2028-07-20,IN_STOCK
0074-9296,Synthroid Tablet,Thyroxine [CS],Abbvie Inc.,Levothyroxine Sodium,133.27,173.25,294,2027-06-13,IN_STOCK
0074-9694,Lupron Depot-Ped Kit,General Medicine,Abbvie Inc.,leuprolide acetate,96.46,125.4,303,2028-12-22,IN_STOCK
0075-0620,Lovenox Injection,Heparin,Sanofi-Aventis U.S. Llc,enoxaparin sodium,7.83,10.18,220,2028-12-09,IN_STOCK
0075-0621,Lovenox Injection,Heparin,Sanofi-Aventis U.S. Llc,enoxaparin sodium,108.44,140.97,270,2028-04-10,IN_STOCK
0075-0622,Lovenox Injection,Heparin,Sanofi-Aventis U.S. Llc,enoxaparin sodium,118.31,153.8,201,2028-05-02,IN_STOCK
0075-0623,Lovenox Injection,Heparin,Sanofi-Aventis U.S. Llc,enoxaparin sodium,77.85,101.2,223,2027-07-04,IN_STOCK
0075-0624,Lovenox Injection,Heparin,Sanofi-Aventis U.S. Llc,enoxaparin sodium,31.07,40.39,188,2028-06-03,IN_STOCK
0075-0626,Lovenox Injection,Heparin,Sanofi-Aventis U.S. Llc,enoxaparin sodium,36.76,47.79,168,2026-11-29,IN_STOCK
0075-2912,Lovenox Injection,Heparin,Sanofi-Aventis U.S. Llc,enoxaparin sodium,122.25,158.93,266,2028-03-26,IN_STOCK
0075-2915,Lovenox Injection,Heparin,Sanofi-Aventis U.S. Llc,enoxaparin sodium,56.83,73.88,324,2027-05-27,IN_STOCK
0075-8013,Lovenox Injection,Heparin,Sanofi-Aventis U.S. Llc,enoxaparin sodium,146.23,190.1,76,2027-06-11,IN_STOCK
0075-8014,Lovenox Injection,Heparin,Sanofi-Aventis U.S. Llc,enoxaparin sodium,100.25,130.33,161,2028-03-30,IN_STOCK
0075-8016,Lovenox Injection,Heparin,Sanofi-Aventis U.S. Llc,enoxaparin sodium,123.36,160.37,53,2028-11-21,IN_STOCK
0075-8018,Lovenox Injection,Heparin,Sanofi-Aventis U.S. Llc,enoxaparin sodium,149.48,194.32,137,2028-05-12,IN_STOCK
0075-8020,Lovenox Injection,Heparin,Sanofi-Aventis U.S. Llc,enoxaparin sodium,127.74,166.06,223,2027-09-29,IN_STOCK
0075-8022,Lovenox Injection,Heparin,Sanofi-Aventis U.S. Llc,enoxaparin sodium,140.6,182.78,113,2027-03-30,IN_STOCK
0075-8025,Lovenox Injection,Heparin,Sanofi-Aventis U.S. Llc,enoxaparin sodium,39.3,51.09,187,2028-10-25,IN_STOCK
0075-8030,Lovenox Injection,Heparin,Sanofi-Aventis U.S. Llc,enoxaparin sodium,106.16,138.01,327,2026-10-29,IN_STOCK
0078-0109,Sandimmune Injection,Calcineurin Inhibitor Immunosuppressant [EPC],Novartis Pharmaceuticals Corporation,cyclosporine,107.0,139.1,205,2028-05-04,IN_STOCK
0078-0180,"Sandostatin Injection, Solution",Somatostatin Analog [EPC],Novartis Pharmaceuticals Corporation,octreotide acetate,86.72,112.74,313,2027-04-11,IN_STOCK
0078-0181,"Sandostatin Injection, Solution",Somatostatin Analog [EPC],Novartis Pharmaceuticals Corporation,octreotide acetate,126.32,164.22,277,2028-04-08,IN_STOCK
0078-0182,"Sandostatin Injection, Solution",Somatostatin Analog [EPC],Novartis Pharmaceuticals Corporation,octreotide acetate,49.81,64.75,276,2026-11-08,IN_STOCK
0078-0240,"Sandimmune Capsule, Liquid Filled",Calcineurin Inhibitor Immunosuppressant [EPC],Novartis Pharmaceuticals Corporation,cyclosporine,18.09,23.52,144,2028-06-08,IN_STOCK
0078-0241,"Sandimmune Capsule, Liquid Filled",Calcineurin Inhibitor Immunosuppressant [EPC],Novartis Pharmaceuticals Corporation,cyclosporine,36.73,47.75,294,2028-02-02,IN_STOCK
0078-0246,"Neoral Capsule, Liquid Filled",Calcineurin Inhibitor Immunosuppressant [EPC],Novartis Pharmaceuticals Corporation,cyclosporine,5.1,6.63,339,2027-04-25,IN_STOCK
0078-0248,"Neoral Capsule, Liquid Filled",Calcineurin Inhibitor Immunosuppressant [EPC],Novartis Pharmaceuticals Corporation,cyclosporine,121.93,158.51,199,2028-10-04,IN_STOCK
0078-0249,"Femara Tablet, Film Coated",Aromatase Inhibitor [EPC],Novartis Pharmaceuticals Corporation,letrozole,30.73,39.95,190,2026-11-30,IN_STOCK
0078-0274,Neoral Solution,Calcineurin Inhibitor Immunosuppressant [EPC],Novartis Pharmaceuticals Corporation,cyclosporine,8.18,10.63,325,2028-09-21,IN_STOCK
0078-0314,"Diovan Hct Tablet, Film Coated",Angiotensin 2 Receptor Antagonists [MoA],Novartis Pharmaceuticals Corporation,valsartan and hydrochlorothiazide,138.0,179.4,81,2028-03-22,IN_STOCK
0078-0315,"Diovan Hct Tablet, Film Coated",Angiotensin 2 Receptor Antagonists [MoA],Novartis Pharmaceuticals Corporation,valsartan and hydrochlorothiazide,129.8,168.74,62,2027-10-18,IN_STOCK
0078-0331,"Simulect Injection, Powder, For Solution",Interleukin 2 Receptor Antagonists [MoA],Novartis Pharmaceuticals Corporation,basiliximab,107.16,139.31,364,2027-11-10,IN_STOCK
0078-0337,"Trileptal Tablet, Film Coated",Anti-epileptic Agent [EPC],Novartis Pharmaceuticals Corporation,oxcarbazepine,89.97,116.96,197,2027-08-06,IN_STOCK
0078-0357,Trileptal Suspension,Anti-epileptic Agent [EPC],Novartis Pharmaceuticals Corporation,oxcarbazepine,51.78,67.31,105,2028-10-19,IN_STOCK
0078-0358,Diovan Tablet,Angiotensin 2 Receptor Antagonists [MoA],Novartis Pharmaceuticals Corporation,valsartan,142.56,185.33,352,2028-02-11,IN_STOCK
0078-0359,Diovan Tablet,Angiotensin 2 Receptor Antagonists [MoA],Novartis Pharmaceuticals Corporation,valsartan,99.13,128.87,114,2028-09-24,IN_STOCK
0078-0360,Diovan Tablet,Angiotensin 2 Receptor Antagonists [MoA],Novartis Pharmaceuticals Corporation,valsartan,145.47,189.11,380,2028-06-20,IN_STOCK
0078-0364,Lotrel Capsule,Angiotensin Converting Enzyme Inhibitor [EPC],Novartis Pharmaceuticals Corporation,amlodipine besylate and benazepril hydrochloride,119.11,154.84,139,2028-08-12,IN_STOCK
0078-0370,"Ritalin Capsule, Extended Release",Central Nervous System Stimulant [EPC],Novartis Pharmaceuticals Corporation,methylphenidate hydrochloride,90.4,117.52,114,2027-10-23,IN_STOCK
0078-0371,"Ritalin Capsule, Extended Release",Central Nervous System Stimulant [EPC],Novartis Pharmaceuticals Corporation,methylphenidate hydrochloride,49.49,64.34,377,2027-07-29,IN_STOCK
0078-0372,"Ritalin Capsule, Extended Release",Central Nervous System Stimulant [EPC],Novartis Pharmaceuticals Corporation,methylphenidate hydrochloride,23.47,30.51,398,2026-10-02,IN_STOCK
0078-0379,Lotrel Capsule,Angiotensin Converting Enzyme Inhibitor [EPC],Novartis Pharmaceuticals Corporation,amlodipine besylate and benazepril hydrochloride,142.57,185.34,318,2027-11-05,IN_STOCK
0078-0383,"Diovan Hct Tablet, Film Coated",Angiotensin 2 Receptor Antagonists [MoA],Novartis Pharmaceuticals Corporation,valsartan and hydrochlorothiazide,128.36,166.87,315,2026-11-03,IN_STOCK
0078-0385,"Myfortic Tablet, Delayed Release",Antimetabolite Immunosuppressant [EPC],Novartis Pharmaceuticals Corporation,mycophenolic acid,31.4,40.82,187,2028-06-18,IN_STOCK
0078-0386,"Myfortic Tablet, Delayed Release",Antimetabolite Immunosuppressant [EPC],Novartis Pharmaceuticals Corporation,mycophenolic acid,37.03,48.14,314,2027-01-15,IN_STOCK
0078-0393,"Simulect Injection, Powder, For Solution",Interleukin 2 Receptor Antagonists [MoA],Novartis Pharmaceuticals Corporation,basiliximab,140.82,183.07,97,2027-09-05,IN_STOCK
0078-0401,Gleevec Tablet,Bcr-Abl Tyrosine Kinase Inhibitors [MoA],Novartis Pharmaceuticals Corporation,imatinib mesylate,113.07,146.99,146,2027-09-21,IN_STOCK
0078-0405,Lotrel Capsule,Angiotensin Converting Enzyme Inhibitor [EPC],Novartis Pharmaceuticals Corporation,amlodipine besylate and benazepril hydrochloride,147.45,191.69,110,2028-07-13,IN_STOCK
0078-0406,Lotrel Capsule,Angiotensin Converting Enzyme Inhibitor [EPC],Novartis Pharmaceuticals Corporation,amlodipine besylate and benazepril hydrochloride,133.37,173.38,70,2028-09-25,IN_STOCK
0078-0414,Zortress Tablet,Cytochrome P450 2D6 Inhibitors [MoA],Novartis Pharmaceuticals Corporation,everolimus,102.15,132.8,398,2027-09-09,IN_STOCK
0078-0415,Zortress Tablet,Cytochrome P450 2D6 Inhibitors [MoA],Novartis Pharmaceuticals Corporation,everolimus,69.76,90.69,160,2027-05-03,IN_STOCK
0078-0417,Zortress Tablet,Cytochrome P450 2D6 Inhibitors [MoA],Novartis Pharmaceuticals Corporation,everolimus,41.18,53.53,59,2027-09-24,IN_STOCK
0078-0422,Zortress Tablet,Cytochrome P450 2D6 Inhibitors [MoA],Novartis Pharmaceuticals Corporation,everolimus,42.22,54.89,80,2028-10-07,IN_STOCK
0078-0423,Diovan Tablet,Angiotensin 2 Receptor Antagonists [MoA],Novartis Pharmaceuticals Corporation,valsartan,5.19,6.75,222,2027-12-23,IN_STOCK
0078-0424,"Ritalin Capsule, Extended Release",Central Nervous System Stimulant [EPC],Novartis Pharmaceuticals Corporation,methylphenidate hydrochloride,111.22,144.59,110,2027-11-28,IN_STOCK
0078-0430,"Focalin Capsule, Extended Release",Central Nervous System Stimulant [EPC],Novartis Pharmaceuticals Corporation,dexmethylphenidate hydrochloride,76.5,99.45,218,2027-09-25,IN_STOCK
0078-0431,"Focalin Capsule, Extended Release",Central Nervous System Stimulant [EPC],Novartis Pharmaceuticals Corporation,dexmethylphenidate hydrochloride,84.17,109.42,76,2028-02-03,IN_STOCK
0078-0432,"Focalin Capsule, Extended Release",Central Nervous System Stimulant [EPC],Novartis Pharmaceuticals Corporation,dexmethylphenidate hydrochloride,119.37,155.18,320,2028-07-28,IN_STOCK
0078-0433,"Focalin Capsule, Extended Release",Central Nervous System Stimulant [EPC],Novartis Pharmaceuticals Corporation,dexmethylphenidate hydrochloride,114.95,149.44,140,2027-03-16,IN_STOCK
0078-0434,"Focalin Capsule, Extended Release",Central Nervous System Stimulant [EPC],Novartis Pharmaceuticals Corporation,dexmethylphenidate hydrochloride,70.44,91.57,42,2027-07-29,IN_STOCK
0078-0456,"Trileptal Tablet, Film Coated",Anti-epileptic Agent [EPC],Novartis Pharmaceuticals Corporation,oxcarbazepine,7.91,10.28,158,2027-01-16,IN_STOCK
0078-0457,"Trileptal Tablet, Film Coated",Anti-epileptic Agent [EPC],Novartis Pharmaceuticals Corporation,oxcarbazepine,15.76,20.49,112,2027-10-20,IN_STOCK
0078-0467,"Desferal Injection, Powder, Lyophilized, For Solution",Iron Chelating Activity [MoA],Novartis Pharmaceuticals Corporation,deferoxamine mesylate,28.33,36.83,63,2028-04-13,IN_STOCK
0078-0468,"Exjade Tablet, For Suspension",Cytochrome P450 1A2 Inhibitors [MoA],Novartis Pharmaceuticals Corporation,deferasirox,141.57,184.04,72,2027-09-12,IN_STOCK
0078-0469,"Exjade Tablet, For Suspension",Cytochrome P450 1A2 Inhibitors [MoA],Novartis Pharmaceuticals Corporation,deferasirox,91.13,118.47,339,2028-02-07,IN_STOCK
0078-0470,"Exjade Tablet, For Suspension",Cytochrome P450 1A2 Inhibitors [MoA],Novartis Pharmaceuticals Corporation,deferasirox,107.15,139.3,245,2028-07-31,IN_STOCK
0078-0471,"Diovan Hct Tablet, Film Coated",Angiotensin 2 Receptor Antagonists [MoA],Novartis Pharmaceuticals Corporation,valsartan and hydrochlorothiazide,28.92,37.6,247,2027-03-10,IN_STOCK
0078-0472,"Diovan Hct Tablet, Film Coated",Angiotensin 2 Receptor Antagonists [MoA],Novartis Pharmaceuticals Corporation,valsartan and hydrochlorothiazide,12.77,16.6,194,2027-04-29,IN_STOCK
0078-0488,"Exforge Tablet, Film Coated",Angiotensin 2 Receptor Antagonists [MoA],Novartis Pharmaceuticals Corporation,amlodipine besylate and valsartan,146.29,190.18,234,2028-09-13,IN_STOCK
0078-0489,"Exforge Tablet, Film Coated",Angiotensin 2 Receptor Antagonists [MoA],Novartis Pharmaceuticals Corporation,amlodipine besylate and valsartan,85.35,110.95,398,2028-04-06,IN_STOCK
0078-0490,"Exforge Tablet, Film Coated",Angiotensin 2 Receptor Antagonists [MoA],Novartis Pharmaceuticals Corporation,amlodipine besylate and valsartan,43.46,56.5,169,2027-08-01,IN_STOCK
0078-0491,"Exforge Tablet, Film Coated",Angiotensin 2 Receptor Antagonists [MoA],Novartis Pharmaceuticals Corporation,amlodipine besylate and valsartan,39.44,51.27,50,2027-11-07,IN_STOCK
0078-0493,"Focalin Capsule, Extended Release",Central Nervous System Stimulant [EPC],Novartis Pharmaceuticals Corporation,dexmethylphenidate hydrochloride,87.91,114.28,276,2027-03-07,IN_STOCK
0078-0501,"Exelon Patch, Extended Release",Cholinesterase Inhibitor [EPC],Novartis Pharmaceuticals Corporation,rivastigmine,12.9,16.77,26,2027-12-12,IN_STOCK
0078-0502,"Exelon Patch, Extended Release",Cholinesterase Inhibitor [EPC],Novartis Pharmaceuticals Corporation,rivastigmine,17.71,23.02,363,2028-07-02,IN_STOCK
0078-0503,"Exelon Patch, Extended Release",Cholinesterase Inhibitor [EPC],Novartis Pharmaceuticals Corporation,rivastigmine,92.03,119.64,127,2027-01-08,IN_STOCK
0078-0508,Tegretol Suspension,Cytochrome P450 1A2 Inducers [MoA],Novartis Pharmaceuticals Corporation,carbamazepine,8.73,11.35,112,2028-07-15,IN_STOCK
0078-0509,Tegretol Tablet,Cytochrome P450 1A2 Inducers [MoA],Novartis Pharmaceuticals Corporation,carbamazepine,47.31,61.5,66,2028-01-28,IN_STOCK
0078-0510,"Tegretol Tablet, Extended Release",Cytochrome P450 1A2 Inducers [MoA],Novartis Pharmaceuticals Corporation,carbamazepine,127.35,165.56,182,2028-12-12,IN_STOCK
0078-0511,"Tegretol Tablet, Extended Release",Cytochrome P450 1A2 Inducers [MoA],Novartis Pharmaceuticals Corporation,carbamazepine,62.63,81.42,275,2028-08-07,IN_STOCK
0078-0512,"Tegretol Tablet, Extended Release",Cytochrome P450 1A2 Inducers [MoA],Novartis Pharmaceuticals Corporation,carbamazepine,43.43,56.46,353,2028-04-10,IN_STOCK
0078-0526,Tasigna Capsule,Bcr-Abl Tyrosine Kinase Inhibitors [MoA],Novartis Pharmaceuticals Corporation,nilotinib,61.19,79.55,214,2027-10-26,IN_STOCK
0078-0559,"Exforge Hct Tablet, Film Coated",Angiotensin 2 Receptor Antagonists [MoA],Novartis Pharmaceuticals Corporation,amlodipine valsartan and hydrochlorothiazide,58.56,76.13,253,2026-11-15,IN_STOCK
0078-0560,"Exforge Hct Tablet, Film Coated",Angiotensin 2 Receptor Antagonists [MoA],Novartis Pharmaceuticals Corporation,amlodipine valsartan and hydrochlorothiazide,43.18,56.13,263,2027-06-27,IN_STOCK
0078-0561,"Exforge Hct Tablet, Film Coated",Angiotensin 2 Receptor Antagonists [MoA],Novartis Pharmaceuticals Corporation,amlodipine valsartan and hydrochlorothiazide,37.81,49.15,162,2028-04-30,IN_STOCK
0078-0562,"Exforge Hct Tablet, Film Coated",Angiotensin 2 Receptor Antagonists [MoA],Novartis Pharmaceuticals Corporation,amlodipine valsartan and hydrochlorothiazide,13.94,18.12,381,2028-08-14,IN_STOCK
0078-0563,"Exforge Hct Tablet, Film Coated",Angiotensin 2 Receptor Antagonists [MoA],Novartis Pharmaceuticals Corporation,amlodipine valsartan and hydrochlorothiazide,19.02,24.73,367,2027-09-18,IN_STOCK
0078-0566,Afinitor Tablet,Cytochrome P450 2D6 Inhibitors [MoA],Novartis Pharmaceuticals Corporation,everolimus,122.19,158.85,236,2028-11-13,IN_STOCK
0078-0567,Afinitor Tablet,Cytochrome P450 2D6 Inhibitors [MoA],Novartis Pharmaceuticals Corporation,everolimus,90.51,117.66,308,2026-12-02,IN_STOCK
0078-0568,Coartem Tablet,Antimalarial [EPC],Novartis Pharmaceuticals Corporation,artemether and lumefantrine,126.92,165.0,292,2027-12-03,IN_STOCK
0078-0592,Tasigna Capsule,Bcr-Abl Tyrosine Kinase Inhibitors [MoA],Novartis Pharmaceuticals Corporation,nilotinib,145.02,188.53,376,2028-01-30,IN_STOCK
0078-0594,Afinitor Tablet,Cytochrome P450 2D6 Inhibitors [MoA],Novartis Pharmaceuticals Corporation,everolimus,88.04,114.45,145,2028-01-31,IN_STOCK
0078-0607,Gilenya Capsule,Sphingosine 1-Phosphate Receptor Modulators [MoA],Novartis Pharmaceuticals Corporation,Fingolimod hcl,48.33,62.83,227,2028-10-01,IN_STOCK
0078-0608,"Focalin Capsule, Extended Release",Central Nervous System Stimulant [EPC],Novartis Pharmaceuticals Corporation,dexmethylphenidate hydrochloride,10.04,13.05,317,2028-03-13,IN_STOCK
0078-0609,"Focalin Capsule, Extended Release",Central Nervous System Stimulant [EPC],Novartis Pharmaceuticals Corporation,dexmethylphenidate hydrochloride,121.07,157.39,371,2028-06-27,IN_STOCK
0078-0620,Afinitor Tablet,Cytochrome P450 2D6 Inhibitors [MoA],Novartis Pharmaceuticals Corporation,everolimus,26.38,34.29,254,2027-03-27,IN_STOCK
0078-0626,"Afinitor Tablet, For Suspension",Cytochrome P450 2D6 Inhibitors [MoA],Novartis Pharmaceuticals Corporation,everolimus,142.61,185.39,110,2027-05-05,IN_STOCK
0078-0627,"Afinitor Tablet, For Suspension",Cytochrome P450 2D6 Inhibitors [MoA],Novartis Pharmaceuticals Corporation,everolimus,122.23,158.9,89,2026-11-13,IN_STOCK
0078-0628,"Afinitor Tablet, For Suspension",Cytochrome P450 2D6 Inhibitors [MoA],Novartis Pharmaceuticals Corporation,everolimus,66.39,86.31,374,2027-12-20,IN_STOCK
0078-0639,Cosentyx Injection,Interleukin-17A Antagonist [EPC],Novartis Pharmaceuticals Corporation,secukinumab,34.28,44.56,346,2027-03-01,IN_STOCK
0078-0649,Gleevec Tablet,Bcr-Abl Tyrosine Kinase Inhibitors [MoA],Novartis Pharmaceuticals Corporation,imatinib mesylate,125.95,163.74,157,2027-08-24,IN_STOCK
0078-0654,"Jadenu Tablet, Film Coated",Cytochrome P450 1A2 Inhibitors [MoA],Novartis Pharmaceuticals Corporation,deferasirox,137.07,178.19,59,2026-12-29,IN_STOCK
0078-0655,"Jadenu Tablet, Film Coated",Cytochrome P450 1A2 Inhibitors [MoA],Novartis Pharmaceuticals Corporation,deferasirox,61.27,79.65,228,2028-04-18,IN_STOCK
0078-0656,"Jadenu Tablet, Film Coated",Cytochrome P450 1A2 Inhibitors [MoA],Novartis Pharmaceuticals Corporation,deferasirox,52.29,67.98,166,2028-03-16,IN_STOCK
0078-0659,"Entresto Tablet, Film Coated",Angiotensin 2 Receptor Antagonists [MoA],Novartis Pharmaceuticals Corporation,Sacubitril and Valsartan,71.43,92.86,31,2028-12-14,IN_STOCK
0078-0671,Tykerb Tablet,Kinase Inhibitor [EPC],Novartis Pharmaceuticals Corporation,lapatinib,106.56,138.53,325,2028-03-19,IN_STOCK
0078-0674,"Hycamtin Injection, Powder, Lyophilized, For Solution",Topoisomerase Inhibitor [EPC],Novartis Pharmaceuticals Corporation,topotecan hydrochloride,118.34,153.84,82,2027-11-29,IN_STOCK
0078-0681,Tafinlar Capsule,Breast Cancer Resistance Protein Inhibitors [MoA],Novartis Pharmaceuticals Corporation,dabrafenib,26.7,34.71,315,2028-05-25,IN_STOCK
0078-0682,Tafinlar Capsule,Breast Cancer Resistance Protein Inhibitors [MoA],Novartis Pharmaceuticals Corporation,dabrafenib,89.49,116.34,76,2027-01-17,IN_STOCK
0078-0683,Arranon Injection,Nucleic Acid Synthesis Inhibitors [MoA],Novartis Pharmaceuticals Corporation,nelarabine,86.59,112.57,76,2028-12-13,IN_STOCK
0078-0684,"Promacta Tablet, Film Coated",Breast Cancer Resistance Protein Inhibitors [MoA],Novartis Pharmaceuticals Corporation,eltrombopag olamine,46.48,60.42,299,2027-09-18,IN_STOCK
0078-0685,"Promacta Tablet, Film Coated",Breast Cancer Resistance Protein Inhibitors [MoA],Novartis Pharmaceuticals Corporation,eltrombopag olamine,132.29,171.98,160,2027-10-28,IN_STOCK
0078-0686,"Promacta Tablet, Film Coated",Breast Cancer Resistance Protein Inhibitors [MoA],Novartis Pharmaceuticals Corporation,eltrombopag olamine,99.94,129.92,317,2028-06-15,IN_STOCK
0078-0687,"Promacta Tablet, Film Coated",Breast Cancer Resistance Protein Inhibitors [MoA],Novartis Pharmaceuticals Corporation,eltrombopag olamine,73.59,95.67,113,2027-07-10,IN_STOCK
0078-0694,"Zykadia Tablet, Film Coated",Cytochrome P450 2C9 Inhibitors [MoA],Novartis Pharmaceuticals Corporation,ceritinib,63.43,82.46,341,2028-06-15,IN_STOCK
0078-0696,"Entresto Tablet, Film Coated",Angiotensin 2 Receptor Antagonists [MoA],Novartis Pharmaceuticals Corporation,Sacubitril and Valsartan,103.72,134.84,230,2026-11-09,IN_STOCK
0078-0697,"Promacta Powder, For Suspension",Breast Cancer Resistance Protein Inhibitors [MoA],Novartis Pharmaceuticals Corporation,eltrombopag olamine,62.39,81.11,194,2028-09-07,IN_STOCK
0078-0698,"Rydapt Capsule, Liquid Filled",Kinase Inhibitor [EPC],Novartis Pharmaceuticals Corporation,RYDAPT,39.45,51.29,268,2027-07-03,IN_STOCK
0078-0701,Piqray Tablet,General Medicine,Novartis Pharmaceuticals Corporation,alpelisib,135.07,175.59,35,2027-09-11,IN_STOCK
0078-0708,Piqray Tablet,General Medicine,Novartis Pharmaceuticals Corporation,alpelisib,123.52,160.58,180,2027-08-15,IN_STOCK
0078-0709,"Tabrecta Tablet, Film Coated",Breast Cancer Resistance Protein Inhibitors [MoA],Novartis Pharmaceuticals Corporation,capmatinib,45.65,59.34,276,2028-09-12,IN_STOCK
0078-0713,Jadenu Granule,Cytochrome P450 1A2 Inhibitors [MoA],Novartis Pharmaceuticals Corporation,deferasirox,104.3,135.59,141,2027-02-15,IN_STOCK
0078-0715,Piqray Kit,General Medicine,Novartis Pharmaceuticals Corporation,alpelisib,48.57,63.14,251,2028-12-01,IN_STOCK
0078-0716,"Tabrecta Tablet, Film Coated",Breast Cancer Resistance Protein Inhibitors [MoA],Novartis Pharmaceuticals Corporation,capmatinib,124.74,162.16,162,2028-10-16,IN_STOCK
0078-0720,Jadenu Granule,Cytochrome P450 1A2 Inhibitors [MoA],Novartis Pharmaceuticals Corporation,deferasirox,65.43,85.06,355,2026-12-31,IN_STOCK
0078-0727,Jadenu Granule,Cytochrome P450 1A2 Inhibitors [MoA],Novartis Pharmaceuticals Corporation,deferasirox,32.25,41.93,133,2027-11-21,IN_STOCK
0078-0729,Betoptic S Suspension/ Drops,Adrenergic beta-Antagonists [MoA],Novartis Pharmaceuticals Corporation,betaxolol hydrochloride,112.44,146.17,289,2027-10-18,IN_STOCK
0078-0734,"Ilaris Injection, Solution",General Medicine,Novartis Pharmaceuticals Corporation,canakinumab,124.05,161.27,288,2028-12-19,IN_STOCK
0078-0743,Ilevro Suspension/ Drops,Anti-Inflammatory Agents,Novartis Pharmaceuticals Corporation,nepafenac,28.05,36.47,184,2028-09-26,IN_STOCK
0078-0771,Maxitrol Ointment,Aminoglycoside Antibacterial [EPC],Novartis Pharmaceuticals Corporation,"neomycin sulfate, polymyxin b sulfate and dexamethasone",78.49,102.04,94,2028-12-08,IN_STOCK
0078-0777,"Entresto Tablet, Film Coated",Angiotensin 2 Receptor Antagonists [MoA],Novartis Pharmaceuticals Corporation,Sacubitril and Valsartan,128.44,166.97,316,2026-10-30,IN_STOCK
0078-0811,Sandostatin Lar Depot Kit,General Medicine,Novartis Pharmaceuticals Corporation,octreotide acetate,30.19,39.25,127,2026-11-29,IN_STOCK
0078-0813,Tobrex Ointment,Aminoglycoside Antibacterial [EPC],Novartis Pharmaceuticals Corporation,tobramycin,41.18,53.53,258,2026-11-21,IN_STOCK
0078-0818,Sandostatin Lar Depot Kit,General Medicine,Novartis Pharmaceuticals Corporation,octreotide acetate,138.11,179.54,385,2027-04-22,IN_STOCK
0078-0825,Sandostatin Lar Depot Kit,General Medicine,Novartis Pharmaceuticals Corporation,octreotide acetate,44.73,58.15,262,2028-03-01,IN_STOCK
0078-0827,"Beovu Injection, Solution",General Medicine,Novartis Pharmaceuticals Corporation,brolucizumab,62.56,81.33,88,2028-08-28,IN_STOCK
0078-0846,"Kymriah Injection, Suspension",CD19 Receptor Interactions [MoA],Novartis Pharmaceuticals Corporation,tisagenlecleucel,9.43,12.26,215,2028-02-13,IN_STOCK
0078-0860,"Kisqali Tablet, Film Coated",Cytochrome P450 3A Inhibitors [MoA],Novartis Pharmaceuticals Corporation,ribociclib,91.14,118.48,115,2028-01-29,IN_STOCK
0078-0867,"Kisqali Tablet, Film Coated",Cytochrome P450 3A Inhibitors [MoA],Novartis Pharmaceuticals Corporation,ribociclib,90.1,117.13,204,2027-09-18,IN_STOCK
0078-0874,"Kisqali Tablet, Film Coated",Cytochrome P450 3A Inhibitors [MoA],Novartis Pharmaceuticals Corporation,ribociclib,28.71,37.32,157,2028-11-05,IN_STOCK
0078-0876,Tobradex Ointment,Aminoglycoside Antibacterial [EPC],Novartis Pharmaceuticals Corporation,tobramycin and dexamethasone,125.48,163.12,71,2027-07-19,IN_STOCK
0078-0883,Adakveo Injection,P-Selectin Blockers [MoA],Novartis Pharmaceuticals Corporation,crizanlizumab,8.98,11.67,50,2027-03-16,IN_STOCK
0078-0897,"Triesence Injection, Suspension",Corticosteroid Hormone Receptor Agonists [MoA],Novartis Pharmaceuticals Corporation,triamcinolone acetonide,128.8,167.44,134,2027-05-15,IN_STOCK
0078-0911,Xiidra Solution/ Drops,Lymphocyte Function-Associated Antigen-1 Antagonis,Novartis Pharmaceuticals Corporation,Lifitegrast,98.87,128.53,371,2027-04-30,IN_STOCK
0078-0937,Egaten Tablet,Anthelmintic [EPC],Novartis Pharmaceuticals Corporation,triclabendazole,44.02,57.23,234,2028-03-09,IN_STOCK
0078-0946,Travatan Z Solution/ Drops,Prostaglandin Analog [EPC],Novartis Pharmaceuticals Corporation,travoprost,7.91,10.28,374,2026-10-10,IN_STOCK
0078-0951,Tasigna Capsule,Bcr-Abl Tyrosine Kinase Inhibitors [MoA],Novartis Pharmaceuticals Corporation,nilotinib,73.74,95.86,92,2028-07-24,IN_STOCK
0078-0958,"Kymriah Injection, Suspension",CD19 Receptor Interactions [MoA],Novartis Pharmaceuticals Corporation,tisagenlecleucel,30.11,39.14,29,2027-05-18,IN_STOCK
0078-0965,Gilenya Capsule,Sphingosine 1-Phosphate Receptor Modulators [MoA],Novartis Pharmaceuticals Corporation,Fingolimod hcl,41.6,54.08,181,2028-09-29,IN_STOCK
0078-0972,"Promacta Powder, For Suspension",Breast Cancer Resistance Protein Inhibitors [MoA],Novartis Pharmaceuticals Corporation,eltrombopag olamine,145.22,188.79,354,2027-07-09,IN_STOCK
0078-0979,"Mayzent Tablet, Film Coated",Sphingosine 1-Phosphate Receptor Modulators [MoA],Novartis Pharmaceuticals Corporation,siponimod,66.45,86.39,217,2027-09-23,IN_STOCK
0078-0986,"Mayzent Tablet, Film Coated",Sphingosine 1-Phosphate Receptor Modulators [MoA],Novartis Pharmaceuticals Corporation,siponimod,71.55,93.02,136,2028-01-21,IN_STOCK
0078-1000,"Leqvio Injection, Solution",General Medicine,Novartis Pharmaceuticals Corporation,inclisiran,48.81,63.45,291,2028-06-30,IN_STOCK
0078-1007,"Kesimpta Injection, Solution",CD20-directed Antibody Interactions [MoA],Novartis Pharmaceuticals Corporation,ofatumumab,62.59,81.37,77,2026-10-08,IN_STOCK
0078-1014,"Mayzent Tablet, Film Coated",Sphingosine 1-Phosphate Receptor Modulators [MoA],Novartis Pharmaceuticals Corporation,siponimod,79.17,102.92,364,2027-10-19,IN_STOCK
0078-1021,Vijoice Tablet,General Medicine,Novartis Pharmaceuticals Corporation,alpelisib,86.41,112.33,329,2028-06-15,IN_STOCK
0078-1028,Vijoice Tablet,General Medicine,Novartis Pharmaceuticals Corporation,alpelisib,45.99,59.79,375,2027-01-19,IN_STOCK
0078-1035,Vijoice Kit,General Medicine,Novartis Pharmaceuticals Corporation,alpelisib,74.85,97.3,197,2027-07-11,IN_STOCK
0078-1049,"Lamprene Capsule, Liquid Filled",Antimycobacterial [EPC],Novartis Pharmaceuticals Corporation,Clofazimine,97.89,127.26,166,2027-06-25,IN_STOCK
0078-1056,Cosentyx Injection,Interleukin-17A Antagonist [EPC],Novartis Pharmaceuticals Corporation,secukinumab,100.14,130.18,358,2027-08-02,IN_STOCK
0078-1070,Cosentyx Injection,Interleukin-17A Antagonist [EPC],Novartis Pharmaceuticals Corporation,secukinumab,32.31,42.0,289,2028-11-22,IN_STOCK
0078-1077,"Votrient Tablet, Film Coated",Cytochrome P450 2C8 Inhibitors [MoA],Novartis Pharmaceuticals Corporation,pazopanib hydrochloride,39.84,51.79,54,2028-12-30,IN_STOCK
0078-1091,"Scemblix Tablet, Film Coated",General Medicine,Novartis Pharmaceuticals Corporation,asciminib,122.45,159.19,231,2028-08-07,IN_STOCK
0078-1098,"Scemblix Tablet, Film Coated",General Medicine,Novartis Pharmaceuticals Corporation,asciminib,51.34,66.74,96,2028-10-08,IN_STOCK
0078-1105,"Mekinist Tablet, Film Coated",Kinase Inhibitor [EPC],Novartis Pharmaceuticals Corporation,trametinib,8.69,11.3,279,2027-07-30,IN_STOCK
0078-1112,"Mekinist Tablet, Film Coated",Kinase Inhibitor [EPC],Novartis Pharmaceuticals Corporation,trametinib,42.62,55.41,239,2027-11-19,IN_STOCK
0078-1154,"Tafinlar Tablet, For Suspension",Breast Cancer Resistance Protein Inhibitors [MoA],Novartis Pharmaceuticals Corporation,dabrafenib,61.3,79.69,43,2028-05-20,IN_STOCK
0078-1161,"Mekinist Powder, For Solution",Kinase Inhibitor [EPC],Novartis Pharmaceuticals Corporation,trametinib,107.67,139.97,317,2027-04-13,IN_STOCK
0078-1168,"Cosentyx Injection, Solution, Concentrate",Interleukin-17A Antagonist [EPC],Novartis Pharmaceuticals Corporation,secukinumab,54.76,71.19,390,2027-05-16,IN_STOCK
0078-1175,Vijoice Granule,General Medicine,Novartis Pharmaceuticals Corporation,alpelisib,104.52,135.88,351,2028-12-12,IN_STOCK
0078-1189,Fabhalta Capsule,Complement Factor B Inhibitor [EPC],Novartis Pharmaceuticals Corporation,iptacopan,73.98,96.17,368,2027-10-03,IN_STOCK
0078-1196,"Scemblix Tablet, Film Coated",General Medicine,Novartis Pharmaceuticals Corporation,asciminib,78.56,102.13,112,2028-08-04,IN_STOCK
0078-1217,"Pluvicto Injection, Solution",Radioligand Activity [MoA],Novartis Pharmaceuticals Corporation,lutetium Lu 177 vipivotide tetraxetan,132.09,171.72,117,2027-07-28,IN_STOCK
0078-1224,"Locametz Injection, Powder, Lyophilized, For Solution",General Medicine,Novartis Pharmaceuticals Corporation,kit for the preparation of gallium Ga 68 gozetotide,19.15,24.89,90,2028-10-28,IN_STOCK
0078-1231,Entresto Pellet,Angiotensin 2 Receptor Antagonists [MoA],Novartis Pharmaceuticals Corporation,Sacubitril and Valsartan,42.5,55.25,311,2028-11-20,IN_STOCK
0078-1238,Entresto Pellet,Angiotensin 2 Receptor Antagonists [MoA],Novartis Pharmaceuticals Corporation,Sacubitril and Valsartan,137.33,178.53,373,2027-09-09,IN_STOCK
0078-1245,Diovan Tablet,Angiotensin 2 Receptor Antagonists [MoA],Novartis Pharmaceuticals Corporation,valsartan,99.89,129.86,138,2027-09-29,IN_STOCK
0078-1252,Diovan Tablet,Angiotensin 2 Receptor Antagonists [MoA],Novartis Pharmaceuticals Corporation,valsartan,37.38,48.59,182,2027-12-05,IN_STOCK
0078-1259,Diovan Tablet,Angiotensin 2 Receptor Antagonists [MoA],Novartis Pharmaceuticals Corporation,valsartan,119.27,155.05,194,2027-10-16,IN_STOCK
0078-1420,"Vanrafia Tablet, Film Coated",Endothelin Receptor Antagonist [EPC],Novartis Pharmaceuticals Corporation,atrasentan,42.78,55.61,175,2028-01-18,IN_STOCK
0078-1483,Rhapsido Tablet,Bruton's Tyrosine Kinase Inhibitors [MoA],Novartis Pharmaceuticals Corporation,remibrutinib,128.43,166.96,265,2026-11-24,IN_STOCK
0078-1490,Gleevec Tablet,Bcr-Abl Tyrosine Kinase Inhibitors [MoA],Novartis Pharmaceuticals Corporation,imatinib mesylate,130.63,169.82,323,2028-05-17,IN_STOCK
0078-9659,"Entresto Tablet, Film Coated",Angiotensin 2 Receptor Antagonists [MoA],Novartis Pharmaceuticals Corporation,Sacubitril and Valsartan,141.92,184.5,61,2028-01-27,IN_STOCK
0078-9777,"Entresto Tablet, Film Coated",Angiotensin 2 Receptor Antagonists [MoA],Novartis Pharmaceuticals Corporation,Sacubitril and Valsartan,133.97,174.16,281,2027-01-31,IN_STOCK
0085-1328,Noxafil Suspension,Azole Antifungal [EPC],Merck Sharp & Dohme Llc,posaconazole,130.79,170.03,220,2028-03-26,IN_STOCK
0085-1366,Temodar Capsule,Alkylating Activity [MoA],Merck Sharp & Dohme Llc,Temozolomide,48.26,62.74,52,2027-03-04,IN_STOCK
0085-1381,"Temodar Injection, Powder, Lyophilized, For Solution",Alkylating Activity [MoA],Merck Sharp & Dohme Llc,Temozolomide,24.92,32.4,127,2027-09-16,IN_STOCK
0085-1417,Temodar Capsule,Alkylating Activity [MoA],Merck Sharp & Dohme Llc,Temozolomide,64.33,83.63,316,2028-01-12,IN_STOCK
0085-1425,Temodar Capsule,Alkylating Activity [MoA],Merck Sharp & Dohme Llc,Temozolomide,25.77,33.5,391,2027-04-03,IN_STOCK
0085-1430,Temodar Capsule,Alkylating Activity [MoA],Merck Sharp & Dohme Llc,Temozolomide,117.95,153.34,274,2027-09-06,IN_STOCK
0085-1519,Temodar Capsule,Alkylating Activity [MoA],Merck Sharp & Dohme Llc,Temozolomide,96.5,125.45,115,2027-08-17,IN_STOCK
0085-2224,"Noxafil Powder, For Suspension",Azole Antifungal [EPC],Merck Sharp & Dohme Llc,posaconazole,97.0,126.1,27,2028-01-06,IN_STOCK
0085-3004,Temodar Capsule,Alkylating Activity [MoA],Merck Sharp & Dohme Llc,Temozolomide,44.66,58.06,111,2028-05-13,IN_STOCK
0085-4324,"Noxafil Tablet, Coated",Azole Antifungal [EPC],Merck Sharp & Dohme Llc,posaconazole,115.85,150.6,275,2028-12-13,IN_STOCK
0085-4331,Noxafil Solution,Azole Antifungal [EPC],Merck Sharp & Dohme Llc,posaconazole,115.72,150.44,70,2027-02-10,IN_STOCK
0088-2102,"Priftin Tablet, Film Coated",Rifamycin Antimycobacterial [EPC],Sanofi-Aventis U.S. Llc,rifapentine,94.1,122.33,349,2027-12-14,IN_STOCK
0088-2160,"Arava Tablet, Film Coated",Antirheumatic Agent [EPC],Sanofi-Aventis U.S. Llc,leflunomide,63.49,82.54,269,2027-10-28,IN_STOCK
0088-2161,"Arava Tablet, Film Coated",Antirheumatic Agent [EPC],Sanofi-Aventis U.S. Llc,leflunomide,5.68,7.38,298,2027-04-23,IN_STOCK
0088-2162,"Arava Tablet, Film Coated",Antirheumatic Agent [EPC],Sanofi-Aventis U.S. Llc,leflunomide,110.95,144.24,32,2027-08-26,IN_STOCK
0088-2219,"Lantus Solostar Injection, Solution",Insulin Analog [EPC],Sanofi-Aventis U.S. Llc,insulin glargine,114.74,149.16,296,2027-04-14,IN_STOCK
0088-2220,"Lantus Injection, Solution",Insulin Analog [EPC],Sanofi-Aventis U.S. Llc,insulin glargine,7.6,9.88,27,2028-07-03,IN_STOCK
0088-2500,"Apidra Injection, Solution",Insulin Analog [EPC],Sanofi-Aventis U.S. Llc,insulin glulisine,111.37,144.78,140,2028-09-10,IN_STOCK
0088-2502,"Apidra Solostar Injection, Solution",Insulin Analog [EPC],Sanofi-Aventis U.S. Llc,insulin glulisine,132.16,171.81,184,2027-02-10,IN_STOCK
0093-0010,"Tolterodine Tartrate Tablet, Film Coated",Cholinergic Muscarinic Antagonist [EPC],"Teva Pharmaceuticals Usa, Inc.",Tolterodine Tartrate,19.89,25.86,282,2028-05-25,IN_STOCK
0093-0017,"Moexipril Hydrochloride Tablet, Film Coated",Angiotensin Converting Enzyme Inhibitor [EPC],"Teva Pharmaceuticals Usa, Inc.",Moexipril Hydrochloride,49.39,64.21,58,2026-11-16,IN_STOCK
0093-0018,"Tolterodine Tartrate Tablet, Film Coated",Cholinergic Muscarinic Antagonist [EPC],"Teva Pharmaceuticals Usa, Inc.",Tolterodine Tartrate,48.24,62.71,173,2028-01-10,IN_STOCK
0093-0051,"Carvedilol Tablet, Film Coated",Adrenergic alpha-Antagonists [MoA],"Teva Pharmaceuticals Usa, Inc.",Carvedilol,110.54,143.7,330,2028-03-20,IN_STOCK
0093-0053,Buspirone Hydrochloride Tablet,General Medicine,"Teva Pharmaceuticals Usa, Inc.",Buspirone Hydrochloride,53.99,70.19,376,2027-02-15,IN_STOCK
0093-0054,Buspirone Hydrochloride Tablet,General Medicine,"Teva Pharmaceuticals Usa, Inc.",Buspirone Hydrochloride,54.7,71.11,275,2027-10-03,IN_STOCK
0093-0135,"Carvedilol Tablet, Film Coated",Adrenergic alpha-Antagonists [MoA],"Teva Pharmaceuticals Usa, Inc.",Carvedilol,113.77,147.9,109,2027-11-18,IN_STOCK
0093-0262,Fluocinonide Cream,Corticosteroid Hormone Receptor Agonists [MoA],"Teva Pharmaceuticals Usa, Inc.",Fluocinonide,7.77,10.1,139,2028-10-14,IN_STOCK
0093-0263,Fluocinonide Cream,Corticosteroid Hormone Receptor Agonists [MoA],"Teva Pharmaceuticals Usa, Inc.",Fluocinonide,147.81,192.15,133,2028-10-21,IN_STOCK
0093-0264,Fluocinonide Ointment,Corticosteroid Hormone Receptor Agonists [MoA],"Teva Pharmaceuticals Usa, Inc.",Fluocinonide,8.18,10.63,283,2027-03-23,IN_STOCK
0093-0311,Loperamide Hydrochloride Capsule,Opioid Agonist [EPC],"Teva Pharmaceuticals Usa, Inc.",Loperamide Hydrochloride,22.86,29.72,389,2028-07-28,IN_STOCK
0093-0314,"Ketorolac Tromethamine Tablet, Film Coated",Anti-Inflammatory Agents,"Teva Pharmaceuticals Usa, Inc.",Ketorolac Tromethamine,119.86,155.82,217,2028-07-17,IN_STOCK
0093-0318,"Diltiazem Hydrochloride Tablet, Film Coated",Calcium Channel Antagonists [MoA],"Teva Pharmaceuticals Usa, Inc.",Diltiazem Hydrochloride,42.09,54.72,298,2028-06-30,IN_STOCK
0093-0319,"Diltiazem Hydrochloride Tablet, Film Coated",Calcium Channel Antagonists [MoA],"Teva Pharmaceuticals Usa, Inc.",Diltiazem Hydrochloride,12.05,15.67,49,2028-08-08,IN_STOCK
0093-0320,"Diltiazem Hydrochloride Tablet, Film Coated",Calcium Channel Antagonists [MoA],"Teva Pharmaceuticals Usa, Inc.",Diltiazem Hydrochloride,20.68,26.88,35,2026-11-19,IN_STOCK
0093-0321,"Diltiazem Hydrochloride Tablet, Film Coated",Calcium Channel Antagonists [MoA],"Teva Pharmaceuticals Usa, Inc.",Diltiazem Hydrochloride,105.01,136.51,238,2027-12-29,IN_STOCK
0093-0576,Lovastatin Tablet,HMG-CoA Reductase Inhibitor [EPC],"Teva Pharmaceuticals Usa, Inc.",Lovastatin,60.14,78.18,305,2027-06-16,IN_STOCK
0093-0752,Atenolol Tablet,Adrenergic beta-Antagonists [MoA],"Teva Pharmaceuticals Usa, Inc.",Atenolol,73.79,95.93,103,2027-04-29,IN_STOCK
0093-0753,Atenolol Tablet,Adrenergic beta-Antagonists [MoA],"Teva Pharmaceuticals Usa, Inc.",Atenolol,105.8,137.54,347,2026-10-10,IN_STOCK
0093-0756,Piroxicam Capsule,Anti-Inflammatory Agents,"Teva Pharmaceuticals Usa, Inc.",Piroxicam,48.66,63.26,363,2027-01-12,IN_STOCK
0093-0757,Piroxicam Capsule,Anti-Inflammatory Agents,"Teva Pharmaceuticals Usa, Inc.",Piroxicam,101.06,131.38,163,2028-06-29,IN_STOCK
0093-0771,Pravastatin Sodium Tablet,HMG-CoA Reductase Inhibitor [EPC],"Teva Pharmaceuticals Usa, Inc.",Pravastatin Sodium,92.82,120.67,95,2027-12-03,IN_STOCK
0093-0787,Atenolol Tablet,Adrenergic beta-Antagonists [MoA],"Teva Pharmaceuticals Usa, Inc.",Atenolol,125.44,163.07,78,2028-03-07,IN_STOCK
0093-0810,Nortriptyline Hydrochloride Capsule,Tricyclic Antidepressant [EPC],"Teva Pharmaceuticals Usa, Inc.",Nortriptyline Hydrochloride,109.22,141.99,85,2027-07-17,IN_STOCK
0093-0811,Nortriptyline Hydrochloride Capsule,Tricyclic Antidepressant [EPC],"Teva Pharmaceuticals Usa, Inc.",Nortriptyline Hydrochloride,21.53,27.99,79,2028-02-22,IN_STOCK
0093-0812,Nortriptyline Hydrochloride Capsule,Tricyclic Antidepressant [EPC],"Teva Pharmaceuticals Usa, Inc.",Nortriptyline Hydrochloride,33.8,43.94,127,2028-12-05,IN_STOCK
0093-0813,Nortriptyline Hydrochloride Capsule,Tricyclic Antidepressant [EPC],"Teva Pharmaceuticals Usa, Inc.",Nortriptyline Hydrochloride,43.13,56.07,292,2027-04-25,IN_STOCK
0093-0832,Clonazepam Tablet,Benzodiazepine [EPC],"Teva Pharmaceuticals Usa, Inc.",Clonazepam,56.9,73.97,234,2027-07-30,IN_STOCK
0093-0926,Lovastatin Tablet,HMG-CoA Reductase Inhibitor [EPC],"Teva Pharmaceuticals Usa, Inc.",Lovastatin,28.25,36.73,305,2028-02-21,IN_STOCK
0093-0928,Lovastatin Tablet,HMG-CoA Reductase Inhibitor [EPC],"Teva Pharmaceuticals Usa, Inc.",Lovastatin,137.0,178.1,377,2028-02-05,IN_STOCK
0093-0948,"Diclofenac Potassium Tablet, Film Coated",Anti-Inflammatory Agents,"Teva Pharmaceuticals Usa, Inc.",Diclofenac Potassium,52.94,68.82,26,2026-10-14,IN_STOCK
0093-0983,"Nystatin Tablet, Film Coated",Polyene Antifungal [EPC],"Teva Pharmaceuticals Usa, Inc.",Nystatin,102.39,133.11,81,2028-05-10,IN_STOCK
0093-1003,Buspirone Hydrochloride Tablet,General Medicine,"Teva Pharmaceuticals Usa, Inc.",Buspirone Hydrochloride,102.01,132.61,101,2027-01-01,IN_STOCK
0093-1010,Mupirocin Ointment,RNA Synthetase Inhibitor Antibacterial [EPC],"Teva Pharmaceuticals Usa, Inc.",Mupirocin,118.03,153.44,63,2028-10-10,IN_STOCK
0093-1024,Nefazodone Hydrochloride Tablet,Serotonin Reuptake Inhibitor [EPC],"Teva Pharmaceuticals Usa, Inc.",Nefazodone Hydrochloride,109.92,142.9,156,2028-07-21,IN_STOCK
0093-1025,Nefazodone Hydrochloride Tablet,Serotonin Reuptake Inhibitor [EPC],"Teva Pharmaceuticals Usa, Inc.",Nefazodone Hydrochloride,38.52,50.08,176,2027-06-28,IN_STOCK
0093-1026,Nefazodone Hydrochloride Tablet,Serotonin Reuptake Inhibitor [EPC],"Teva Pharmaceuticals Usa, Inc.",Nefazodone Hydrochloride,72.32,94.02,76,2027-03-28,IN_STOCK
0093-1060,Sotalol Hydrochloride Tablet,Adrenergic beta-Antagonists [MoA],"Teva Pharmaceuticals Usa, Inc.",Sotalol Hydrochloride,131.75,171.28,173,2027-10-04,IN_STOCK
0093-1061,Sotalol Hydrochloride Tablet,Adrenergic beta-Antagonists [MoA],"Teva Pharmaceuticals Usa, Inc.",Sotalol Hydrochloride,121.23,157.6,185,2027-12-11,IN_STOCK
0093-1062,Sotalol Hydrochloride Tablet,Adrenergic beta-Antagonists [MoA],"Teva Pharmaceuticals Usa, Inc.",Sotalol Hydrochloride,112.09,145.72,73,2028-11-15,IN_STOCK
0093-1063,Sotalol Hydrochloride Tablet,Adrenergic beta-Antagonists [MoA],"Teva Pharmaceuticals Usa, Inc.",Sotalol Hydrochloride,134.09,174.32,29,2027-02-19,IN_STOCK
0093-1077,"Cefprozil Tablet, Film Coated",General Medicine,"Teva Pharmaceuticals Usa, Inc.",Cefprozil,101.19,131.55,112,2027-09-02,IN_STOCK
0093-1078,"Cefprozil Tablet, Film Coated",General Medicine,"Teva Pharmaceuticals Usa, Inc.",Cefprozil,56.84,73.89,249,2028-06-28,IN_STOCK
0093-1087,"Cefaclor Tablet, Film Coated, Extended Release",Cephalosporin Antibacterial [EPC],"Teva Pharmaceuticals Usa, Inc.",Cefaclor,43.9,57.07,400,2027-01-04,IN_STOCK
0093-1106,"Teriparatide Injection, Solution",Parathyroid Hormone Analog [EPC],"Teva Pharmaceuticals Usa, Inc.",Teriparatide,59.03,76.74,200,2027-04-06,IN_STOCK
0093-1118,"Etodolac Tablet, Film Coated, Extended Release",Anti-Inflammatory Agents,"Teva Pharmaceuticals Usa, Inc.",Etodolac,21.51,27.96,229,2028-01-11,IN_STOCK
0093-1122,"Etodolac Tablet, Film Coated, Extended Release",Anti-Inflammatory Agents,"Teva Pharmaceuticals Usa, Inc.",Etodolac,44.42,57.75,222,2028-09-06,IN_STOCK
0093-1135,Acitretin Capsule,Retinoid [EPC],"Teva Pharmaceuticals Usa, Inc.",Acitretin,128.35,166.85,240,2028-07-26,IN_STOCK
0093-1136,Acitretin Capsule,Retinoid [EPC],"Teva Pharmaceuticals Usa, Inc.",Acitretin,133.49,173.54,110,2027-01-24,IN_STOCK
0093-1138,Acitretin Capsule,Retinoid [EPC],"Teva Pharmaceuticals Usa, Inc.",Acitretin,24.21,31.47,396,2026-11-30,IN_STOCK
0093-1172,Penicillin V Potassium Tablet,Penicillin-class Antibacterial [EPC],"Teva Pharmaceuticals Usa, Inc.",Penicillin V Potassium,147.33,191.53,106,2027-01-15,IN_STOCK
0093-1174,Penicillin V Potassium Tablet,Penicillin-class Antibacterial [EPC],"Teva Pharmaceuticals Usa, Inc.",Penicillin V Potassium,65.32,84.92,327,2028-02-07,IN_STOCK
0093-1177,Neomycin Sulfate Tablet,Aminoglycoside Antibacterial [EPC],"Teva Pharmaceuticals Usa, Inc.",Neomycin Sulfate,121.33,157.73,372,2027-12-23,IN_STOCK
0093-1712,Warfarin Sodium Tablet,Vitamin K Antagonist [EPC],"Teva Pharmaceuticals Usa, Inc.",Warfarin Sodium,31.28,40.66,219,2028-12-06,IN_STOCK
0093-1713,Warfarin Sodium Tablet,Vitamin K Antagonist [EPC],"Teva Pharmaceuticals Usa, Inc.",Warfarin Sodium,57.0,74.1,39,2028-08-31,IN_STOCK
0093-1714,Warfarin Sodium Tablet,Vitamin K Antagonist [EPC],"Teva Pharmaceuticals Usa, Inc.",Warfarin Sodium,132.59,172.37,397,2027-02-11,IN_STOCK
0093-1715,Warfarin Sodium Tablet,Vitamin K Antagonist [EPC],"Teva Pharmaceuticals Usa, Inc.",Warfarin Sodium,75.05,97.56,274,2027-01-24,IN_STOCK
0093-1716,Warfarin Sodium Tablet,Vitamin K Antagonist [EPC],"Teva Pharmaceuticals Usa, Inc.",Warfarin Sodium,133.7,173.81,250,2026-11-17,IN_STOCK
0093-1718,Warfarin Sodium Tablet,Vitamin K Antagonist [EPC],"Teva Pharmaceuticals Usa, Inc.",Warfarin Sodium,14.18,18.43,360,2027-08-18,IN_STOCK
0093-1720,Warfarin Sodium Tablet,Vitamin K Antagonist [EPC],"Teva Pharmaceuticals Usa, Inc.",Warfarin Sodium,6.79,8.83,372,2028-03-21,IN_STOCK
0093-1721,Warfarin Sodium Tablet,Vitamin K Antagonist [EPC],"Teva Pharmaceuticals Usa, Inc.",Warfarin Sodium,116.29,151.18,320,2028-10-11,IN_STOCK
0093-1723,Warfarin Sodium Tablet,Vitamin K Antagonist [EPC],"Teva Pharmaceuticals Usa, Inc.",Warfarin Sodium,86.93,113.01,367,2027-09-12,IN_STOCK
0093-1920,"Cyclobenzaprine Hydrochloride Capsule, Extended Release",Centrally-mediated Muscle Relaxation [PE],"Teva Pharmaceuticals Usa, Inc.",Cyclobenzaprine Hydrochloride,80.27,104.35,377,2028-09-17,IN_STOCK
0093-1921,"Cyclobenzaprine Hydrochloride Capsule, Extended Release",Centrally-mediated Muscle Relaxation [PE],"Teva Pharmaceuticals Usa, Inc.",Cyclobenzaprine Hydrochloride,94.64,123.03,246,2028-08-08,IN_STOCK
0093-2026,"Azithromycin Powder, For Suspension",Macrolide Antimicrobial [EPC],"Teva Pharmaceuticals Usa, Inc.",Azithromycin,110.36,143.47,271,2027-09-20,IN_STOCK
0093-2027,"Azithromycin Powder, For Suspension",Macrolide Antimicrobial [EPC],"Teva Pharmaceuticals Usa, Inc.",Azithromycin,101.24,131.61,353,2027-10-30,IN_STOCK
0093-2063,"Quetiapine Tablet, Film Coated",Atypical Antipsychotic [EPC],"Teva Pharmaceuticals Usa, Inc.",Quetiapine,26.55,34.52,310,2028-06-19,IN_STOCK
0093-2064,Cilostazol Tablet,Phosphodiesterase 3 Inhibitor [EPC],"Teva Pharmaceuticals Usa, Inc.",Cilostazol,12.91,16.78,354,2027-03-10,IN_STOCK
0093-2065,Cilostazol Tablet,Phosphodiesterase 3 Inhibitor [EPC],"Teva Pharmaceuticals Usa, Inc.",Cilostazol,78.31,101.8,265,2028-02-20,IN_STOCK
0093-2067,Doxazosin Tablet,Adrenergic alpha-Antagonists [MoA],"Teva Pharmaceuticals Usa, Inc.",Doxazosin Mesylate,131.07,170.39,63,2028-11-08,IN_STOCK
0093-2068,Doxazosin Tablet,Adrenergic alpha-Antagonists [MoA],"Teva Pharmaceuticals Usa, Inc.",Doxazosin Mesylate,76.29,99.18,148,2027-09-04,IN_STOCK
0093-2069,Doxazosin Tablet,Adrenergic alpha-Antagonists [MoA],"Teva Pharmaceuticals Usa, Inc.",Doxazosin Mesylate,145.67,189.37,50,2028-03-03,IN_STOCK
0093-2070,Doxazosin Tablet,Adrenergic alpha-Antagonists [MoA],"Teva Pharmaceuticals Usa, Inc.",Doxazosin Mesylate,37.29,48.48,354,2027-10-23,IN_STOCK
0093-2140,Tri-Lo-Sprintec Kit,General Medicine,"Teva Pharmaceuticals Usa, Inc.",Norgestimate and Ethinyl Estradiol,63.48,82.52,145,2026-12-20,IN_STOCK
0093-2178,Liothyronine Sodium Tablet,Triiodothyronine [CS],"Teva Pharmaceuticals Usa, Inc.",Liothyronine Sodium,71.57,93.04,318,2028-01-02,IN_STOCK
0093-2179,Liothyronine Sodium Tablet,Triiodothyronine [CS],"Teva Pharmaceuticals Usa, Inc.",Liothyronine Sodium,17.76,23.09,280,2028-01-01,IN_STOCK
0093-2180,Liothyronine Sodium Tablet,Triiodothyronine [CS],"Teva Pharmaceuticals Usa, Inc.",Liothyronine Sodium,50.83,66.08,279,2028-11-02,IN_STOCK
0093-2203,Metoclopramide Tablet,Dopamine D2 Antagonists [MoA],"Teva Pharmaceuticals Usa, Inc.",Metoclopramide,99.74,129.66,77,2027-11-18,IN_STOCK
0093-2204,Metoclopramide Tablet,Dopamine D2 Antagonists [MoA],"Teva Pharmaceuticals Usa, Inc.",Metoclopramide,64.79,84.23,310,2028-04-15,IN_STOCK
0093-2210,Sucralfate Tablet,Aluminum Complex [EPC],"Teva Pharmaceuticals Usa, Inc.",Sucralfate,5.02,6.53,71,2028-12-19,IN_STOCK
0093-2238,Cephalexin Tablet,Cephalosporin Antibacterial [EPC],"Teva Pharmaceuticals Usa, Inc.",Cephalexin,92.61,120.39,341,2028-07-14,IN_STOCK
0093-2240,Cephalexin Tablet,Cephalosporin Antibacterial [EPC],"Teva Pharmaceuticals Usa, Inc.",Cephalexin,49.17,63.92,285,2028-04-28,IN_STOCK
0093-2263,"Amoxicillin Tablet, Film Coated",Penicillin-class Antibacterial [EPC],"Teva Pharmaceuticals Usa, Inc.",Amoxicillin,34.99,45.49,368,2028-01-11,IN_STOCK
0093-2264,"Amoxicillin Tablet, Film Coated",Penicillin-class Antibacterial [EPC],"Teva Pharmaceuticals Usa, Inc.",Amoxicillin,142.8,185.64,211,2026-11-25,IN_STOCK
0093-2267,"Amoxicillin Tablet, Chewable",Penicillin-class Antibacterial [EPC],"Teva Pharmaceuticals Usa, Inc.",Amoxicillin,123.41,160.43,257,2027-09-05,IN_STOCK
0093-2268,"Amoxicillin Tablet, Chewable",Penicillin-class Antibacterial [EPC],"Teva Pharmaceuticals Usa, Inc.",Amoxicillin,86.22,112.09,342,2028-06-06,IN_STOCK
0093-2274,"Amoxicillin And Clavulanate Potassium Tablet, Film Coated",Penicillin-class Antibacterial [EPC],"Teva Pharmaceuticals Usa, Inc.",Amoxicillin and Clavulanate Potassium,73.6,95.68,361,2027-10-08,IN_STOCK
0093-2275,"Amoxicillin And Clavulanate Potassium Tablet, Film Coated",Penicillin-class Antibacterial [EPC],"Teva Pharmaceuticals Usa, Inc.",Amoxicillin and Clavulanate Potassium,108.81,141.45,83,2027-01-08,IN_STOCK
0093-2277,"Amoxicillin And Clavulanate Potassium Powder, For Suspension",Penicillin-class Antibacterial [EPC],"Teva Pharmaceuticals Usa, Inc.",Amoxicillin and Clavulanate Potassium,115.1,149.63,138,2026-10-03,IN_STOCK
0093-2279,"Amoxicillin And Clavulanate Potassium Powder, For Suspension",Penicillin-class Antibacterial [EPC],"Teva Pharmaceuticals Usa, Inc.",Amoxicillin and Clavulanate Potassium,54.5,70.85,349,2028-12-28,IN_STOCK
0093-2401,"Hydroxychloroquine Sulfate Tablet, Film Coated",Antimalarial [EPC],"Teva Pharmaceuticals Usa, Inc.",Hydroxychloroquine Sulfate,47.34,61.54,292,2027-10-18,IN_STOCK
0093-3002,Quinine Sulfate Capsule,Antimalarial [EPC],"Teva Pharmaceuticals Usa, Inc.",Quinine Sulfate,106.8,138.84,48,2027-03-18,IN_STOCK
0093-3008,"Lansoprazole Tablet, Orally Disintegrating, Delayed Release",Inhibition Gastric Acid Secretion [PE],"Teva Pharmaceuticals Usa, Inc.",Lansoprazole,76.4,99.32,392,2028-10-30,IN_STOCK
0093-3009,"Lansoprazole Tablet, Orally Disintegrating, Delayed Release",Inhibition Gastric Acid Secretion [PE],"Teva Pharmaceuticals Usa, Inc.",Lansoprazole,109.63,142.52,79,2027-06-18,IN_STOCK
0093-3060,Rasagiline Tablet,Monoamine Oxidase Inhibitor [EPC],"Teva Pharmaceuticals Usa, Inc.",Rasagiline,93.57,121.64,121,2027-02-01,IN_STOCK
0093-3061,Rasagiline Tablet,Monoamine Oxidase Inhibitor [EPC],"Teva Pharmaceuticals Usa, Inc.",Rasagiline,139.88,181.84,226,2027-05-09,IN_STOCK
0093-3066,"Icatibant Injection, Solution",Bradykinin B2 Receptor Antagonist [EPC],"Teva Pharmaceuticals Usa, Inc.",Icatibant,71.27,92.65,122,2028-10-03,IN_STOCK
0093-3090,Armodafinil Tablet,General Medicine,"Teva Pharmaceuticals Usa, Inc.",Armodafinil,54.0,70.2,237,2026-11-17,IN_STOCK
0093-3092,Armodafinil Tablet,General Medicine,"Teva Pharmaceuticals Usa, Inc.",Armodafinil,139.36,181.17,369,2028-05-25,IN_STOCK
0093-3094,Armodafinil Tablet,General Medicine,"Teva Pharmaceuticals Usa, Inc.",Armodafinil,22.87,29.73,255,2028-01-12,IN_STOCK
0093-3098,"Risedronate Sodium Tablet, Film Coated",Bisphosphonate [EPC],"Teva Pharmaceuticals Usa, Inc.",Risedronate Sodium,100.48,130.62,283,2027-02-15,IN_STOCK
0093-3099,"Risedronate Sodium Tablet, Film Coated",Bisphosphonate [EPC],"Teva Pharmaceuticals Usa, Inc.",Risedronate Sodium,144.76,188.19,27,2028-03-27,IN_STOCK
0093-3100,"Risedronate Sodium Tablet, Film Coated",Bisphosphonate [EPC],"Teva Pharmaceuticals Usa, Inc.",Risedronate Sodium,111.75,145.28,308,2027-12-18,IN_STOCK
0093-3107,Amoxicillin Capsule,Penicillin-class Antibacterial [EPC],"Teva Pharmaceuticals Usa, Inc.",Amoxicillin,126.63,164.62,272,2028-03-04,IN_STOCK
0093-3109,Amoxicillin Capsule,Penicillin-class Antibacterial [EPC],"Teva Pharmaceuticals Usa, Inc.",Amoxicillin,118.26,153.74,115,2028-09-08,IN_STOCK
0093-3122,Jinteli Tablet,Estrogen Receptor Agonists [MoA],"Teva Pharmaceuticals Usa, Inc.",norethindrone acetate and ethinyl estradiol,88.89,115.56,399,2027-02-09,IN_STOCK
0093-3123,Dicloxacillin Sodium Capsule,Penicillin-class Antibacterial [EPC],"Teva Pharmaceuticals Usa, Inc.",Dicloxacillin Sodium,20.02,26.03,361,2028-06-06,IN_STOCK
0093-3125,Dicloxacillin Sodium Capsule,Penicillin-class Antibacterial [EPC],"Teva Pharmaceuticals Usa, Inc.",Dicloxacillin Sodium,92.89,120.76,189,2028-02-29,IN_STOCK
0093-3127,Disopyramide Phosphate Capsule,Antiarrhythmic [EPC],"Teva Pharmaceuticals Usa, Inc.",Disopyramide Phosphate,132.8,172.64,239,2028-06-15,IN_STOCK
0093-3129,Disopyramide Phosphate Capsule,Antiarrhythmic [EPC],"Teva Pharmaceuticals Usa, Inc.",Disopyramide Phosphate,137.81,179.15,152,2027-07-08,IN_STOCK
0093-3133,Imiquimod Cream,Increased Cytokine Activity [PE],"Teva Pharmaceuticals Usa, Inc.",imiquimod,62.69,81.5,200,2027-07-29,IN_STOCK
0093-3134,Camrese Kit,General Medicine,"Teva Pharmaceuticals Usa, Inc.",Levonorgestrel / Ethinyl Estradiol and Ethinyl Estradiol,70.66,91.86,93,2027-02-19,IN_STOCK
0093-3145,Cephalexin Capsule,Cephalosporin Antibacterial [EPC],"Teva Pharmaceuticals Usa, Inc.",Cephalexin,64.85,84.3,383,2028-11-05,IN_STOCK
0093-3147,Cephalexin Capsule,Cephalosporin Antibacterial [EPC],"Teva Pharmaceuticals Usa, Inc.",Cephalexin,79.28,103.06,384,2028-04-13,IN_STOCK
0093-3160,Cefdinir Capsule,Cephalosporin Antibacterial [EPC],"Teva Pharmaceuticals Usa, Inc.",Cefdinir,129.8,168.74,389,2028-10-24,IN_STOCK
0093-3174,"Albuterol Sulfate Aerosol, Metered",Adrenergic beta2-Agonists [MoA],"Teva Pharmaceuticals Usa, Inc.",Albuterol Sulfate,140.65,182.85,348,2027-05-11,IN_STOCK
0093-3186,Penciclovir Cream,DNA Polymerase Inhibitors [MoA],"Teva Pharmaceuticals Usa, Inc.",Penciclovir,34.13,44.37,344,2028-10-01,IN_STOCK
0093-3196,Cefadroxil Capsule,Cephalosporin Antibacterial [EPC],"Teva Pharmaceuticals Usa, Inc.",Cefadroxil,47.13,61.27,201,2028-08-19,IN_STOCK
0093-3212,Clonazepam Tablet,Benzodiazepine [EPC],"Teva Pharmaceuticals Usa, Inc.",Clonazepam,24.24,31.51,388,2028-07-27,IN_STOCK
0093-3213,Clonazepam Tablet,Benzodiazepine [EPC],"Teva Pharmaceuticals Usa, Inc.",Clonazepam,146.4,190.32,116,2028-02-28,IN_STOCK
0093-3219,Ketoconazole Cream,Azole Antifungal [EPC],"Teva Pharmaceuticals Usa, Inc.",Ketoconazole,83.66,108.76,351,2027-08-27,IN_STOCK
0093-3223,Estradiol Insert,Estradiol Congeners [CS],"Teva Pharmaceuticals Usa, Inc.",Estradiol,108.0,140.4,205,2028-04-28,IN_STOCK
0093-3234,Sulfasalazine Tablet,Aminosalicylate [EPC],"Teva Pharmaceuticals Usa, Inc.",Sulfasalazine,74.65,97.05,317,2028-08-14,IN_STOCK
0093-3239,"Buprenorphine Patch, Extended Release",Partial Opioid Agonist [EPC],"Teva Pharmaceuticals Usa, Inc.",Buprenorphine,107.97,140.36,370,2028-11-04,IN_STOCK
0093-3241,"Bisoprolol Fumarate And Hydrochlorothiazide Tablet, Film Coated",Adrenergic beta-Antagonists [MoA],"Teva Pharmaceuticals Usa, Inc.",bisoprolol fumarate and hydrochlorothiazide,134.61,174.99,298,2027-07-20,IN_STOCK
0093-3242,"Bisoprolol Fumarate And Hydrochlorothiazide Tablet, Film Coated",Adrenergic beta-Antagonists [MoA],"Teva Pharmaceuticals Usa, Inc.",bisoprolol fumarate and hydrochlorothiazide,132.23,171.9,241,2026-10-14,IN_STOCK
0093-3243,"Bisoprolol Fumarate And Hydrochlorothiazide Tablet, Film Coated",Adrenergic beta-Antagonists [MoA],"Teva Pharmaceuticals Usa, Inc.",bisoprolol fumarate and hydrochlorothiazide,80.8,105.04,37,2027-10-26,IN_STOCK
0093-3301,"Tramadol Hydrochloride Tablet, Film Coated",Full Opioid Agonists [MoA],"Teva Pharmaceuticals Usa, Inc.",Tramadol Hydrochloride,26.07,33.89,368,2026-11-27,IN_STOCK
0093-3304,Reclipsen Kit,General Medicine,"Teva Pharmaceuticals Usa, Inc.",Desogestrel and Ethinyl Estradiol,33.99,44.19,107,2027-07-21,IN_STOCK
0093-3420,"Cyclobenzaprine Hydrochloride Tablet, Film Coated",Centrally-mediated Muscle Relaxation [PE],"Teva Pharmaceuticals Usa, Inc.",Cyclobenzaprine Hydrochloride,104.09,135.32,99,2026-12-03,IN_STOCK
0093-3421,"Cyclobenzaprine Hydrochloride Tablet, Film Coated",Centrally-mediated Muscle Relaxation [PE],"Teva Pharmaceuticals Usa, Inc.",Cyclobenzaprine Hydrochloride,105.14,136.68,176,2027-04-27,IN_STOCK
0093-3422,"Cyclobenzaprine Hydrochloride Tablet, Film Coated",Centrally-mediated Muscle Relaxation [PE],"Teva Pharmaceuticals Usa, Inc.",Cyclobenzaprine Hydrochloride,114.27,148.55,41,2027-10-03,IN_STOCK
0093-3425,Lorazepam Tablet,Benzodiazepine [EPC],"Teva Pharmaceuticals Usa, Inc.",Lorazepam,123.03,159.94,77,2028-06-22,IN_STOCK
0093-3426,Lorazepam Tablet,Benzodiazepine [EPC],"Teva Pharmaceuticals Usa, Inc.",Lorazepam,130.87,170.13,312,2027-05-18,IN_STOCK
0093-3427,Lorazepam Tablet,Benzodiazepine [EPC],"Teva Pharmaceuticals Usa, Inc.",Lorazepam,112.65,146.45,312,2027-11-03,IN_STOCK
0093-3541,Estradiol Cream,Estradiol Congeners [CS],"Teva Pharmaceuticals Usa, Inc.",Estradiol,39.45,51.29,381,2027-07-22,IN_STOCK
0093-3542,Atomoxetine Capsule,Norepinephrine Reuptake Inhibitor [EPC],"Teva Pharmaceuticals Usa, Inc.",Atomoxetine,105.48,137.12,49,2027-10-26,IN_STOCK
0093-3543,Atomoxetine Capsule,Norepinephrine Reuptake Inhibitor [EPC],"Teva Pharmaceuticals Usa, Inc.",Atomoxetine,61.2,79.56,375,2027-08-17,IN_STOCK
0093-3544,Atomoxetine Capsule,Norepinephrine Reuptake Inhibitor [EPC],"Teva Pharmaceuticals Usa, Inc.",Atomoxetine,145.05,188.57,52,2026-10-14,IN_STOCK
0093-3545,Atomoxetine Capsule,Norepinephrine Reuptake Inhibitor [EPC],"Teva Pharmaceuticals Usa, Inc.",Atomoxetine,112.83,146.68,128,2028-06-27,IN_STOCK
0093-3546,Atomoxetine Capsule,Norepinephrine Reuptake Inhibitor [EPC],"Teva Pharmaceuticals Usa, Inc.",Atomoxetine,130.98,170.27,251,2027-05-19,IN_STOCK
0093-3547,Atomoxetine Capsule,Norepinephrine Reuptake Inhibitor [EPC],"Teva Pharmaceuticals Usa, Inc.",Atomoxetine,137.17,178.32,385,2028-09-26,IN_STOCK
0093-3548,Atomoxetine Capsule,Norepinephrine Reuptake Inhibitor [EPC],"Teva Pharmaceuticals Usa, Inc.",Atomoxetine,98.91,128.58,326,2028-04-12,IN_STOCK
0093-3560,"Peg-3350, Sodium Sulfate, Sodium Chloride, Potassium Chloride, Sodium Ascorbate And Ascorbic Acid Kit",General Medicine,"Teva Pharmaceuticals Usa, Inc.","PEG-3350, SODIUM SULFATE, SODIUM CHLORIDE, POTASSIUM CHLORIDE, SODIUM ASCORBATE AND ASCORBIC ACID",112.08,145.7,125,2028-12-03,IN_STOCK
0093-3607,"Fluticasone Propionate And Salmeterol Powder, Metered",Adrenergic beta2-Agonists [MoA],"Teva Pharmaceuticals Usa, Inc.",Fluticasone Propionate and Salmeterol,110.11,143.14,124,2027-07-29,IN_STOCK
0093-3608,"Fluticasone Propionate And Salmeterol Powder, Metered",Adrenergic beta2-Agonists [MoA],"Teva Pharmaceuticals Usa, Inc.",Fluticasone Propionate and Salmeterol,70.08,91.1,374,2026-12-16,IN_STOCK
0093-3609,"Fluticasone Propionate And Salmeterol Powder, Metered",Adrenergic beta2-Agonists [MoA],"Teva Pharmaceuticals Usa, Inc.",Fluticasone Propionate and Salmeterol,32.11,41.74,113,2028-10-22,IN_STOCK
0093-3630,Acyclovir Cream,DNA Polymerase Inhibitors [MoA],"Teva Pharmaceuticals Usa, Inc.",acyclovir,79.51,103.36,218,2026-11-11,IN_STOCK
0093-3655,Methylergonovine Maleate Tablet,Ergolines [CS],"Teva Pharmaceuticals Usa, Inc.",Methylergonovine Maleate,67.13,87.27,309,2027-06-28,IN_STOCK
0093-3656,"Buprenorphine Patch, Extended Release",Partial Opioid Agonist [EPC],"Teva Pharmaceuticals Usa, Inc.",Buprenorphine,23.86,31.02,324,2027-06-19,IN_STOCK
0093-3657,"Buprenorphine Patch, Extended Release",Partial Opioid Agonist [EPC],"Teva Pharmaceuticals Usa, Inc.",Buprenorphine,5.82,7.57,263,2028-09-26,IN_STOCK
0093-3658,"Buprenorphine Patch, Extended Release",Partial Opioid Agonist [EPC],"Teva Pharmaceuticals Usa, Inc.",Buprenorphine,140.94,183.22,45,2027-03-07,IN_STOCK
0093-3659,"Buprenorphine Patch, Extended Release",Partial Opioid Agonist [EPC],"Teva Pharmaceuticals Usa, Inc.",Buprenorphine,139.65,181.55,330,2026-11-22,IN_STOCK
0093-3727,Diclofenac Epolamine System,Anti-Inflammatory Agents,Teva Pharmaceuticals Usa Inc.,diclofenac epolamine,117.18,152.33,345,2028-06-22,IN_STOCK
0093-4059,Cefadroxil Tablet,Cephalosporin Antibacterial [EPC],"Teva Pharmaceuticals Usa, Inc.",Cefadroxil,127.26,165.44,179,2028-02-15,IN_STOCK
0093-4061,Formoterol Fumarate Solution,Adrenergic beta2-Agonists [MoA],"Teva Pharmaceuticals Usa, Inc.",Formoterol fumarate,119.54,155.4,306,2027-10-02,IN_STOCK
0093-4067,Prazosin Hydrochloride Capsule,Adrenergic alpha-Antagonists [MoA],"Teva Pharmaceuticals Usa, Inc.",Prazosin Hydrochloride,15.57,20.24,387,2027-08-22,IN_STOCK
0093-4068,Prazosin Hydrochloride Capsule,Adrenergic alpha-Antagonists [MoA],"Teva Pharmaceuticals Usa, Inc.",Prazosin Hydrochloride,81.18,105.53,119,2028-03-17,IN_STOCK
0093-4069,Prazosin Hydrochloride Capsule,Adrenergic alpha-Antagonists [MoA],"Teva Pharmaceuticals Usa, Inc.",Prazosin Hydrochloride,14.89,19.36,283,2027-03-13,IN_STOCK
0093-4085,Tobramycin Solution,Aminoglycoside Antibacterial [EPC],"Teva Pharmaceuticals Usa, Inc.",Tobramycin,65.31,84.9,299,2027-11-18,IN_STOCK
0093-4125,"Penicillin V Potassium Powder, For Solution",Penicillin-class Antibacterial [EPC],"Teva Pharmaceuticals Usa, Inc.",Penicillin V Potassium,18.33,23.83,138,2027-05-07,IN_STOCK
0093-4127,"Penicillin V Potassium Powder, For Solution",Penicillin-class Antibacterial [EPC],"Teva Pharmaceuticals Usa, Inc.",Penicillin V Potassium,101.18,131.53,194,2027-10-05,IN_STOCK
0093-4136,"Cefdinir Powder, For Suspension",Cephalosporin Antibacterial [EPC],"Teva Pharmaceuticals Usa, Inc.",Cefdinir,47.57,61.84,341,2028-03-27,IN_STOCK
0093-4137,"Cefdinir Powder, For Suspension",Cephalosporin Antibacterial [EPC],"Teva Pharmaceuticals Usa, Inc.",Cefdinir,73.85,96.0,312,2028-11-09,IN_STOCK
0093-4145,Levalbuterol Solution,Adrenergic beta2-Agonists [MoA],"Teva Pharmaceuticals Usa, Inc.",Levalbuterol,147.26,191.44,29,2027-01-26,IN_STOCK
0093-4146,Levalbuterol Solution,Adrenergic beta2-Agonists [MoA],"Teva Pharmaceuticals Usa, Inc.",Levalbuterol,102.0,132.6,253,2027-06-04,IN_STOCK
0093-4148,Levalbuterol Solution,Adrenergic beta2-Agonists [MoA],"Teva Pharmaceuticals Usa, Inc.",Levalbuterol,136.15,177.0,339,2028-06-28,IN_STOCK
0093-4155,"Amoxicillin Powder, For Suspension",Penicillin-class Antibacterial [EPC],"Teva Pharmaceuticals Usa, Inc.",Amoxicillin,40.35,52.46,45,2028-08-29,IN_STOCK
0093-4160,"Amoxicillin Powder, For Suspension",Penicillin-class Antibacterial [EPC],"Teva Pharmaceuticals Usa, Inc.",Amoxicillin,133.42,173.45,220,2028-12-24,IN_STOCK
0093-4161,"Amoxicillin Powder, For Suspension",Penicillin-class Antibacterial [EPC],"Teva Pharmaceuticals Usa, Inc.",Amoxicillin,142.02,184.63,222,2027-06-20,IN_STOCK
0093-4175,"Cephalexin Powder, For Suspension",Cephalosporin Antibacterial [EPC],"Teva Pharmaceuticals Usa, Inc.",Cephalexin,83.33,108.33,169,2026-10-26,IN_STOCK
0093-4177,"Cephalexin Powder, For Suspension",Cephalosporin Antibacterial [EPC],"Teva Pharmaceuticals Usa, Inc.",Cephalexin,137.14,178.28,216,2028-03-10,IN_STOCK
0093-5002,"Olmesartan Medoxomil, Amlodipine And Hydrochlorothiazide Tablet, Film Coated",Angiotensin 2 Receptor Antagonists [MoA],"Teva Pharmaceuticals Usa, Inc.","Olmesartan Medoxomil, Amlodipine and Hydrochlorothiazide",121.41,157.83,253,2028-02-11,IN_STOCK
0093-5003,"Olmesartan Medoxomil, Amlodipine And Hydrochlorothiazide Tablet, Film Coated",Angiotensin 2 Receptor Antagonists [MoA],"Teva Pharmaceuticals Usa, Inc.","Olmesartan Medoxomil, Amlodipine and Hydrochlorothiazide",11.36,14.77,358,2027-04-16,IN_STOCK
0093-5004,"Olmesartan Medoxomil, Amlodipine And Hydrochlorothiazide Tablet, Film Coated",Angiotensin 2 Receptor Antagonists [MoA],"Teva Pharmaceuticals Usa, Inc.","Olmesartan Medoxomil, Amlodipine and Hydrochlorothiazide",51.45,66.89,67,2027-01-07,IN_STOCK
0093-5005,"Olmesartan Medoxomil, Amlodipine And Hydrochlorothiazide Tablet, Film Coated",Angiotensin 2 Receptor Antagonists [MoA],"Teva Pharmaceuticals Usa, Inc.","Olmesartan Medoxomil, Amlodipine and Hydrochlorothiazide",29.27,38.05,300,2028-03-30,IN_STOCK
0093-5006,"Olmesartan Medoxomil, Amlodipine And Hydrochlorothiazide Tablet, Film Coated",Angiotensin 2 Receptor Antagonists [MoA],"Teva Pharmaceuticals Usa, Inc.","Olmesartan Medoxomil, Amlodipine and Hydrochlorothiazide",6.06,7.88,58,2027-05-04,IN_STOCK
0093-5030,"Tiagabine Hydrochloride Tablet, Film Coated",Anti-epileptic Agent [EPC],"Teva Pharmaceuticals Usa, Inc.",Tiagabine Hydrochloride,102.2,132.86,134,2028-09-01,IN_STOCK
0093-5031,"Tiagabine Hydrochloride Tablet, Film Coated",Anti-epileptic Agent [EPC],"Teva Pharmaceuticals Usa, Inc.",Tiagabine Hydrochloride,66.51,86.46,78,2027-04-29,IN_STOCK
0093-5045,"Dexmethylphenidate Hydrochloride Capsule, Extended Release",Central Nervous System Stimulant [EPC],"Teva Pharmaceuticals Usa, Inc.",Dexmethylphenidate Hydrochloride,82.97,107.86,384,2028-10-29,IN_STOCK
0093-5046,"Dexmethylphenidate Hydrochloride Capsule, Extended Release",Central Nervous System Stimulant [EPC],"Teva Pharmaceuticals Usa, Inc.",Dexmethylphenidate Hydrochloride,117.4,152.62,356,2026-12-13,IN_STOCK
0093-5056,"Atorvastatin Calcium Tablet, Film Coated",HMG-CoA Reductase Inhibitor [EPC],"Teva Pharmaceuticals Usa, Inc.",Atorvastatin Calcium,113.3,147.29,103,2026-10-25,IN_STOCK
0093-5057,"Atorvastatin Calcium Tablet, Film Coated",HMG-CoA Reductase Inhibitor [EPC],"Teva Pharmaceuticals Usa, Inc.",Atorvastatin Calcium,71.59,93.07,194,2026-11-08,IN_STOCK
0093-5058,"Atorvastatin Calcium Tablet, Film Coated",HMG-CoA Reductase Inhibitor [EPC],"Teva Pharmaceuticals Usa, Inc.",Atorvastatin Calcium,17.69,23.0,52,2027-04-01,IN_STOCK
0093-5059,"Atorvastatin Calcium Tablet, Film Coated",HMG-CoA Reductase Inhibitor [EPC],"Teva Pharmaceuticals Usa, Inc.",Atorvastatin Calcium,120.16,156.21,310,2026-12-12,IN_STOCK
0093-5060,"Hydroxyzine Hydrochloride Tablet, Film Coated",Antihistamine [EPC],"Teva Pharmaceuticals Usa, Inc.",Hydroxyzine Hydrochloride,88.37,114.88,141,2027-06-22,IN_STOCK
0093-5061,"Hydroxyzine Hydrochloride Tablet, Film Coated",Antihistamine [EPC],"Teva Pharmaceuticals Usa, Inc.",Hydroxyzine Hydrochloride,64.11,83.34,255,2028-07-07,IN_STOCK
0093-5062,"Hydroxyzine Hydrochloride Tablet, Film Coated",Antihistamine [EPC],"Teva Pharmaceuticals Usa, Inc.",Hydroxyzine Hydrochloride,63.64,82.73,186,2026-10-18,IN_STOCK
0093-5150,"Moexipril Hydrochloride Tablet, Film Coated",Angiotensin Converting Enzyme Inhibitor [EPC],"Teva Pharmaceuticals Usa, Inc.",Moexipril Hydrochloride,61.48,79.92,85,2028-03-31,IN_STOCK
0093-5200,Buspirone Hydrochloride Tablet,General Medicine,"Teva Pharmaceuticals Usa, Inc.",Buspirone Hydrochloride,5.86,7.62,393,2028-06-25,IN_STOCK
0093-5234,"Efavirenz, Emtricitabine And Tenofovir Disoproxil Fumarate Tablet, Film Coated",Cytochrome P450 2B6 Inducers [MoA],"Teva Pharmaceuticals Usa, Inc.","Efavirenz, Emtricitabine and Tenofovir Disoproxil Fumarate",14.17,18.42,324,2026-11-16,IN_STOCK
0093-5245,"Olanzapine Tablet, Orally Disintegrating",Atypical Antipsychotic [EPC],"Teva Pharmaceuticals Usa, Inc.",Olanzapine,106.63,138.62,62,2027-10-02,IN_STOCK
0093-5246,"Olanzapine Tablet, Orally Disintegrating",Atypical Antipsychotic [EPC],"Teva Pharmaceuticals Usa, Inc.",Olanzapine,139.57,181.44,79,2027-07-24,IN_STOCK
0093-5247,"Olanzapine Tablet, Orally Disintegrating",Atypical Antipsychotic [EPC],"Teva Pharmaceuticals Usa, Inc.",Olanzapine,119.1,154.83,179,2028-06-13,IN_STOCK
0093-5248,"Olanzapine Tablet, Orally Disintegrating",Atypical Antipsychotic [EPC],"Teva Pharmaceuticals Usa, Inc.",Olanzapine,17.54,22.8,249,2027-10-26,IN_STOCK
0093-5260,"Almotriptan Malate Tablet, Film Coated",Serotonin 1b Receptor Agonists [MoA],"Teva Pharmaceuticals Usa, Inc.",Almotriptan Malate,62.29,80.98,363,2026-11-01,IN_STOCK
0093-5261,"Almotriptan Malate Tablet, Film Coated",Serotonin 1b Receptor Agonists [MoA],"Teva Pharmaceuticals Usa, Inc.",Almotriptan Malate,73.73,95.85,298,2027-05-14,IN_STOCK
0093-5328,Junel Fe Kit,General Medicine,"Teva Pharmaceuticals Usa, Inc.",Norethindrone Acetate and Ethinyl Estradiol and Ferrous Fumarate,24.78,32.21,225,2028-12-24,IN_STOCK
0093-5341,"Sildenafil Tablet, Film Coated",Phosphodiesterase 5 Inhibitor [EPC],"Teva Pharmaceuticals Usa, Inc.",Sildenafil,120.64,156.83,304,2027-07-30,IN_STOCK
0093-5342,"Sildenafil Tablet, Film Coated",Phosphodiesterase 5 Inhibitor [EPC],"Teva Pharmaceuticals Usa, Inc.",Sildenafil,144.22,187.49,98,2027-08-02,IN_STOCK
0093-5343,"Sildenafil Tablet, Film Coated",Phosphodiesterase 5 Inhibitor [EPC],"Teva Pharmaceuticals Usa, Inc.",Sildenafil,103.21,134.17,398,2028-07-25,IN_STOCK
0093-5346,"Methylphenidate Hydrochloride Capsule, Extended Release",Central Nervous System Stimulant [EPC],"Teva Pharmaceuticals Usa, Inc.",Methylphenidate Hydrochloride,59.1,76.83,30,2028-04-19,IN_STOCK
0093-5347,"Methylphenidate Hydrochloride Capsule, Extended Release",Central Nervous System Stimulant [EPC],"Teva Pharmaceuticals Usa, Inc.",Methylphenidate Hydrochloride,131.84,171.39,97,2027-02-04,IN_STOCK
0093-5348,"Methylphenidate Hydrochloride Capsule, Extended Release",Central Nervous System Stimulant [EPC],"Teva Pharmaceuticals Usa, Inc.",Methylphenidate Hydrochloride,11.06,14.38,318,2028-06-02,IN_STOCK
0093-5376,"Clozapine Tablet, Orally Disintegrating",Atypical Antipsychotic [EPC],"Teva Pharmaceuticals Usa, Inc.",Clozapine,62.14,80.78,305,2026-12-27,IN_STOCK
0093-5377,"Clozapine Tablet, Orally Disintegrating",Atypical Antipsychotic [EPC],"Teva Pharmaceuticals Usa, Inc.",Clozapine,49.18,63.93,396,2027-09-18,IN_STOCK
0093-5416,"Clozapine Tablet, Orally Disintegrating",Atypical Antipsychotic [EPC],"Teva Pharmaceuticals Usa, Inc.",Clozapine,35.7,46.41,355,2028-03-08,IN_STOCK
0093-5417,"Clozapine Tablet, Orally Disintegrating",Atypical Antipsychotic [EPC],"Teva Pharmaceuticals Usa, Inc.",Clozapine,25.66,33.36,119,2027-05-15,IN_STOCK
0093-5419,"Clozapine Tablet, Orally Disintegrating",Atypical Antipsychotic [EPC],"Teva Pharmaceuticals Usa, Inc.",Clozapine,94.45,122.79,154,2027-04-17,IN_STOCK
0093-5420,Cabergoline Tablet,Ergolines [CS],"Teva Pharmaceuticals Usa, Inc.",Cabergoline,21.62,28.11,368,2028-12-27,IN_STOCK
0093-5455,"Mimvey Tablet, Film Coated",Estradiol Congeners [CS],"Teva Pharmaceuticals Usa, Inc.",Estradiol and Norethindrone Acetate,87.26,113.44,52,2028-11-08,IN_STOCK
0093-5503,Olanzapine And Fluoxetine Capsule,Atypical Antipsychotic [EPC],"Teva Pharmaceuticals Usa, Inc.",Olanzapine and Fluoxetine,140.19,182.25,306,2028-01-16,IN_STOCK
0093-5504,Olanzapine And Fluoxetine Capsule,Atypical Antipsychotic [EPC],"Teva Pharmaceuticals Usa, Inc.",Olanzapine and Fluoxetine,98.48,128.02,62,2027-07-25,IN_STOCK
0093-5505,Olanzapine And Fluoxetine Capsule,Atypical Antipsychotic [EPC],"Teva Pharmaceuticals Usa, Inc.",Olanzapine and Fluoxetine,102.39,133.11,153,2027-01-09,IN_STOCK
0093-5506,Olanzapine And Fluoxetine Capsule,Atypical Antipsychotic [EPC],"Teva Pharmaceuticals Usa, Inc.",Olanzapine and Fluoxetine,33.63,43.72,322,2028-02-11,IN_STOCK
0093-5507,Olanzapine And Fluoxetine Capsule,Atypical Antipsychotic [EPC],"Teva Pharmaceuticals Usa, Inc.",Olanzapine and Fluoxetine,142.97,185.86,207,2027-02-09,IN_STOCK
0093-5526,Atazanavir Sulfate Capsule,Cytochrome P450 2C8 Inhibitors [MoA],"Teva Pharmaceuticals Usa, Inc.",Atazanavir Sulfate,102.34,133.04,145,2027-01-11,IN_STOCK
0093-5527,Atazanavir Sulfate Capsule,Cytochrome P450 2C8 Inhibitors [MoA],"Teva Pharmaceuticals Usa, Inc.",Atazanavir Sulfate,46.34,60.24,60,2027-04-17,IN_STOCK
0093-5528,Atazanavir Sulfate Capsule,Cytochrome P450 2C8 Inhibitors [MoA],"Teva Pharmaceuticals Usa, Inc.",Atazanavir Sulfate,51.08,66.4,255,2027-09-02,IN_STOCK
0093-5537,"Eszopiclone Tablet, Film Coated",General Medicine,"Teva Pharmaceuticals Usa, Inc.",Eszopiclone,94.37,122.68,181,2028-09-10,IN_STOCK
0093-5538,"Eszopiclone Tablet, Film Coated",General Medicine,"Teva Pharmaceuticals Usa, Inc.",Eszopiclone,89.7,116.61,314,2028-05-03,IN_STOCK
0093-5539,"Eszopiclone Tablet, Film Coated",General Medicine,"Teva Pharmaceuticals Usa, Inc.",Eszopiclone,57.85,75.2,186,2027-12-13,IN_STOCK
0093-5550,"Dexmethylphenidate Hydrochloride Capsule, Extended Release",Central Nervous System Stimulant [EPC],"Teva Pharmaceuticals Usa, Inc.",Dexmethylphenidate Hydrochloride,29.45,38.29,185,2027-06-10,IN_STOCK
0093-5551,"Dexmethylphenidate Hydrochloride Capsule, Extended Release",Central Nervous System Stimulant [EPC],"Teva Pharmaceuticals Usa, Inc.",Dexmethylphenidate Hydrochloride,118.92,154.6,389,2028-10-27,IN_STOCK
0093-5552,"Dexmethylphenidate Hydrochloride Capsule, Extended Release",Central Nervous System Stimulant [EPC],"Teva Pharmaceuticals Usa, Inc.",Dexmethylphenidate Hydrochloride,97.92,127.3,166,2027-10-04,IN_STOCK
0093-5553,"Dexmethylphenidate Hydrochloride Capsule, Extended Release",Central Nervous System Stimulant [EPC],"Teva Pharmaceuticals Usa, Inc.",Dexmethylphenidate Hydrochloride,24.47,31.81,400,2027-09-05,IN_STOCK
0093-5554,"Dexmethylphenidate Hydrochloride Capsule, Extended Release",Central Nervous System Stimulant [EPC],"Teva Pharmaceuticals Usa, Inc.",Dexmethylphenidate Hydrochloride,132.29,171.98,261,2027-12-31,IN_STOCK
0093-5562,"Dexmethylphenidate Hydrochloride Capsule, Extended Release",Central Nervous System Stimulant [EPC],"Teva Pharmaceuticals Usa, Inc.",Dexmethylphenidate Hydrochloride,57.02,74.13,181,2028-02-11,IN_STOCK
0093-5571,"Erythromycin Tablet, Film Coated",Decreased Sebaceous Gland Activity [PE],"Teva Pharmaceuticals Usa, Inc.",Erythromycin,84.99,110.49,114,2028-07-23,IN_STOCK
0093-5572,"Erythromycin Tablet, Film Coated",Decreased Sebaceous Gland Activity [PE],"Teva Pharmaceuticals Usa, Inc.",Erythromycin,92.96,120.85,168,2027-02-21,IN_STOCK
0093-5907,"Mesalamine Capsule, Delayed Release",Aminosalicylate [EPC],"Teva Pharmaceuticals Usa, Inc.",Mesalamine,134.24,174.51,125,2027-06-27,IN_STOCK
0093-5938,"Lanthanum Carbonate Tablet, Chewable",Phosphate Binder [EPC],"Teva Pharmaceuticals Usa, Inc.",Lanthanum carbonate,111.36,144.77,345,2026-12-18,IN_STOCK
0093-5939,"Lanthanum Carbonate Tablet, Chewable",Phosphate Binder [EPC],"Teva Pharmaceuticals Usa, Inc.",Lanthanum carbonate,110.48,143.62,34,2028-03-03,IN_STOCK
0093-5940,"Lanthanum Carbonate Tablet, Chewable",Phosphate Binder [EPC],"Teva Pharmaceuticals Usa, Inc.",Lanthanum carbonate,96.59,125.57,322,2028-05-15,IN_STOCK
0093-5985,Epinephrine Injection,Adrenergic alpha-Agonists [MoA],"Teva Pharmaceuticals Usa, Inc.",Epinephrine,63.74,82.86,327,2027-05-06,IN_STOCK
0093-5986,Epinephrine Injection,Adrenergic alpha-Agonists [MoA],"Teva Pharmaceuticals Usa, Inc.",Epinephrine,136.41,177.33,307,2027-06-24,IN_STOCK
0093-6031,Rivelsa Kit,General Medicine,"Teva Pharmaceuticals Usa, Inc.",Levonorgestrel/Ethinyl Estradiol and Ethinyl Estradiol,83.8,108.94,301,2028-01-27,IN_STOCK
0093-6148,Camrese Lo Kit,General Medicine,"Teva Pharmaceuticals Usa, Inc.",Levonorgestrel/Ethinyl Estradiol and Ethinyl Estradiol,99.82,129.77,101,2027-10-10,IN_STOCK
0093-6815,Budesonide Suspension,Corticosteroid Hormone Receptor Agonists [MoA],"Teva Pharmaceuticals Usa, Inc.",Budesonide,61.91,80.48,326,2028-10-20,IN_STOCK
0093-6816,Budesonide Suspension,Corticosteroid Hormone Receptor Agonists [MoA],"Teva Pharmaceuticals Usa, Inc.",Budesonide,129.29,168.08,93,2028-01-19,IN_STOCK
0093-6817,Budesonide Suspension,Corticosteroid Hormone Receptor Agonists [MoA],"Teva Pharmaceuticals Usa, Inc.",Budesonide,77.66,100.96,71,2027-11-11,IN_STOCK
0093-7113,Nefazodone Hydrochloride Tablet,Serotonin Reuptake Inhibitor [EPC],"Teva Pharmaceuticals Usa, Inc.",Nefazodone Hydrochloride,57.76,75.09,30,2028-08-09,IN_STOCK
0093-7163,"Tolterodine Tartrate Capsule, Extended Release",Cholinergic Muscarinic Antagonist [EPC],"Teva Pharmaceuticals Usa, Inc.",Tolterodine Tartrate,39.64,51.53,339,2028-08-31,IN_STOCK
0093-7164,"Tolterodine Tartrate Capsule, Extended Release",Cholinergic Muscarinic Antagonist [EPC],"Teva Pharmaceuticals Usa, Inc.",Tolterodine Tartrate,29.05,37.77,288,2027-02-21,IN_STOCK
0093-7172,"Etodolac Tablet, Film Coated, Extended Release",Anti-Inflammatory Agents,"Teva Pharmaceuticals Usa, Inc.",Etodolac,69.7,90.61,116,2028-05-02,IN_STOCK
0093-7178,Nefazodone Hydrochloride Tablet,Serotonin Reuptake Inhibitor [EPC],"Teva Pharmaceuticals Usa, Inc.",Nefazodone Hydrochloride,142.56,185.33,362,2027-02-27,IN_STOCK
0093-7198,Fluoxetine Capsule,Serotonin Reuptake Inhibitor [EPC],"Teva Pharmaceuticals Usa, Inc.",Fluoxetine,111.71,145.22,272,2027-10-03,IN_STOCK
0093-7201,Pravastatin Sodium Tablet,HMG-CoA Reductase Inhibitor [EPC],"Teva Pharmaceuticals Usa, Inc.",Pravastatin Sodium,10.86,14.12,274,2027-05-26,IN_STOCK
0093-7202,Pravastatin Sodium Tablet,HMG-CoA Reductase Inhibitor [EPC],"Teva Pharmaceuticals Usa, Inc.",Pravastatin Sodium,14.11,18.34,214,2027-05-28,IN_STOCK
0093-7271,Pioglitazone Tablet,Peroxisome Proliferator Receptor alpha Agonist [EP,"Teva Pharmaceuticals Usa, Inc.",Pioglitazone,11.21,14.57,130,2028-03-14,IN_STOCK
0093-7272,Pioglitazone Tablet,Peroxisome Proliferator Receptor alpha Agonist [EP,"Teva Pharmaceuticals Usa, Inc.",Pioglitazone,136.62,177.61,209,2027-11-02,IN_STOCK
0093-7273,Pioglitazone Tablet,Peroxisome Proliferator Receptor alpha Agonist [EP,"Teva Pharmaceuticals Usa, Inc.",Pioglitazone,73.1,95.03,257,2026-11-17,IN_STOCK
0093-7290,"Raloxifene Hydrochloride Tablet, Film Coated",Estrogen Agonist/Antagonist [EPC],"Teva Pharmaceuticals Usa, Inc.",Raloxifene Hydrochloride,10.79,14.03,357,2027-08-28,IN_STOCK
0093-7295,"Carvedilol Tablet, Film Coated",Adrenergic alpha-Antagonists [MoA],"Teva Pharmaceuticals Usa, Inc.",Carvedilol,19.97,25.96,291,2028-07-10,IN_STOCK
0093-7296,"Carvedilol Tablet, Film Coated",Adrenergic alpha-Antagonists [MoA],"Teva Pharmaceuticals Usa, Inc.",Carvedilol,125.3,162.89,159,2028-05-15,IN_STOCK
0093-7314,"Clopidogrel Tablet, Film Coated",Cytochrome P450 2C8 Inhibitors [MoA],"Teva Pharmaceuticals Usa, Inc.",Clopidogrel,83.93,109.11,114,2027-10-21,IN_STOCK
0093-7334,Mycophenolate Mofetil Capsule,Antimetabolite Immunosuppressant [EPC],"Teva Pharmaceuticals Usa, Inc.",Mycophenolate Mofetil,99.78,129.71,212,2028-05-24,IN_STOCK
0093-7350,"Lansoprazole Capsule, Delayed Release",Inhibition Gastric Acid Secretion [PE],"Teva Pharmaceuticals Usa, Inc.",Lansoprazole,99.73,129.65,64,2028-03-13,IN_STOCK
0093-7351,"Lansoprazole Capsule, Delayed Release",Inhibition Gastric Acid Secretion [PE],"Teva Pharmaceuticals Usa, Inc.",Lansoprazole,41.48,53.92,139,2028-03-12,IN_STOCK
0093-7352,"Calcitriol Capsule, Liquid Filled",Cholecalciferol [CS],"Teva Pharmaceuticals Usa, Inc.",Calcitriol,63.85,83.01,201,2028-02-11,IN_STOCK
0093-7353,"Calcitriol Capsule, Liquid Filled",Cholecalciferol [CS],"Teva Pharmaceuticals Usa, Inc.",Calcitriol,119.94,155.92,334,2026-10-07,IN_STOCK
0093-7355,"Finasteride Tablet, Film Coated",5-alpha Reductase Inhibitor [EPC],"Teva Pharmaceuticals Usa, Inc.",Finasteride,77.77,101.1,96,2027-12-25,IN_STOCK
0093-7367,"Losartan Potassium And Hydrochlorothiazide Tablet, Film Coated",Angiotensin 2 Receptor Antagonists [MoA],"Teva Pharmaceuticals Usa, Inc.",Losartan Potassium and Hydrochlorothiazide,29.01,37.71,64,2028-03-10,IN_STOCK
0093-7368,"Losartan Potassium And Hydrochlorothiazide Tablet, Film Coated",Angiotensin 2 Receptor Antagonists [MoA],"Teva Pharmaceuticals Usa, Inc.",Losartan Potassium and Hydrochlorothiazide,98.3,127.79,133,2027-03-03,IN_STOCK
0093-7369,"Losartan Potassium And Hydrochlorothiazide Tablet, Film Coated",Angiotensin 2 Receptor Antagonists [MoA],"Teva Pharmaceuticals Usa, Inc.",Losartan Potassium and Hydrochlorothiazide,32.1,41.73,210,2028-06-08,IN_STOCK
0093-7384,"Venlafaxine Hydrochloride Capsule, Extended Release",Norepinephrine Uptake Inhibitors [MoA],"Teva Pharmaceuticals Usa, Inc.",Venlafaxine Hydrochloride,109.01,141.71,85,2028-08-07,IN_STOCK
0093-7385,"Venlafaxine Hydrochloride Capsule, Extended Release",Norepinephrine Uptake Inhibitors [MoA],"Teva Pharmaceuticals Usa, Inc.",Venlafaxine Hydrochloride,38.4,49.92,194,2028-10-07,IN_STOCK
0093-7386,"Venlafaxine Hydrochloride Capsule, Extended Release",Norepinephrine Uptake Inhibitors [MoA],"Teva Pharmaceuticals Usa, Inc.",Venlafaxine Hydrochloride,21.43,27.86,370,2028-02-03,IN_STOCK
0093-7442,Fluvastatin Capsule,HMG-CoA Reductase Inhibitor [EPC],"Teva Pharmaceuticals Usa, Inc.",Fluvastatin,74.46,96.8,327,2027-03-15,IN_STOCK
0093-7443,Fluvastatin Capsule,HMG-CoA Reductase Inhibitor [EPC],"Teva Pharmaceuticals Usa, Inc.",Fluvastatin,98.85,128.5,235,2026-10-23,IN_STOCK
0093-7446,"Fluvastatin Sodium Tablet, Film Coated, Extended Release",HMG-CoA Reductase Inhibitor [EPC],"Teva Pharmaceuticals Usa, Inc.",Fluvastatin Sodium,40.33,52.43,90,2028-05-10,IN_STOCK
0093-7455,"Glipizide And Metformin Hydrochloride Tablet, Film Coated",Biguanide [EPC],"Teva Pharmaceuticals Usa, Inc.",Glipizide and Metformin Hydrochloride,90.89,118.16,93,2028-07-06,IN_STOCK
0093-7456,"Glipizide And Metformin Hydrochloride Tablet, Film Coated",Biguanide [EPC],"Teva Pharmaceuticals Usa, Inc.",Glipizide and Metformin Hydrochloride,79.33,103.13,318,2027-02-28,IN_STOCK
0093-7457,"Glipizide And Metformin Hydrochloride Tablet, Film Coated",Biguanide [EPC],"Teva Pharmaceuticals Usa, Inc.",Glipizide and Metformin Hydrochloride,13.11,17.04,157,2027-04-03,IN_STOCK
0093-7471,Rizatriptan Benzoate Tablet,Serotonin 1b Receptor Agonists [MoA],"Teva Pharmaceuticals Usa, Inc.",Rizatriptan Benzoate,79.91,103.88,232,2028-06-05,IN_STOCK
0093-7472,Rizatriptan Benzoate Tablet,Serotonin 1b Receptor Agonists [MoA],"Teva Pharmaceuticals Usa, Inc.",Rizatriptan Benzoate,145.54,189.2,351,2026-10-20,IN_STOCK
0093-7473,"Capecitabine Tablet, Film Coated",Nucleic Acid Synthesis Inhibitors [MoA],"Teva Pharmaceuticals Usa, Inc.",Capecitabine,132.38,172.09,397,2028-08-08,IN_STOCK
0093-7474,"Capecitabine Tablet, Film Coated",Nucleic Acid Synthesis Inhibitors [MoA],"Teva Pharmaceuticals Usa, Inc.",Capecitabine,124.09,161.32,68,2027-05-10,IN_STOCK
0093-7516,Fluticasone Propionate And Salmeterol Powder,Adrenergic beta2-Agonists [MoA],"Teva Pharmaceuticals Usa, Inc.",fluticasone propionate and salmeterol,70.13,91.17,266,2028-02-06,IN_STOCK
0093-7517,Fluticasone Propionate And Salmeterol Powder,Adrenergic beta2-Agonists [MoA],"Teva Pharmaceuticals Usa, Inc.",fluticasone propionate and salmeterol,29.73,38.65,235,2028-06-07,IN_STOCK
0093-7518,Fluticasone Propionate And Salmeterol Powder,Adrenergic beta2-Agonists [MoA],"Teva Pharmaceuticals Usa, Inc.",fluticasone propionate and salmeterol,25.69,33.4,323,2028-11-24,IN_STOCK
0093-7536,"Anastrozole Tablet, Film Coated",Aromatase Inhibitor [EPC],"Teva Pharmaceuticals Usa, Inc.",Anastrozole,31.37,40.78,362,2028-03-07,IN_STOCK
0093-7620,"Letrozole Tablet, Film Coated",Aromatase Inhibitor [EPC],"Teva Pharmaceuticals Usa, Inc.",Letrozole,43.36,56.37,395,2028-09-02,IN_STOCK
0093-7629,"Imatinib Mesylate Tablet, Film Coated",Bcr-Abl Tyrosine Kinase Inhibitors [MoA],"Teva Pharmaceuticals Usa, Inc.",Imatinib Mesylate,54.69,71.1,257,2028-06-02,IN_STOCK
0093-7630,"Imatinib Mesylate Tablet, Film Coated",Bcr-Abl Tyrosine Kinase Inhibitors [MoA],"Teva Pharmaceuticals Usa, Inc.",Imatinib Mesylate,90.64,117.83,142,2027-10-23,IN_STOCK
0093-7652,"Vardenafil Hydrochloride Tablet, Film Coated",Phosphodiesterase 5 Inhibitor [EPC],"Teva Pharmaceuticals Usa, Inc.",Vardenafil Hydrochloride,60.89,79.16,80,2026-10-17,IN_STOCK
0093-7653,"Vardenafil Hydrochloride Tablet, Film Coated",Phosphodiesterase 5 Inhibitor [EPC],"Teva Pharmaceuticals Usa, Inc.",Vardenafil Hydrochloride,34.34,44.64,283,2028-08-31,IN_STOCK
0093-7654,"Vardenafil Hydrochloride Tablet, Film Coated",Phosphodiesterase 5 Inhibitor [EPC],"Teva Pharmaceuticals Usa, Inc.",Vardenafil Hydrochloride,65.87,85.63,101,2028-06-12,IN_STOCK
0093-7655,"Vardenafil Hydrochloride Tablet, Film Coated",Phosphodiesterase 5 Inhibitor [EPC],"Teva Pharmaceuticals Usa, Inc.",Vardenafil Hydrochloride,18.96,24.65,268,2028-06-21,IN_STOCK
0093-7662,"Erlotinib Tablet, Film Coated",Kinase Inhibitor [EPC],"Teva Pharmaceuticals Usa, Inc.",Erlotinib,91.97,119.56,297,2028-02-28,IN_STOCK
0093-7663,"Erlotinib Tablet, Film Coated",Kinase Inhibitor [EPC],"Teva Pharmaceuticals Usa, Inc.",Erlotinib,114.1,148.33,72,2028-02-06,IN_STOCK
0093-7664,"Erlotinib Tablet, Film Coated",Kinase Inhibitor [EPC],"Teva Pharmaceuticals Usa, Inc.",Erlotinib,100.61,130.79,333,2028-04-05,IN_STOCK
0093-7679,"Etonogestrel And Ethinyl Estradiol Insert, Extended Release",Estrogen Receptor Agonists [MoA],"Teva Pharmaceuticals Usa, Inc.",Etonogestrel and Ethinyl Estradiol,124.99,162.49,372,2028-07-26,IN_STOCK
0093-7701,"Levocetirizine Dihydrochloride Tablet, Film Coated",Histamine H1 Receptor Antagonists [MoA],"Teva Pharmaceuticals Usa, Inc.",Levocetirizine Dihydrochloride,67.57,87.84,240,2027-10-15,IN_STOCK
0093-7704,"Emtricitabine And Tenofovir Disoproxil Fumarate Tablet, Film Coated",Hepatitis B Virus Nucleoside Analog Reverse Transc,"Teva Pharmaceuticals Usa, Inc.",Emtricitabine and Tenofovir Disoproxil Fumarate,131.85,171.41,382,2028-03-26,IN_STOCK
0093-7766,Everolimus Tablet,Cytochrome P450 2D6 Inhibitors [MoA],"Teva Pharmaceuticals Usa, Inc.",Everolimus,67.2,87.36,271,2028-12-17,IN_STOCK
0093-7767,Everolimus Tablet,Cytochrome P450 2D6 Inhibitors [MoA],"Teva Pharmaceuticals Usa, Inc.",Everolimus,116.46,151.4,204,2028-05-26,IN_STOCK
0093-7768,Everolimus Tablet,Cytochrome P450 2D6 Inhibitors [MoA],"Teva Pharmaceuticals Usa, Inc.",Everolimus,121.67,158.17,381,2028-05-12,IN_STOCK
0093-7769,Everolimus Tablet,Cytochrome P450 2D6 Inhibitors [MoA],"Teva Pharmaceuticals Usa, Inc.",Everolimus,19.17,24.92,93,2027-06-18,IN_STOCK
0093-7909,"Tiopronin Tablet, Sugar Coated",Cystine Disulfide Reduction [MoA],"Teva Pharmaceuticals Usa, Inc.",Tiopronin,74.19,96.45,144,2026-12-25,IN_STOCK
0093-8035,Glyburide Tablet,Sulfonylurea Compounds [CS],"Teva Pharmaceuticals Usa, Inc.",Glyburide,46.07,59.89,303,2027-11-23,IN_STOCK
0093-8036,Glyburide Tablet,Sulfonylurea Compounds [CS],"Teva Pharmaceuticals Usa, Inc.",Glyburide,42.38,55.09,27,2028-09-26,IN_STOCK
0093-8072,"Tiagabine Hydrochloride Tablet, Film Coated",Anti-epileptic Agent [EPC],"Teva Pharmaceuticals Usa, Inc.",Tiagabine Hydrochloride,112.83,146.68,28,2028-05-14,IN_STOCK
0093-8076,"Tiagabine Hydrochloride Tablet, Film Coated",Anti-epileptic Agent [EPC],"Teva Pharmaceuticals Usa, Inc.",Tiagabine Hydrochloride,80.77,105.0,291,2026-10-08,IN_STOCK
0093-8117,"Famciclovir Tablet, Film Coated",DNA Polymerase Inhibitors [MoA],"Teva Pharmaceuticals Usa, Inc.",Famciclovir,59.38,77.19,130,2028-09-04,IN_STOCK
0093-8118,"Famciclovir Tablet, Film Coated",DNA Polymerase Inhibitors [MoA],"Teva Pharmaceuticals Usa, Inc.",Famciclovir,121.62,158.11,234,2027-10-06,IN_STOCK
0093-8119,"Famciclovir Tablet, Film Coated",DNA Polymerase Inhibitors [MoA],"Teva Pharmaceuticals Usa, Inc.",Famciclovir,20.45,26.59,243,2028-07-29,IN_STOCK
0093-8162,"Quetiapine Tablet, Film Coated",Atypical Antipsychotic [EPC],"Teva Pharmaceuticals Usa, Inc.",Quetiapine,89.88,116.84,158,2028-04-01,IN_STOCK
0093-8163,"Quetiapine Tablet, Film Coated",Atypical Antipsychotic [EPC],"Teva Pharmaceuticals Usa, Inc.",Quetiapine,66.42,86.35,212,2028-06-18,IN_STOCK
0093-8164,"Quetiapine Tablet, Film Coated",Atypical Antipsychotic [EPC],"Teva Pharmaceuticals Usa, Inc.",Quetiapine,44.96,58.45,373,2027-11-11,IN_STOCK
0093-8165,"Quetiapine Tablet, Film Coated",Atypical Antipsychotic [EPC],"Teva Pharmaceuticals Usa, Inc.",Quetiapine,114.47,148.81,236,2028-04-18,IN_STOCK
0093-8166,"Quetiapine Tablet, Film Coated",Atypical Antipsychotic [EPC],"Teva Pharmaceuticals Usa, Inc.",Quetiapine,118.65,154.25,272,2027-04-02,IN_STOCK
0093-8180,"Oseltamivir Phosphate Powder, For Suspension",Neuraminidase Inhibitor [EPC],"Teva Pharmaceuticals Usa, Inc.",Oseltamivir Phosphate,58.68,76.28,309,2028-02-08,IN_STOCK
0093-8192,"Cimetidine Tablet, Film Coated",Histamine H2 Receptor Antagonists [MoA],"Teva Pharmaceuticals Usa, Inc.",Cimetidine,41.8,54.34,182,2028-05-14,IN_STOCK
0093-8199,Sunitinib Malate Capsule,Kinase Inhibitor [EPC],"Teva Pharmaceuticals Usa, Inc.",Sunitinib Malate,54.93,71.41,386,2027-11-12,IN_STOCK
0093-8204,"Cimetidine Tablet, Film Coated",Histamine H2 Receptor Antagonists [MoA],"Teva Pharmaceuticals Usa, Inc.",Cimetidine,111.69,145.2,362,2027-01-30,IN_STOCK
0093-8210,Finzala Kit,General Medicine,"Teva Pharmaceuticals Usa, Inc.",norethindrone acetate and ethinyl estradiol and ferrous fumarate,113.43,147.46,253,2028-12-10,IN_STOCK
0093-8224,Sunitinib Malate Capsule,Kinase Inhibitor [EPC],"Teva Pharmaceuticals Usa, Inc.",Sunitinib Malate,106.4,138.32,107,2027-01-11,IN_STOCK
0093-8229,Sunitinib Malate Capsule,Kinase Inhibitor [EPC],"Teva Pharmaceuticals Usa, Inc.",Sunitinib Malate,36.1,46.93,230,2028-12-13,IN_STOCK
0093-8231,Sunitinib Malate Capsule,Kinase Inhibitor [EPC],"Teva Pharmaceuticals Usa, Inc.",Sunitinib Malate,54.07,70.29,306,2028-06-20,IN_STOCK
0093-8232,"Irbesartan And Hydrochlorothiazide Tablet, Film Coated",Angiotensin 2 Receptor Antagonists [MoA],"Teva Pharmaceuticals Usa, Inc.",Irbesartan and Hydrochlorothiazide,106.07,137.89,386,2026-11-23,IN_STOCK
0093-8238,"Irbesartan And Hydrochlorothiazide Tablet, Film Coated",Angiotensin 2 Receptor Antagonists [MoA],"Teva Pharmaceuticals Usa, Inc.",Irbesartan and Hydrochlorothiazide,28.31,36.8,350,2026-10-06,IN_STOCK
0093-8305,"Cimetidine Tablet, Film Coated",Histamine H2 Receptor Antagonists [MoA],"Teva Pharmaceuticals Usa, Inc.",Cimetidine,121.63,158.12,99,2028-01-26,IN_STOCK
0093-8310,"Eletriptan Hydrobromide Tablet, Film Coated",Serotonin 1b Receptor Agonists [MoA],"Teva Pharmaceuticals Usa, Inc.",Eletriptan Hydrobromide,139.25,181.03,247,2026-12-30,IN_STOCK
0093-8311,"Eletriptan Hydrobromide Tablet, Film Coated",Serotonin 1b Receptor Agonists [MoA],"Teva Pharmaceuticals Usa, Inc.",Eletriptan Hydrobromide,14.29,18.58,138,2027-10-15,IN_STOCK
0093-8342,Glyburide Tablet,Sulfonylurea Compounds [CS],"Teva Pharmaceuticals Usa, Inc.",Glyburide,16.61,21.59,44,2028-10-11,IN_STOCK
0093-8343,Glyburide Tablet,Sulfonylurea Compounds [CS],"Teva Pharmaceuticals Usa, Inc.",Glyburide,60.73,78.95,230,2028-06-20,IN_STOCK
0093-8344,Glyburide Tablet,Sulfonylurea Compounds [CS],"Teva Pharmaceuticals Usa, Inc.",Glyburide,100.15,130.2,171,2028-09-28,IN_STOCK
0093-8675,"Amoxicillin And Clavulanate Potassium Powder, For Suspension",Penicillin-class Antibacterial [EPC],"Teva Pharmaceuticals Usa, Inc.",Amoxicillin and Clavulanate Potassium,144.71,188.12,54,2028-12-01,IN_STOCK
0093-8739,Mexiletine Hydrochloride Capsule,Antiarrhythmic [EPC],"Teva Pharmaceuticals Usa, Inc.",Mexiletine Hydrochloride,123.93,161.11,352,2028-02-19,IN_STOCK
0093-8740,Mexiletine Hydrochloride Capsule,Antiarrhythmic [EPC],"Teva Pharmaceuticals Usa, Inc.",Mexiletine Hydrochloride,68.65,89.25,128,2028-08-03,IN_STOCK
0093-8741,Mexiletine Hydrochloride Capsule,Antiarrhythmic [EPC],"Teva Pharmaceuticals Usa, Inc.",Mexiletine Hydrochloride,139.96,181.95,290,2027-07-20,IN_STOCK
0093-9018,"Cyclosporine Capsule, Liquid Filled",Calcineurin Inhibitor Immunosuppressant [EPC],"Teva Pharmaceuticals Usa, Inc.",Cyclosporine,33.24,43.21,331,2028-03-06,IN_STOCK
0093-9019,"Cyclosporine Capsule, Liquid Filled",Calcineurin Inhibitor Immunosuppressant [EPC],"Teva Pharmaceuticals Usa, Inc.",Cyclosporine,79.79,103.73,143,2028-06-21,IN_STOCK
0093-9020,"Cyclosporine Capsule, Liquid Filled",Calcineurin Inhibitor Immunosuppressant [EPC],"Teva Pharmaceuticals Usa, Inc.",Cyclosporine,29.58,38.45,43,2027-10-04,IN_STOCK
0093-9147,Venlafaxine Hydrochloride Tablet,Norepinephrine Uptake Inhibitors [MoA],"Teva Pharmaceuticals Usa, Inc.",Venlafaxine Hydrochloride,39.69,51.6,25,2027-03-11,IN_STOCK
0093-9148,Venlafaxine Hydrochloride Tablet,Norepinephrine Uptake Inhibitors [MoA],"Teva Pharmaceuticals Usa, Inc.",Venlafaxine Hydrochloride,17.59,22.87,166,2028-12-07,IN_STOCK
0093-9149,Venlafaxine Hydrochloride Tablet,Norepinephrine Uptake Inhibitors [MoA],"Teva Pharmaceuticals Usa, Inc.",Venlafaxine Hydrochloride,62.92,81.8,367,2027-11-09,IN_STOCK
0093-9157,Venlafaxine Hydrochloride Tablet,Norepinephrine Uptake Inhibitors [MoA],"Teva Pharmaceuticals Usa, Inc.",Venlafaxine Hydrochloride,63.79,82.93,127,2028-03-14,IN_STOCK
0093-9163,Venlafaxine Hydrochloride Tablet,Norepinephrine Uptake Inhibitors [MoA],"Teva Pharmaceuticals Usa, Inc.",Venlafaxine Hydrochloride,7.23,9.4,385,2026-12-10,IN_STOCK
0093-9222,"Diflunisal Tablet, Film Coated",Anti-Inflammatory Agents,"Teva Pharmaceuticals Usa, Inc.",Diflunisal,138.28,179.76,306,2027-07-19,IN_STOCK
0093-9224,"Mesalamine Capsule, Extended Release",Aminosalicylate [EPC],"Teva Pharmaceuticals Usa, Inc.",mesalamine,110.29,143.38,311,2028-05-19,IN_STOCK
0093-9290,"Clonazepam Tablet, Orally Disintegrating",Benzodiazepine [EPC],"Teva Pharmaceuticals Usa, Inc.",Clonazepam,55.47,72.11,166,2027-05-20,IN_STOCK
0093-9291,"Clonazepam Tablet, Orally Disintegrating",Benzodiazepine [EPC],"Teva Pharmaceuticals Usa, Inc.",Clonazepam,92.92,120.8,124,2028-01-09,IN_STOCK
0093-9292,"Clonazepam Tablet, Orally Disintegrating",Benzodiazepine [EPC],"Teva Pharmaceuticals Usa, Inc.",Clonazepam,139.81,181.75,319,2026-10-05,IN_STOCK
0093-9293,"Clonazepam Tablet, Orally Disintegrating",Benzodiazepine [EPC],"Teva Pharmaceuticals Usa, Inc.",Clonazepam,42.86,55.72,233,2028-03-02,IN_STOCK
0093-9294,"Clonazepam Tablet, Orally Disintegrating",Benzodiazepine [EPC],"Teva Pharmaceuticals Usa, Inc.",Clonazepam,20.44,26.57,62,2028-02-28,IN_STOCK
0093-9364,Glyburide Tablet,Sulfonylurea Compounds [CS],Teva Pharmaceuticals Usa Inc,glyburide,47.67,61.97,84,2028-12-31,IN_STOCK
0093-9433,Glyburide Tablet,Sulfonylurea Compounds [CS],Teva Pharmaceuticals Usa Inc,glyburide,79.43,103.26,156,2028-04-03,IN_STOCK
0093-9477,Glyburide Tablet,Sulfonylurea Compounds [CS],Teva Pharmaceuticals Usa Inc,glyburide,122.91,159.78,319,2027-06-14,IN_STOCK
0093-9609,Doxepin Hydrochloride Cream,Tricyclic Antidepressant [EPC],"Teva Pharmaceuticals Usa, Inc.",doxepin hydrochloride,105.66,137.36,218,2028-04-29,IN_STOCK
0093-9614,Silver Nitrate Solution,General Medicine,"Teva Pharmaceuticals Usa, Inc.",Silver Nitrate,75.13,97.67,149,2028-11-14,IN_STOCK
0093-9701,Carbidopa And Levodopa Tablet,Amino Acids,"Teva Pharmaceuticals Usa, Inc.",Carbidopa and levodopa,54.25,70.53,259,2028-08-28,IN_STOCK
0093-9702,Carbidopa And Levodopa Tablet,Amino Acids,"Teva Pharmaceuticals Usa, Inc.",Carbidopa and levodopa,71.8,93.34,325,2026-10-29,IN_STOCK
0093-9703,Carbidopa And Levodopa Tablet,Amino Acids,"Teva Pharmaceuticals Usa, Inc.",Carbidopa and levodopa,74.89,97.36,157,2026-12-09,IN_STOCK
0096-0682,Solbar Shield Spf40 Cream,Copper Absorption Inhibitor [EPC],Person And Covey,Solbar Shield SPF40,60.49,78.64,137,2028-08-24,IN_STOCK
0096-0685,Solbar Thirty Spf 30 Cream,General Medicine,Person And Covey,Solbar Thirty SPF30,106.67,138.67,186,2027-11-27,IN_STOCK
0096-0687,Solbar Avo Spf35 Cream,General Medicine,Person And Covey,Solbar Avo SPF35,143.54,186.6,289,2028-04-01,IN_STOCK
0096-0688,Solbar Zinc Spf38 Cream,Copper Absorption Inhibitor [EPC],Person And Covey,Solbar Zinc SPF38,6.41,8.33,159,2027-06-12,IN_STOCK
0096-0709,Xerac Ac Liquid,General Medicine,Person And Covey,Xerac AC,46.66,60.66,229,2028-08-20,IN_STOCK
0096-0721,Daily Facial Moisturizer Cream,General Medicine,Person And Covey,Sunscreen,113.57,147.64,200,2026-12-17,IN_STOCK
0096-0732,Aquanil Hc Lotion,Corticosteroid Hormone Receptor Agonists [MoA],Person And Covey,Hydrocortisone,85.41,111.03,116,2028-01-31,IN_STOCK
0096-0735,Dhs Zinc Shampoo,General Medicine,Person And Covey,pyrithione zinc,50.51,65.66,136,2028-05-10,IN_STOCK
0096-0736,Dhs Tar Gel Shampoo,General Medicine,Person And Covey,coal tar,44.02,57.23,374,2027-04-13,IN_STOCK
0096-0737,Dhs Tar Shampoo,General Medicine,Person And Covey,coal tar,77.35,100.55,127,2027-05-29,IN_STOCK
0096-0738,Dhs Sal Shampoo,General Medicine,Person And Covey,DHS SAL,111.64,145.13,160,2027-04-30,IN_STOCK
0096-0741,Solbar Fifty Spf50 Cream,General Medicine,Person And Covey,Solbar Fifty SPF50,38.24,49.71,152,2028-06-25,IN_STOCK
0096-0742,Dhs Body Wash Liquid,General Medicine,Person And Covey,Zinc Pyrithione,56.62,73.61,79,2027-01-31,IN_STOCK
0113-0019,Good Sense Severe Nighttime Solution,Adrenergic alpha1-Agonists [MoA],L. Perrigo Company,"Acetaminophen, dextromethorphan HBr, doxylamine succinate, phenylephrine HCl",138.43,179.96,371,2028-08-10,IN_STOCK
0113-0020,Good Sense Childrens Pain And Fever Suspension,General Medicine,L. Perrigo Company,Acetaminophen,76.44,99.37,28,2028-11-21,IN_STOCK
0113-0025,"Good Sense Pain Relief Tablet, Film Coated",General Medicine,L. Perrigo Company,Acetaminophen,129.28,168.06,46,2028-02-06,IN_STOCK
0113-0028,"Good Sense 24 Hour Allergy Nasal Spray, Metered",Corticosteroid Hormone Receptor Agonists [MoA],L. Perrigo Company,Fluticasone propionate,58.82,76.47,186,2028-02-17,IN_STOCK
0113-0029,"Good Sense Nicotine Gum, Chewing",Cholinergic Nicotinic Agonist [EPC],L. Perrigo Company,Nicotine Polacrilex,135.23,175.8,319,2027-07-09,IN_STOCK
0113-0032,"Good Sense Dual Action Complete Tablet, Chewable",Calculi Dissolution Agent [EPC],L. Perrigo Company,"famotidine, calcium carbonate and magnesium hydroxide",76.17,99.02,286,2027-07-14,IN_STOCK
0113-0040,Good Sense Infants Ibuprofen Suspension/ Drops,Anti-Inflammatory Agents,L. Perrigo Company,Ibuprofen,62.69,81.5,320,2027-02-09,IN_STOCK
0113-0044,"Good Sense Pain Relief Tablet, Film Coated, Extended Release",General Medicine,L. Perrigo Company,Acetaminophen,12.85,16.71,241,2028-02-02,IN_STOCK
0113-0050,"Good Sense Ibuprofen Pm Tablet, Film Coated",Anti-Inflammatory Agents,L. Perrigo Company,"diphenhydramine citrate, ibuprofen",141.25,183.62,41,2028-02-27,IN_STOCK
0113-0053,"Good Sense Nicotine Gum, Chewing",Cholinergic Nicotinic Agonist [EPC],L. Perrigo Company,Nicotine Polacrilex,55.36,71.97,376,2028-12-03,IN_STOCK
0113-0054,"Good Sense Suphedrine Tablet, Film Coated, Extended Release",Adrenergic alpha-Agonists [MoA],L. Perrigo Company,Pseudoephedrine Hydrochloride,30.35,39.46,86,2028-09-15,IN_STOCK
0113-0056,"Good Sense Night Time Capsule, Liquid Filled",Antihistamine [EPC],L. Perrigo Company,"Acetaminophen, Dextromethorphan HBr, Doxylamine succinate",80.14,104.18,186,2028-09-05,IN_STOCK
0113-0057,Good Sense Ibuprofen Suspension,Anti-Inflammatory Agents,L. Perrigo Company,ibuprofen,6.22,8.09,370,2027-05-04,IN_STOCK
0113-0058,"Good Sense Omeprazole And Sodium Bicarbonate Capsule, Gelatin Coated",Cytochrome P450 2C19 Inhibitors [MoA],L. Perrigo Company,"Omeprazole, sodium bicarbonate",60.02,78.03,76,2027-08-30,IN_STOCK
0113-0081,Good Sense Miconazole 3 Kit,General Medicine,L. Perrigo Company,Miconazole nitrate,57.43,74.66,157,2027-04-10,IN_STOCK
0113-0084,Good Sense First Aid Antibiotic Ointment,Aminoglycoside Antibacterial [EPC],L. Perrigo Company,"bacitracin zinc, neomycin, polymyxin B",84.54,109.9,146,2027-07-03,IN_STOCK
0113-0087,Good Sense Anti Diarrheal Anti Gas Tablet,Opioid Agonist [EPC],L. Perrigo Company,"loperamide hydrochloride, simethicone",73.35,95.35,338,2027-09-17,IN_STOCK
0113-0116,"Good Sense Lansoprazole Tablet, Orally Disintegrating, Delayed Release",Inhibition Gastric Acid Secretion [PE],L. Perrigo Company,Lansoprazole,58.06,75.48,280,2027-12-09,IN_STOCK
0113-0141,"Good Sense Acid Reducer Tablet, Film Coated",Histamine H2 Receptor Antagonists [MoA],L. Perrigo Company,Famotidine,35.53,46.19,383,2028-11-09,IN_STOCK
0113-0147,"Good Sense All Day Allergy D Tablet, Film Coated, Extended Release",Adrenergic alpha-Agonists [MoA],L. Perrigo Company,"Cetirizine hydrochloride, Pseudoephedrine hydrochloride",58.98,76.67,230,2027-07-14,IN_STOCK
0113-0161,Good Sense Pain And Fever Suspension,General Medicine,L. Perrigo Company,Acetaminophen,70.36,91.47,317,2027-02-12,IN_STOCK
0113-0166,Good Sense Ibuprofen Suspension,Anti-Inflammatory Agents,L. Perrigo Company,Ibuprofen,146.99,191.09,376,2027-05-23,IN_STOCK
0113-0170,"Good Sense Nicotine Gum, Chewing",Cholinergic Nicotinic Agonist [EPC],L. Perrigo Company,Nicotine Polacrilex,123.06,159.98,394,2027-07-04,IN_STOCK
0113-0186,Good Sense Sleep Time Solution,Histamine H1 Receptor Antagonists [MoA],L. Perrigo Company,Diphenhydramine HCl,121.59,158.07,309,2027-12-17,IN_STOCK
0113-0188,Good Sense Hemorrhoidal Ointment,Adrenergic alpha1-Agonists [MoA],L. Perrigo Company,"mineral oil, petrolatum, phenylephrine HCl",129.16,167.91,125,2027-02-27,IN_STOCK
0113-0189,Good Sense Childrens All Day Allergy Solution,Histamine H1 Receptor Antagonists [MoA],L. Perrigo Company,Cetirizine HCl,121.01,157.31,101,2028-01-28,IN_STOCK
0113-0194,"Good Sense Acid Reducer Tablet, Film Coated",Histamine H2 Receptor Antagonists [MoA],L. Perrigo Company,Famotidine,121.82,158.37,115,2027-12-06,IN_STOCK
0113-0212,Good Sense Childrens Pain And Fever Suspension,General Medicine,L. Perrigo Company,Acetaminophen,77.44,100.67,347,2028-03-13,IN_STOCK
0113-0214,Good Sense Miconazole 7 Cream,Azole Antifungal [EPC],L Perrigo Company,Miconazole nitrate,82.43,107.16,186,2028-12-13,IN_STOCK
0113-0224,"Good Sense Anti Diarrheal Tablet, Film Coated",Opioid Agonist [EPC],L. Perrigo Company,Loperamide Hydrochloride,75.56,98.23,153,2028-04-28,IN_STOCK
0113-0241,"Good Sense Levocetirizine Tablet, Film Coated",Histamine H1 Receptor Antagonists [MoA],L. Perrigo Company,levocetirizine dihydrochloride,129.48,168.32,49,2027-11-12,IN_STOCK
0113-0274,"Good Sense Aspirin Tablet, Chewable",Anti-Inflammatory Agents,L. Perrigo Company,Aspirin,19.35,25.16,108,2026-12-01,IN_STOCK
0113-0279,Good Sense Hemorrhoidal Suppository,Adrenergic alpha1-Agonists [MoA],L. Perrigo Company,"cocoa butter, phenylephrine HCl",36.24,47.11,155,2028-01-31,IN_STOCK
0113-0285,"Good Sense 24 Hour Allergy Nasal Spray, Metered",Corticosteroid Hormone Receptor Agonists [MoA],L. Perrigo Company,Fluticasone Propionate,126.65,164.65,74,2028-01-04,IN_STOCK
0113-0294,"Good Sense Hair Regrowth Treatment Aerosol, Foam",Arteriolar Vasodilation [PE],L. Perrigo Company,Minoxidil,112.97,146.86,158,2027-10-05,IN_STOCK
0113-0298,"Good Sense Ibuprofen Capsule, Liquid Filled",Anti-Inflammatory Agents,L. Perrigo Company,Ibuprofen,57.24,74.41,310,2027-06-21,IN_STOCK
0113-0304,Good Sense Nasal Spray,Imidazolines [CS],L. Perrigo Company,oxymetazoline hydrochloride,54.9,71.37,235,2027-02-02,IN_STOCK
0113-0306,"Good Sense Clear Lax Powder, For Solution",Osmotic Activity [MoA],L. Perrigo Company,Polyethylene Glycol 3350,55.91,72.68,372,2028-06-12,IN_STOCK
0113-0335,Good Sense Night Time Solution,Antihistamine [EPC],L. Perrigo Company,"Acetaminophen, Dextromethorphan HBr, Doxylamine succinate",33.85,44.01,319,2028-07-27,IN_STOCK
0113-0344,Good Sense Nicotine Lozenge,Cholinergic Nicotinic Agonist [EPC],L. Perrigo Company,Nicotine Polacrilex,99.12,128.86,114,2028-12-08,IN_STOCK
0113-0374,"Good Sense Migraine Formula Tablet, Film Coated",Anti-Inflammatory Agents,L. Perrigo Company,"Acetaminophen, Aspirin, Caffeine",46.27,60.15,191,2028-08-20,IN_STOCK
0113-0379,Good Sense Allergy Solution,Histamine H1 Receptor Antagonists [MoA],L. Perrigo Company,Diphenhydramine HCl,79.01,102.71,253,2026-12-20,IN_STOCK
0113-0384,Good Sense Cough Dm Suspension,Sigma-1 Agonist [EPC],L. Perrigo Company,dextromethorphan polistirex,60.26,78.34,171,2028-01-18,IN_STOCK
0113-0388,Good Sense Nasal Spray,Imidazolines [CS],L. Perrigo Company,Oxymetazoline HCl,96.6,125.58,99,2027-03-21,IN_STOCK
0113-0401,"Zephrex D Capsule, Gelatin Coated",Adrenergic alpha-Agonists [MoA],L. Perrigo Company,pseudoephedrine hydrochloride,97.88,127.24,197,2027-12-06,IN_STOCK
0113-0403,Good Sense Pain Relief Tablet,General Medicine,L. Perrigo Company,Acetaminophen,96.53,125.49,317,2027-11-19,IN_STOCK
0113-0426,Good Sense Tioconazole 1 Ointment,Azole Antifungal [EPC],L. Perrigo Company,Tioconazole,128.09,166.52,61,2026-12-21,IN_STOCK
0113-0428,"Good Sense Gas Relief Capsule, Liquid Filled",Skin Barrier Activity [PE],L. Perrigo Company,Simethicone,28.49,37.04,141,2027-08-18,IN_STOCK
0113-0431,"Good Sense Nighttime Sleep Aid Tablet, Film Coated",Histamine H1 Receptor Antagonists [MoA],L. Perrigo Company,Diphenhydramine Hydrochloride,50.95,66.23,174,2028-09-27,IN_STOCK
0113-0432,"Good Sense Nasal Decongestant Tablet, Film Coated",Adrenergic alpha-Agonists [MoA],L. Perrigo Company,Pseudoephedrine HCl,43.78,56.91,355,2027-11-09,IN_STOCK
0113-0437,"Good Sense Pain Relief Pm Tablet, Film Coated",Histamine H1 Receptor Antagonists [MoA],L. Perrigo Company,"Acetaminophen, Diphenhydramine HCl",44.33,57.63,252,2028-12-08,IN_STOCK
0113-0441,Good Sense Sleep Aid Tablet,Antihistamine [EPC],L. Perrigo Company,Doxylamine succinate,130.11,169.14,210,2028-11-04,IN_STOCK
0113-0443,"Good Sense Nasal Allergy Spray, Metered",Corticosteroid Hormone Receptor Agonists [MoA],L. Perrigo Company,Triamcinolone acetonide,90.1,117.13,255,2027-11-28,IN_STOCK
0113-0456,"Good Sense Nicotine Gum, Chewing",Cholinergic Nicotinic Agonist [EPC],L. Perrigo Company,Nicotine Polacrilex,29.26,38.04,36,2027-02-06,IN_STOCK
0113-0459,Good Sense Nighttime Solution,Antihistamine [EPC],L. Perrigo Company,"Acetaminophen, Dextromethorphan HBr, Doxylamine succinate",110.53,143.69,363,2027-06-15,IN_STOCK
0113-0467,"Good Sense Aspirin Tablet, Chewable",Anti-Inflammatory Agents,L. Perrigo Company,Aspirin,141.36,183.77,383,2028-11-06,IN_STOCK
0113-0471,Good Sense Anti Itch Ointment,Corticosteroid Hormone Receptor Agonists [MoA],L. Perrigo Company,hydrocortisone,16.61,21.59,110,2027-11-11,IN_STOCK
0113-0479,Good Sense Allergy Relief Tablet,Histamine H1 Receptor Antagonists [MoA],L. Perrigo Company,Diphenhydramine Hydrochloride,19.94,25.92,57,2028-01-28,IN_STOCK
0113-0484,Good Sense Pain Relief Tablet,General Medicine,L. Perrigo Company,Acetaminophen,84.52,109.88,38,2028-11-28,IN_STOCK
0113-0486,"Good Sense Stool Softener Capsule, Liquid Filled",General Medicine,L. Perrigo Company,Docusate sodium,62.57,81.34,67,2027-01-15,IN_STOCK
0113-0503,Good Sense Childrens All Day Allergy Solution,Histamine H1 Receptor Antagonists [MoA],L. Perrigo Company,Cetirizine HCl,43.06,55.98,104,2026-12-26,IN_STOCK
0113-0517,"Good Sense Ibuprofen Tablet, Film Coated",Anti-Inflammatory Agents,L. Perrigo Company,Ibuprofen,99.95,129.94,224,2027-08-13,IN_STOCK
0113-0520,"Good Sense Omeprazole Tablet, Orally Disintegrating, Delayed Release",Cytochrome P450 2C19 Inhibitors [MoA],L. Perrigo Company,omeprazole,38.26,49.74,170,2027-12-28,IN_STOCK
0113-0532,"Good Sense Nicotine Gum, Chewing",Cholinergic Nicotinic Agonist [EPC],L. Perrigo Company,Nicotine Polacrilex,95.84,124.59,92,2028-03-23,IN_STOCK
0113-0541,Good Sense Anti Itch Cream,Corticosteroid Hormone Receptor Agonists [MoA],L. Perrigo Company,Hydrocortisone,126.59,164.57,39,2026-11-05,IN_STOCK
0113-0544,"Good Sense Pain Relief Tablet, Film Coated, Extended Release",General Medicine,L. Perrigo Company,Acetaminophen,101.21,131.57,191,2028-01-31,IN_STOCK
0113-0603,Good Sense Severe Daytime Cold And Flu Solution,Adrenergic alpha1-Agonists [MoA],L. Perrigo Company,"acetaminophen, dextromethorphan hbr, guaifenesin, phenylephrine hcl",72.74,94.56,301,2027-07-06,IN_STOCK
0113-0604,"Good Sense Ibuprofen Tablet, Film Coated",Anti-Inflammatory Agents,L. Perrigo Company,Ibuprofen,84.54,109.9,94,2028-09-14,IN_STOCK
0113-0608,Good Sense Childrens Pain And Fever Suspension,General Medicine,L. Perrigo Company,Acetaminophen,83.2,108.16,327,2028-06-03,IN_STOCK
0113-0612,Good Sense Allergy Relief Tablet,General Medicine,L. Perrigo Company,Loratadine,71.2,92.56,350,2028-04-30,IN_STOCK
0113-0622,Good Sense Itch Relief Cream,Copper Absorption Inhibitor [EPC],L. Perrigo Company,"Diphenhydramine Hydrochloride, Zinc Acetate",68.07,88.49,352,2028-07-16,IN_STOCK
0113-0647,"Good Sense Ibuprofen Tablet, Film Coated",Anti-Inflammatory Agents,L. Perrigo Company,Ibuprofen,82.4,107.12,202,2028-02-06,IN_STOCK
0113-0648,Good Sense Nasal Four Spray,Adrenergic alpha1-Agonists [MoA],L. Perrigo Company,Phenylephrine hydrochloride,83.25,108.23,70,2027-12-27,IN_STOCK
0113-0651,"Good Sense Esomeprazole Magnesium Capsule, Delayed Release",Cytochrome P450 2C19 Inhibitors [MoA],L. Perrigo Company,esomeprazole,49.64,64.53,236,2027-06-24,IN_STOCK
0113-0656,Good Sense Daytime Solution,Adrenergic alpha1-Agonists [MoA],L. Perrigo Company,"acetaminophen, dextromethorphan Hbr, Phenylephrine HCl",27.58,35.85,30,2026-10-01,IN_STOCK
0113-0657,"Good Sense Gas Relief Capsule, Liquid Filled",Skin Barrier Activity [PE],L. Perrigo Company,Simethicone,80.88,105.14,94,2027-09-18,IN_STOCK
0113-0660,Good Sense Ibuprofen Suspension,Anti-Inflammatory Agents,L. Perrigo Company,Ibuprofen,46.58,60.55,298,2026-10-09,IN_STOCK
0113-0671,Good Sense Childrens Allergy Relief Solution,General Medicine,L. Perrigo Company,Loratadine,104.73,136.15,276,2028-11-12,IN_STOCK
0113-0679,Good Sense Triple Antibiotic Ointment,Aminoglycoside Antibacterial [EPC],L. Perrigo Company,"Bacitracin, Neomycin, Polymyxin B, Pramoxine HCl",74.17,96.42,29,2028-11-23,IN_STOCK
0113-0685,Good Sense Ibuprofen Suspension,Anti-Inflammatory Agents,L. Perrigo Company,Ibuprofen,67.41,87.63,174,2028-06-03,IN_STOCK
0113-0734,Good Sense Nicotine Lozenge,Cholinergic Nicotinic Agonist [EPC],L. Perrigo Company,Nicotine Polacrilex,38.53,50.09,28,2028-04-14,IN_STOCK
0113-0763,Good Sense Severe Nighttime Cold And Flu Solution,Adrenergic alpha1-Agonists [MoA],L. Perrigo Company,"Acetaminophen, Dextromethorphan HBr, Doxylamine Succinate, Phenylephrine HCl",59.18,76.93,235,2028-04-27,IN_STOCK
0113-0812,"Good Sense Mucus Dm Tablet, Extended Release",Decreased Respiratory Secretion Viscosity [PE],L Perrigo Company,"dextromethorphan HBr, guaifenesin",68.38,88.89,152,2027-03-17,IN_STOCK
0113-0825,Good Sense Miconazole 7 Cream,Azole Antifungal [EPC],L. Perrigo Company,Miconazole nitrate,108.67,141.27,355,2027-11-04,IN_STOCK
0113-0847,"Good Sense Aller Ease Tablet, Film Coated",Histamine H1 Receptor Antagonists [MoA],L. Perrigo Company,fexofenadine hydrochloride,125.12,162.66,137,2027-06-27,IN_STOCK
0113-0854,"Good Sense Nicotine Gum, Chewing",Cholinergic Nicotinic Agonist [EPC],L. Perrigo Company,Nicotine polacrilex,16.49,21.44,345,2027-06-03,IN_STOCK
0113-0873,Good Sense Nicotine Lozenge,Cholinergic Nicotinic Agonist [EPC],L. Perrigo Company,Nicotine Polacrilex,79.91,103.88,338,2028-09-10,IN_STOCK
0113-0897,Good Sense Ibuprofen Suspension,Anti-Inflammatory Agents,L. Perrigo Company,Ibuprofen,104.27,135.55,170,2028-07-26,IN_STOCK
0113-0898,"Good Sense Esomeprazole Magnesium Capsule, Delayed Release",Cytochrome P450 2C19 Inhibitors [MoA],L. Perrigo Company,Esomeprazole,112.72,146.54,162,2027-11-27,IN_STOCK
0113-0901,"Good Sense Naproxen Sodium Tablet, Film Coated",Anti-Inflammatory Agents,L. Perrigo Company,Naproxen Sodium,32.26,41.94,60,2027-04-05,IN_STOCK
0113-0915,"Good Sense Omeprazole Tablet, Delayed Release",Cytochrome P450 2C19 Inhibitors [MoA],L. Perrigo Company,Omeprazole,24.81,32.25,81,2028-07-14,IN_STOCK
0113-0927,Good Sense Tussin Dm Max Solution,Decreased Respiratory Secretion Viscosity [PE],L. Perrigo Company,"Dextromethorphan HBr, Guaifenesin",71.02,92.33,256,2027-07-06,IN_STOCK
0113-0944,Good Sense Hemorrhoidal Cream,Adrenergic alpha1-Agonists [MoA],L. Perrigo Company,"glycerin, phenylephrine HCl, pramoxine HCl, white petrolatum",106.57,138.54,276,2027-04-11,IN_STOCK
0113-0946,Good Sense Pain And Fever Suspension,General Medicine,L. Perrigo Company,Acetaminophen,51.49,66.94,102,2026-11-20,IN_STOCK
0113-0957,Good Sense Nicotine Lozenge,Cholinergic Nicotinic Agonist [EPC],L. Perrigo Company,Nicotine Polacrilex,145.61,189.29,36,2027-04-09,IN_STOCK
0113-0958,Good Sense Cough Dm Suspension,Sigma-1 Agonist [EPC],L. Perrigo Company,dextromethorphan polistirex,145.99,189.79,169,2027-07-03,IN_STOCK
0113-0981,"Good Sense All Day Allergy Capsule, Liquid Filled",Histamine H1 Receptor Antagonists [MoA],L. Perrigo Company,cetirizine hydrochloride,23.13,30.07,249,2028-10-14,IN_STOCK
0113-0987,Good Sense Childrens Cold And Cough Solution,Adrenergic alpha1-Agonists [MoA],L. Perrigo Company,"Brompheniramine maleate, Dextromethorphan HBr, Phenylephrine HCl",6.19,8.05,71,2027-03-04,IN_STOCK
0113-0994,"Good Sense Daytime Capsule, Liquid Filled",Adrenergic alpha1-Agonists [MoA],L. Perrigo Company,"Acetaminophen, Dextromethorphan HBr, Phenylephrine HCl",7.14,9.28,136,2027-09-16,IN_STOCK
0113-1019,"Good Sense Childrens Allergy Relief Tablet, Chewable",General Medicine,L. Perrigo Company,loratadine,65.94,85.72,280,2027-10-16,IN_STOCK
0113-1023,"Good Sense Clearlax Powder, For Solution",Osmotic Activity [MoA],L. Perrigo Company,Polyethylene Glycol 3350,72.23,93.9,41,2027-09-04,IN_STOCK
0113-1032,Good Sense Hair Regrowth Treatment Solution,Arteriolar Vasodilation [PE],L. Perrigo Company,minoxidil,16.63,21.62,99,2026-11-27,IN_STOCK
0113-1087,Good Sense Anti Diarrheal Anti Gas Tablet,Opioid Agonist [EPC],L. Perrigo Company,"loperamide hydrochloride, simethicone",43.64,56.73,225,2026-12-13,IN_STOCK
0113-1114,"Good Sense Lansoprazole Capsule, Delayed Release",Inhibition Gastric Acid Secretion [PE],L. Perrigo Company,Lansoprazole,83.76,108.89,117,2027-04-15,IN_STOCK
0113-1125,Good Sense Nicotine Lozenge,Cholinergic Nicotinic Agonist [EPC],L. Perrigo Company,Nicotine Polacrilex,134.88,175.34,153,2027-10-26,IN_STOCK
0113-1129,"Good Sense Hair Regrowth Treatment Aerosol, Foam",Arteriolar Vasodilation [PE],L. Perrigo Company,Minoxidil,125.1,162.63,87,2028-11-25,IN_STOCK
0113-1140,Good Sense Triple Antibiotic Ointment,Aminoglycoside Antibacterial [EPC],L. Perrigo Company,"Bacitracin Zinc, Neomycin sulfate, Polymyxin B, Pramoxine HCl",108.63,141.22,222,2028-11-28,IN_STOCK
0113-1189,Good Sense Arthritis Pain Gel,Anti-Inflammatory Agents,L. Perrigo Company,diclofenac sodium,146.37,190.28,151,2028-10-25,IN_STOCK
0113-1190,Good Sense Nicotine Lozenge,Cholinergic Nicotinic Agonist [EPC],L. Perrigo Company,Nicotine Polacrilex,149.21,193.97,126,2028-01-15,IN_STOCK
0113-1191,"Good Sense Allergy Relief Tablet, Orally Disintegrating",General Medicine,L. Perrigo Company,loratadine,111.62,145.11,73,2028-03-17,IN_STOCK
0113-1212,"Good Sense Ibuprofen Tablet, Film Coated",Anti-Inflammatory Agents,L. Perrigo Company,Ibuprofen,101.57,132.04,131,2028-01-28,IN_STOCK
0113-1352,"Good Sense Nicotine Gum, Chewing",Cholinergic Nicotinic Agonist [EPC],L. Perrigo Company,Nicotine Polacrilex,61.42,79.85,184,2027-08-27,IN_STOCK
0113-1412,"Good Sense Naproxen Sodium Tablet, Film Coated",Anti-Inflammatory Agents,L. Perrigo Company,naproxen sodium,28.0,36.4,397,2026-11-13,IN_STOCK
0113-1612,Good Sense Allergy Relief Tablet,General Medicine,L. Perrigo Company,Loratadine,112.99,146.89,306,2028-03-17,IN_STOCK
0113-1619,"Good Sense Migraine Formula Tablet, Film Coated",Anti-Inflammatory Agents,L. Perrigo Company,"acetaminophen, aspirin, caffeine",22.71,29.52,271,2028-07-15,IN_STOCK
0113-1645,Good Sense Antidiarrheal Solution,Opioid Agonist [EPC],L. Perrigo Company,loperamide HCl,48.33,62.83,209,2026-11-23,IN_STOCK
0113-1719,Good Sense Childrens Allergy Relief Solution,General Medicine,L. Perrigo Company,Loratadine,130.23,169.3,136,2027-01-24,IN_STOCK
0113-1720,"Nasonex Spray, Metered",Corticosteroid Hormone Receptor Agonists [MoA],L. Perrigo Company,mometasone furoate,39.22,50.99,247,2027-08-29,IN_STOCK
0113-1723,"Good Sense Omeprazole Tablet, Delayed Release",Cytochrome P450 2C19 Inhibitors [MoA],L. Perrigo Company,Omeprazole,7.18,9.33,166,2028-05-21,IN_STOCK
0113-1725,Good Sense Tussin Dm Solution,Decreased Respiratory Secretion Viscosity [PE],L. Perrigo Company,"dextromethorphan hydrobromide, guaifenesin",22.35,29.06,149,2026-10-10,IN_STOCK
0113-1803,"Good Sense Omeprazole Delayed Release Tablet, Delayed Release",Cytochrome P450 2C19 Inhibitors [MoA],L. Perrigo Company,omeprazole,145.48,189.12,322,2028-12-11,IN_STOCK
0113-1855,"Good Sense Headache Relief Tablet, Film Coated",Anti-Inflammatory Agents,L. Perrigo Company,"acetaminophen, aspirin, caffeine",105.16,136.71,377,2028-06-02,IN_STOCK
0113-1889,"Good Sense Pain Relief Tablet, Film Coated",General Medicine,L. Perrigo Company,acetaminophen,27.47,35.71,70,2027-06-12,IN_STOCK
0113-1910,Good Sense Lice Killing Creme Rinse Lotion,Pyrethrins [CS],L. Perrigo Company,Permethrin,27.87,36.23,71,2028-09-02,IN_STOCK
0113-1975,Good Sense Pain Relief Tablet,General Medicine,L. Perrigo Company,Acetaminophen,94.7,123.11,345,2026-12-01,IN_STOCK
0113-1999,"Childrens Nasonex Spray, Metered",Corticosteroid Hormone Receptor Agonists [MoA],L. Perrigo Company,mometasone furoate,13.67,17.77,355,2027-03-07,IN_STOCK
0113-2003,Option 2 Tablet,Inhibit Ovum Fertilization [PE],L. Perrigo Company,levonorgestrel,106.69,138.7,79,2027-02-06,IN_STOCK
0113-2007,"Allergy And Congestion Relief Tablet, Film Coated, Extended Release",Adrenergic alpha-Agonists [MoA],L. Perrigo Company,"loratadine, Pseudoephedrine sulfate",75.74,98.46,187,2028-04-24,IN_STOCK
0113-2017,"Sinus 12 Hour Tablet, Film Coated, Extended Release",Adrenergic alpha-Agonists [MoA],L. Perrigo Company,Pseudoephedrine HCl,119.34,155.14,202,2027-12-24,IN_STOCK
0113-2022,"Good Sense Esomeprazole Magnesium Capsule, Delayed Release",Cytochrome P450 2C19 Inhibitors [MoA],L. Perrigo Company,esomeprazole,111.31,144.7,35,2028-09-05,IN_STOCK
0113-2023,"Good Sense Mucus Er Tablet, Multilayer, Extended Release",Decreased Respiratory Secretion Viscosity [PE],L. Perrigo Company,guaifenesin,59.78,77.71,395,2027-02-15,IN_STOCK
0113-2147,"All Day Allergy D Tablet, Film Coated, Extended Release",Adrenergic alpha-Agonists [MoA],L. Perrigo Company,"Cetirizine hydrochloride, Pseudoephedrine hydrochloride",41.35,53.76,45,2028-02-09,IN_STOCK
0113-2219,"Good Sense Mucus Dm Tablet, Extended Release",Decreased Respiratory Secretion Viscosity [PE],L. Perrigo Company,"dextromethorphan hydrobromide, guaifenesin",107.46,139.7,311,2027-07-29,IN_STOCK
0113-2224,"Anti Diarrheal Tablet, Film Coated",Opioid Agonist [EPC],L. Perrigo Company,Loperamide HCl,83.7,108.81,275,2027-04-13,IN_STOCK
0113-2299,Good Sense Day Time Cold And Flu Solution,Adrenergic alpha1-Agonists [MoA],L. Perrigo Company,"acetaminophen, dextromethorphan hydrobromide, guaifenesin, phenylephrine hydrochloride",87.17,113.32,303,2027-09-22,IN_STOCK
0113-2461,"Good Sense Childrens Ibuprofen Tablet, Chewable",Anti-Inflammatory Agents,L. Perrigo Company,Ibuprofen,51.93,67.51,264,2027-07-09,IN_STOCK
0113-2501,Good Sense Night Time Cold And Flu Solution,Adrenergic alpha1-Agonists [MoA],L. Perrigo Company,"acetaminophen, dextromethorphan hydrobromide, doxylamine succinate, phenylephrine hydrochloride",130.81,170.05,331,2028-04-20,IN_STOCK
0113-2502,Good Sense Nicotine Lozenge,Cholinergic Nicotinic Agonist [EPC],L. Perrigo Company,Nicotine Polacrilex,28.25,36.73,296,2027-03-08,IN_STOCK
0113-3650,"Good Sense Mucus Er Tablet, Multilayer, Extended Release",Decreased Respiratory Secretion Viscosity [PE],L. Perrigo Company,Guaifenesin,70.16,91.21,159,2028-04-07,IN_STOCK
0113-4032,"Good Sense Sleep Aid Ultra Tablet, Coated",Antihistamine [EPC],L. Perrigo Company,doxylamine succinate,58.23,75.7,25,2028-12-03,IN_STOCK
0113-4053,Mederma Stretch Marks Therapy Cream,Skin Barrier Activity [PE],L. Perrigo Company,dimethicone,97.51,126.76,219,2028-10-21,IN_STOCK
0113-4077,"Good Sense Mucus Er Tablet, Multilayer, Extended Release",Decreased Respiratory Secretion Viscosity [PE],L. Perrigo Company,guaifenesin,31.9,41.47,34,2028-06-26,IN_STOCK
0113-4083,Mederma Scar Cream Cream,General Medicine,L. Perrigo Company,"AVOBENZONE, OCTOCRYLENE, and OXYBENZONE",129.24,168.01,342,2027-06-02,IN_STOCK
0113-4085,Mederma Advanced Scar Gel,General Medicine,L. Perrigo Company,Allantoin,51.5,66.95,57,2028-08-05,IN_STOCK
0113-4126,Mederma For Kids Gel,General Medicine,L. Perrigo Company,Allantoin,145.24,188.81,223,2027-04-13,IN_STOCK
0113-4368,"Good Sense Naproxen Sodium Tablet, Film Coated",Anti-Inflammatory Agents,L. Perrigo Company,Naproxen Sodium,80.99,105.29,279,2028-11-23,IN_STOCK
0113-4500,"Good Sense Severe Day Time Cold And Flu Tablet, Film Coated",Adrenergic alpha1-Agonists [MoA],L. Perrigo Company,"acetaminophen, dextromethorphan hydrobromide, guaifenesin, phenylephrine hydrochloride",84.96,110.45,338,2027-07-17,IN_STOCK
0113-4501,"Good Sense Ibuprofen Capsule, Liquid Filled",Anti-Inflammatory Agents,L. Perrigo Company,ibuprofen,51.78,67.31,353,2027-08-26,IN_STOCK
0113-5023,Good Sense Nicotine Lozenge,Cholinergic Nicotinic Agonist [EPC],L. Perrigo Company,nicotine polacrilex,21.02,27.33,292,2028-08-05,IN_STOCK
0113-5129,"Minoxidil Aerosol, Foam",Arteriolar Vasodilation [PE],L. Perrigo Company,Minoxidil,14.67,19.07,91,2027-04-01,IN_STOCK
0113-5299,"Good Sense Dual Action Back Pain Tablet, Film Coated",Anti-Inflammatory Agents,L. Perrigo Company,"acetaminophen, ibuprofen",131.66,171.16,128,2027-01-18,IN_STOCK
0113-5300,"Good Sense Dual Action Tablet, Film Coated",Anti-Inflammatory Agents,L Perrigo Company,"Acetaminophen, Ibuprofen",75.38,97.99,75,2026-11-02,IN_STOCK
0113-6004,"Injoy Diarrhea Relief Tablet, Film Coated",Opioid Agonist [EPC],L. Perrigo Company,Loperamide HCl,87.8,114.14,223,2028-08-04,IN_STOCK
0113-6019,Good Sense Childrens Cold Cough Solution,Sigma-1 Agonist [EPC],L. Perrigo Company,"brompheniramine maleate, dextromethorphan hydrobromide",76.04,98.85,344,2028-09-18,IN_STOCK
0113-6023,"Injoy Heartburn Relief Tablet, Chewable",Calculi Dissolution Agent [EPC],L. Perrigo Company,"famotidine, calcium carbonate and magnesium hydroxide",90.59,117.77,50,2027-10-11,IN_STOCK
0113-6044,Good Sense Sleep Aid Ultra Tablet,Antihistamine [EPC],L. Perrigo Company,Doxylamine Succinate,37.0,48.1,392,2026-12-12,IN_STOCK
0113-6117,"Prevacid 24 Hr Capsule, Delayed Release",Inhibition Gastric Acid Secretion [PE],L. Perrigo Company,lansoprazole,6.9,8.97,131,2028-08-02,IN_STOCK
0113-6500,Good Sense Hair Regrowth Treatment Solution,Arteriolar Vasodilation [PE],L. Perrigo Company,Minoxidil,76.25,99.12,65,2028-01-23,IN_STOCK
0113-6900,"Injoy Constipation Relief Powder, For Solution",Osmotic Activity [MoA],L. Perrigo Company,Polyethylene Glycol 3350,121.15,157.5,56,2027-10-05,IN_STOCK
0113-7050,"Good Sense Dual Action Complete Tablet, Chewable",Blood Coagulation Factor [EPC],L. Perrigo Company,"famotidine, calcium carbonate, magnesium hydroxide",85.91,111.68,237,2027-10-13,IN_STOCK
0113-7110,Good Sense Miconazole 3 Cream,Azole Antifungal [EPC],L. Perrigo Company,miconazole nitrate,120.17,156.22,54,2028-06-23,IN_STOCK
0113-7366,"Good Sense Childrens Ibuprofen Tablet, Chewable",Anti-Inflammatory Agents,L. Perrigo Company,ibuprofen,43.54,56.6,45,2028-10-21,IN_STOCK
0113-7777,"Perrigo Allergy D Tablet, Film Coated, Extended Release",Adrenergic alpha-Agonists [MoA],L. Perrigo Company,"loratadine, Pseudoephedrine sulfate",15.21,19.77,180,2026-12-19,IN_STOCK
0113-8100,"Good Sense Nicotine Gum, Chewing",Cholinergic Nicotinic Agonist [EPC],L. Perrigo Company,nicotine polacrilex,141.97,184.56,290,2027-01-08,IN_STOCK
0113-8101,Opill Tablet,General Medicine,L. Perrigo Company,norgestrel,19.68,25.58,143,2028-03-28,IN_STOCK
0113-8175,Good Sense Arthritis Pain Gel,Anti-Inflammatory Agents,L. Perrigo Company,DICLOFENAC SODIUM,60.87,79.13,123,2028-03-22,IN_STOCK
0113-8264,"Good Sense Naproxen Sodium Tablet, Film Coated",Anti-Inflammatory Agents,L. Perrigo Company,"diphenhydramine hydrochloride, naproxen sodium",100.25,130.33,316,2028-07-02,IN_STOCK
0113-8307,"Mucus D Tablet, Multilayer, Extended Release",Adrenergic alpha-Agonists [MoA],L. Perrigo Company,guaifenesin and pseudoephedrine hydrochloride,142.39,185.11,310,2028-11-06,IN_STOCK
0113-8600,"Good Sense Nicotine Gum, Chewing",Cholinergic Nicotinic Agonist [EPC],L. Perrigo Company,nicotine polacrilex,85.93,111.71,79,2028-11-23,IN_STOCK
0113-8911,"Mucus D Tablet, Multilayer, Extended Release",Adrenergic alpha-Agonists [MoA],L. Perrigo Company,"guaifenesin, pseudoephedrine hydrochloride",97.6,126.88,208,2028-08-21,IN_STOCK
0113-8959,Good Sense Pain And Fever Suspension,General Medicine,L. Perrigo Company,Acetaminophen,71.51,92.96,365,2027-12-12,IN_STOCK
0113-9004,"Allergy D Tablet, Extended Release",Adrenergic alpha-Agonists [MoA],L. Perrigo Company,"loratadine, pseudoephedrine sulfate",133.01,172.91,110,2028-12-20,IN_STOCK
0113-9458,"Good Sense All Day Allergy Tablet, Film Coated",Histamine H1 Receptor Antagonists [MoA],L. Perrigo Company,Cetirizine Hydrochloride,31.16,40.51,230,2028-02-29,IN_STOCK
0113-9755,"Good Sense Allergy Relief Tablet, Orally Disintegrating",General Medicine,L. Perrigo Company,loratadine,53.94,70.12,105,2028-03-30,IN_STOCK
0115-1070,Dipyridamole Tablet,Decreased Platelet Aggregation [PE],Amneal Pharmaceuticals Of New York Llc,DIPYRIDAMOLE,149.77,194.7,251,2027-09-26,IN_STOCK
0115-1071,Dipyridamole Tablet,Decreased Platelet Aggregation [PE],Amneal Pharmaceuticals Of New York Llc,DIPYRIDAMOLE,135.86,176.62,306,2027-08-29,IN_STOCK
0115-1072,Dipyridamole Tablet,Decreased Platelet Aggregation [PE],Amneal Pharmaceuticals Of New York Llc,DIPYRIDAMOLE,127.5,165.75,236,2028-11-21,IN_STOCK
0115-1231,"Oxymorphone Hydrochloride Tablet, Film Coated, Extended Release",Full Opioid Agonists [MoA],Amneal Pharmaceuticals Of New York Llc,Oxymorphone hydrochloride,96.82,125.87,396,2027-08-28,IN_STOCK
0115-1232,"Oxymorphone Hydrochloride Tablet, Film Coated, Extended Release",Full Opioid Agonists [MoA],Amneal Pharmaceuticals Of New York Llc,Oxymorphone hydrochloride,93.22,121.19,313,2028-04-11,IN_STOCK
0115-1233,"Oxymorphone Hydrochloride Tablet, Film Coated, Extended Release",Full Opioid Agonists [MoA],Amneal Pharmaceuticals Of New York Llc,Oxymorphone hydrochloride,36.02,46.83,306,2028-11-01,IN_STOCK
0115-1234,"Oxymorphone Hydrochloride Tablet, Film Coated, Extended Release",Full Opioid Agonists [MoA],Amneal Pharmaceuticals Of New York Llc,Oxymorphone hydrochloride,41.84,54.39,256,2028-01-02,IN_STOCK
0115-1248,"Carvedilol Phosphate Capsule, Extended Release",Adrenergic alpha-Antagonists [MoA],Amneal Pharmaceuticals Of New York Llc,CARVEDILOL PHOSPHATE,144.17,187.42,25,2028-10-13,IN_STOCK
0115-1249,"Carvedilol Phosphate Capsule, Extended Release",Adrenergic alpha-Antagonists [MoA],Amneal Pharmaceuticals Of New York Llc,CARVEDILOL PHOSPHATE,10.03,13.04,170,2028-06-02,IN_STOCK
0115-1250,"Carvedilol Phosphate Capsule, Extended Release",Adrenergic alpha-Antagonists [MoA],Amneal Pharmaceuticals Of New York Llc,CARVEDILOL PHOSPHATE,7.36,9.57,94,2027-08-06,IN_STOCK
0115-1251,"Carvedilol Phosphate Capsule, Extended Release",Adrenergic alpha-Antagonists [MoA],Amneal Pharmaceuticals Of New York Llc,CARVEDILOL PHOSPHATE,5.95,7.74,138,2027-05-08,IN_STOCK
0115-1277,"Morphine Sulfate Capsule, Extended Release",Full Opioid Agonists [MoA],Amneal Pharmaceuticals Of New York Llc,MORPHINE SULFATE,129.08,167.8,36,2028-11-29,IN_STOCK
0115-1278,"Morphine Sulfate Capsule, Extended Release",Full Opioid Agonists [MoA],Amneal Pharmaceuticals Of New York Llc,MORPHINE SULFATE,124.18,161.43,378,2027-07-10,IN_STOCK
0115-1279,"Morphine Sulfate Capsule, Extended Release",Full Opioid Agonists [MoA],Amneal Pharmaceuticals Of New York Llc,MORPHINE SULFATE,138.27,179.75,286,2028-04-22,IN_STOCK
0115-1280,"Morphine Sulfate Capsule, Extended Release",Full Opioid Agonists [MoA],Amneal Pharmaceuticals Of New York Llc,MORPHINE SULFATE,87.75,114.08,317,2027-03-08,IN_STOCK
0115-1281,"Morphine Sulfate Capsule, Extended Release",Full Opioid Agonists [MoA],Amneal Pharmaceuticals Of New York Llc,MORPHINE SULFATE,18.67,24.27,260,2027-09-30,IN_STOCK
0115-1282,"Morphine Sulfate Capsule, Extended Release",Full Opioid Agonists [MoA],Amneal Pharmaceuticals Of New York Llc,MORPHINE SULFATE,27.64,35.93,160,2027-10-11,IN_STOCK
0115-1315,"Oxymorphone Hydrochloride Tablet, Film Coated, Extended Release",Full Opioid Agonists [MoA],Amneal Pharmaceuticals Of New York Llc,Oxymorphone hydrochloride,134.0,174.2,152,2027-05-27,IN_STOCK
0115-1316,"Oxymorphone Hydrochloride Tablet, Film Coated, Extended Release",Full Opioid Agonists [MoA],Amneal Pharmaceuticals Of New York Llc,Oxymorphone hydrochloride,42.16,54.81,178,2027-01-03,IN_STOCK
0115-1317,"Oxymorphone Hydrochloride Tablet, Film Coated, Extended Release",Full Opioid Agonists [MoA],Amneal Pharmaceuticals Of New York Llc,Oxymorphone hydrochloride,87.72,114.04,316,2027-05-11,IN_STOCK
0115-1320,"Colesevelam Hydrochloride Tablet, Film Coated",Bile Acid Sequestrant [EPC],Amneal Pharmaceuticals Of New York Llc,COLESEVELAM HYDROCHLORIDE,111.47,144.91,395,2027-08-29,IN_STOCK
0115-1324,"Fenofibric Acid Capsule, Delayed Release",Peroxisome Proliferator Receptor alpha Agonist [EP,Amneal Pharmaceuticals Of New York Llc,FENOFIBRIC ACID,119.97,155.96,113,2028-02-12,IN_STOCK
0115-1325,"Fenofibric Acid Capsule, Delayed Release",Peroxisome Proliferator Receptor alpha Agonist [EP,Amneal Pharmaceuticals Of New York Llc,FENOFIBRIC ACID,124.73,162.15,378,2028-09-19,IN_STOCK
0115-1365,"Sevelamer Carbonate Powder, For Suspension",Phosphate Binder [EPC],Amneal Pharmaceuticals Of New York Llc,sevelamer carbonate,88.55,115.11,73,2028-06-01,IN_STOCK
0115-1366,"Sevelamer Carbonate Powder, For Suspension",Phosphate Binder [EPC],Amneal Pharmaceuticals Of New York Llc,sevelamer carbonate,98.13,127.57,44,2028-10-18,IN_STOCK
0115-1408,Methyltestosterone Capsule,Androgen Receptor Agonists [MoA],Amneal Pharmaceuticals Of New York Llc,METHYLTESTOSTERONE,122.21,158.87,220,2026-12-20,IN_STOCK
0115-1436,"Cyclobenzaprine Hydrochloride Capsule, Extended Release",Centrally-mediated Muscle Relaxation [PE],Amneal Pharmaceuticals Of New York Llc,Cyclobenzaprine Hydrochloride,118.12,153.56,196,2027-09-22,IN_STOCK
0115-1437,"Cyclobenzaprine Hydrochloride Capsule, Extended Release",Centrally-mediated Muscle Relaxation [PE],Amneal Pharmaceuticals Of New York Llc,Cyclobenzaprine Hydrochloride,132.57,172.34,247,2027-12-01,IN_STOCK
0115-1479,"Morphine Sulfate Capsule, Extended Release",Full Opioid Agonists [MoA],Amneal Pharmaceuticals Of New York Llc,MORPHINE SULFATE,139.89,181.86,86,2028-11-27,IN_STOCK
0115-1486,"Dextroamphetamine Saccharate, Amphetamine Aspartate Monohydrate, Dextroamphetamine Sulfate And Amphetamine Sulfate Capsule",Central Nervous System Stimulant [EPC],Amneal Pharmaceuticals Of New York Llc,"Dextroamphetamine Saccharate, Amphetamine Aspartate Monohydrate, Dextroamphetamine Sulfate, and Amphetamine Sulfate",37.87,49.23,359,2028-06-08,IN_STOCK
0115-1487,"Dextroamphetamine Saccharate, Amphetamine Aspartate Monohydrate, Dextroamphetamine Sulfate And Amphetamine Sulfate Capsule",Central Nervous System Stimulant [EPC],Amneal Pharmaceuticals Of New York Llc,"Dextroamphetamine Saccharate, Amphetamine Aspartate Monohydrate, Dextroamphetamine Sulfate, and Amphetamine Sulfate",139.65,181.55,349,2028-12-05,IN_STOCK
0115-1488,"Dextroamphetamine Saccharate, Amphetamine Aspartate Monohydrate, Dextroamphetamine Sulfate And Amphetamine Sulfate Capsule",Central Nervous System Stimulant [EPC],Amneal Pharmaceuticals Of New York Llc,"Dextroamphetamine Saccharate, Amphetamine Aspartate Monohydrate, Dextroamphetamine Sulfate, and Amphetamine Sulfate",96.67,125.67,52,2027-08-09,IN_STOCK
0115-1489,"Dextroamphetamine Saccharate, Amphetamine Aspartate Monohydrate, Dextroamphetamine Sulfate And Amphetamine Sulfate Capsule",Central Nervous System Stimulant [EPC],Amneal Pharmaceuticals Of New York Llc,"Dextroamphetamine Saccharate, Amphetamine Aspartate Monohydrate, Dextroamphetamine Sulfate, and Amphetamine Sulfate",81.04,105.35,188,2028-04-05,IN_STOCK
0115-1490,"Dextroamphetamine Saccharate, Amphetamine Aspartate Monohydrate, Dextroamphetamine Sulfate And Amphetamine Sulfate Capsule",Central Nervous System Stimulant [EPC],Amneal Pharmaceuticals Of New York Llc,"Dextroamphetamine Saccharate, Amphetamine Aspartate Monohydrate, Dextroamphetamine Sulfate, and Amphetamine Sulfate",86.91,112.98,192,2028-02-27,IN_STOCK
0115-1491,"Dextroamphetamine Saccharate, Amphetamine Aspartate Monohydrate, Dextroamphetamine Sulfate And Amphetamine Sulfate Capsule",Central Nervous System Stimulant [EPC],Amneal Pharmaceuticals Of New York Llc,"Dextroamphetamine Saccharate, Amphetamine Aspartate Monohydrate, Dextroamphetamine Sulfate, and Amphetamine Sulfate",106.18,138.03,103,2026-11-21,IN_STOCK
0115-1526,"Lamotrigine Tablet, Orally Disintegrating",Anti-epileptic Agent [EPC],Amneal Pharmaceuticals Of New York Llc,LAMOTRIGINE,102.68,133.48,226,2027-12-31,IN_STOCK
0115-1527,"Lamotrigine Tablet, Orally Disintegrating",Anti-epileptic Agent [EPC],Amneal Pharmaceuticals Of New York Llc,LAMOTRIGINE,114.16,148.41,319,2028-02-29,IN_STOCK
0115-1528,"Lamotrigine Tablet, Orally Disintegrating",Anti-epileptic Agent [EPC],Amneal Pharmaceuticals Of New York Llc,LAMOTRIGINE,18.06,23.48,246,2027-07-24,IN_STOCK
0115-1529,"Lamotrigine Tablet, Orally Disintegrating",Anti-epileptic Agent [EPC],Amneal Pharmaceuticals Of New York Llc,LAMOTRIGINE,119.02,154.73,100,2027-02-13,IN_STOCK
0115-1560,"Oxycodone Hydrochloride Tablet, Film Coated, Extended Release",Full Opioid Agonists [MoA],Amneal Pharmaceuticals Of New York Llc,OXYCODONE HYDROCHLORIDE,53.74,69.86,268,2028-05-08,IN_STOCK
0115-1643,Nitrofurantoin Macrocrystals Capsule,Nitrofuran Antibacterial [EPC],Amneal Pharmaceuticals Of New York Llc,Nitrofurantoin Macrocrystals,113.07,146.99,305,2027-11-13,IN_STOCK
0115-1645,Nitrofurantoin Macrocrystals Capsule,Nitrofuran Antibacterial [EPC],Amneal Pharmaceuticals Of New York Llc,Nitrofurantoin Macrocrystals,43.07,55.99,229,2028-02-26,IN_STOCK
0115-1676,Alendronate Sodium Tablet,Bisphosphonate [EPC],Amneal Pharmaceuticals Of New York Llc,Alendronate Sodium,68.0,88.4,382,2027-02-11,IN_STOCK
0115-1678,Alendronate Sodium Tablet,Bisphosphonate [EPC],Amneal Pharmaceuticals Of New York Llc,Alendronate Sodium,115.49,150.14,271,2028-04-25,IN_STOCK
0115-1679,Alendronate Sodium Tablet,Bisphosphonate [EPC],Amneal Pharmaceuticals Of New York Llc,Alendronate Sodium,33.73,43.85,227,2028-07-29,IN_STOCK
0115-1680,Alendronate Sodium Tablet,Bisphosphonate [EPC],Amneal Pharmaceuticals Of New York Llc,Alendronate Sodium,87.84,114.19,312,2028-06-22,IN_STOCK
0115-1681,Alendronate Sodium Tablet,Bisphosphonate [EPC],Amneal Pharmaceuticals Of New York Llc,Alendronate Sodium,149.58,194.45,293,2027-06-10,IN_STOCK
0115-1687,Budesonide Inhalation Suspension,Corticosteroid Hormone Receptor Agonists [MoA],Amneal Pharmaceuticals Of New York Llc,Budesonide,40.14,52.18,161,2028-12-04,IN_STOCK
0115-1689,Budesonide Inhalation Suspension,Corticosteroid Hormone Receptor Agonists [MoA],Amneal Pharmaceuticals Of New York Llc,Budesonide,67.36,87.57,375,2028-05-12,IN_STOCK
0115-1694,Epinephrine Injection,Adrenergic alpha-Agonists [MoA],Amneal Pharmaceuticals Of New York Llc,epinephrine,17.99,23.39,368,2027-11-28,IN_STOCK
0115-1695,Epinephrine Injection,Adrenergic alpha-Agonists [MoA],Amneal Pharmaceuticals Of New York Llc,epinephrine,66.41,86.33,203,2027-04-14,IN_STOCK
0115-1696,Hydrocortisone Tablet,Corticosteroid Hormone Receptor Agonists [MoA],Amneal Pharmaceuticals Of New York Llc,hydrocortisone,51.51,66.96,329,2028-08-02,IN_STOCK
0115-1697,Hydrocortisone Tablet,Corticosteroid Hormone Receptor Agonists [MoA],Amneal Pharmaceuticals Of New York Llc,hydrocortisone,8.51,11.06,181,2027-03-23,IN_STOCK
0115-1700,Hydrocortisone Tablet,Corticosteroid Hormone Receptor Agonists [MoA],Amneal Pharmaceuticals Of New York Llc,hydrocortisone,148.21,192.67,340,2028-12-31,IN_STOCK
0115-1701,"Albendazole Tablet, Film Coated",Anthelmintic [EPC],Amneal Pharmaceuticals Of New York Llc,albendazole,69.12,89.86,99,2027-12-26,IN_STOCK
0115-1709,"Dexmethylphenidate Hydrochloride Capsule, Extended Release",Central Nervous System Stimulant [EPC],Amneal Pharmaceuticals Of New York Llc,Dexmethylphenidate hydrochloride,11.51,14.96,144,2027-04-23,IN_STOCK
0115-1710,"Dexmethylphenidate Hydrochloride Capsule, Extended Release",Central Nervous System Stimulant [EPC],Amneal Pharmaceuticals Of New York Llc,Dexmethylphenidate hydrochloride,104.38,135.69,104,2028-11-14,IN_STOCK
0115-1721,"Apixaban Tablet, Film Coated",Factor Xa Inhibitor [EPC],Amneal Pharmaceuticals Of New York Llc,Apixaban,110.63,143.82,68,2027-01-24,IN_STOCK
0115-1722,"Apixaban Tablet, Film Coated",Factor Xa Inhibitor [EPC],Amneal Pharmaceuticals Of New York Llc,Apixaban,112.24,145.91,149,2028-06-27,IN_STOCK
0115-1724,"Ultramicrosize Griseofulvin Tablet, Coated",Decreased Mitosis [PE],Amneal Pharmaceuticals Of New York Llc,Ultramicrosize Griseofulvin Tablets,139.38,181.19,172,2026-10-15,IN_STOCK
0115-1725,"Ultramicrosize Griseofulvin Tablet, Coated",Decreased Mitosis [PE],Amneal Pharmaceuticals Of New York Llc,Ultramicrosize Griseofulvin Tablets,54.77,71.2,81,2027-08-09,IN_STOCK
0115-1736,"Methylphenidate Hydrochloride Capsule, Extended Release",Central Nervous System Stimulant [EPC],Amneal Pharmaceuticals Of New York Llc,Methylphenidate Hydrochloride,70.26,91.34,36,2027-09-05,IN_STOCK
0115-1737,"Methylphenidate Hydrochloride Capsule, Extended Release",Central Nervous System Stimulant [EPC],Amneal Pharmaceuticals Of New York Llc,Methylphenidate Hydrochloride,35.31,45.9,300,2027-05-05,IN_STOCK
0115-1738,"Methylphenidate Hydrochloride Capsule, Extended Release",Central Nervous System Stimulant [EPC],Amneal Pharmaceuticals Of New York Llc,Methylphenidate Hydrochloride,34.55,44.91,292,2028-11-07,IN_STOCK
0115-1739,"Methylphenidate Hydrochloride Capsule, Extended Release",Central Nervous System Stimulant [EPC],Amneal Pharmaceuticals Of New York Llc,Methylphenidate Hydrochloride,42.51,55.26,272,2028-06-29,IN_STOCK
0115-1740,"Methylphenidate Hydrochloride Capsule, Extended Release",Central Nervous System Stimulant [EPC],Amneal Pharmaceuticals Of New York Llc,Methylphenidate Hydrochloride,110.84,144.09,97,2028-09-11,IN_STOCK
0115-1741,"Methylphenidate Hydrochloride Capsule, Extended Release",Central Nervous System Stimulant [EPC],Amneal Pharmaceuticals Of New York Llc,Methylphenidate Hydrochloride,106.32,138.22,34,2027-10-21,IN_STOCK
0115-1745,Metaxalone Tablet,Centrally-mediated Muscle Relaxation [PE],Amneal Pharmaceuticals Of New York Llc,Metaxalone,89.54,116.4,364,2028-03-23,IN_STOCK
0115-1750,Acitretin Capsule,Retinoid [EPC],Amneal Pharmaceuticals Of New York Llc,Acitretin,11.3,14.69,112,2026-12-01,IN_STOCK
0115-1751,Acitretin Capsule,Retinoid [EPC],Amneal Pharmaceuticals Of New York Llc,Acitretin,46.18,60.03,381,2028-06-24,IN_STOCK
0115-1752,Acitretin Capsule,Retinoid [EPC],Amneal Pharmaceuticals Of New York Llc,Acitretin,44.34,57.64,263,2028-08-01,IN_STOCK
0115-1753,Acitretin Capsule,Retinoid [EPC],Amneal Pharmaceuticals Of New York Llc,Acitretin,142.05,184.67,59,2027-11-02,IN_STOCK
0115-1757,Cyproheptadine Hydrochloride Tablet,General Medicine,Amneal Pharmaceuticals Of New York Llc,Cyproheptadine Hydrochloride,100.75,130.97,364,2028-08-06,IN_STOCK
0115-1800,Methylphenidate Hydrochloride Tablet,Central Nervous System Stimulant [EPC],Amneal Pharmaceuticals Of New York Llc,METHYLPHENIDATE HYDROCHLORIDE,57.23,74.4,80,2026-10-20,IN_STOCK
0115-1801,Methylphenidate Hydrochloride Tablet,Central Nervous System Stimulant [EPC],Amneal Pharmaceuticals Of New York Llc,METHYLPHENIDATE HYDROCHLORIDE,47.41,61.63,357,2027-10-31,IN_STOCK
0115-1802,Methylphenidate Hydrochloride Tablet,Central Nervous System Stimulant [EPC],Amneal Pharmaceuticals Of New York Llc,METHYLPHENIDATE HYDROCHLORIDE,38.52,50.08,219,2028-03-04,IN_STOCK
0115-1803,Hydroxyzine Pamoate Capsule,Antihistamine [EPC],Amneal Pharmaceuticals Of New York Llc,Hydroxyzine Pamoate,146.61,190.59,75,2027-08-20,IN_STOCK
0115-1804,Hydroxyzine Pamoate Capsule,Antihistamine [EPC],Amneal Pharmaceuticals Of New York Llc,Hydroxyzine Pamoate,75.28,97.86,330,2028-03-28,IN_STOCK
0115-1864,Colesevelam Hydrochloride For Suspension,Bile Acid Sequestrant [EPC],Amneal Pharmaceuticals Of New York Llc,Colesevelam hydrochloride,17.76,23.09,126,2028-02-25,IN_STOCK
0115-1911,"Rimantadine Hydrochloride Tablet, Film Coated",Influenza A M2 Protein Inhibitor [EPC],Amneal Pharmaceuticals Of New York Llc,Rimantadine Hydrochloride,145.18,188.73,312,2028-09-29,IN_STOCK
0115-2134,Pyridostigmine Bromide Tablet,Cholinesterase Inhibitor [EPC],Amneal Pharmaceuticals Of New York Llc,PYRIDOSTIGMINE BROMIDE,8.12,10.56,151,2028-03-26,IN_STOCK
0115-2611,Terbutaline Sulfate Tablet,General Medicine,Amneal Pharmaceuticals Of New York Llc,TERBUTALINE SULFATE,49.21,63.97,275,2027-11-07,IN_STOCK
0115-2622,Terbutaline Sulfate Tablet,General Medicine,Amneal Pharmaceuticals Of New York Llc,TERBUTALINE SULFATE,112.94,146.82,34,2027-09-21,IN_STOCK
0115-2790,Chloroquine Phosphate Tablet,Antimalarial [EPC],Amneal Pharmaceuticals Of New York Llc,CHLOROQUINE PHOSPHATE,104.23,135.5,206,2028-07-02,IN_STOCK
0115-3511,Pyridostigmine Bromide Tablet,Cholinesterase Inhibitor [EPC],Amneal Pharmaceuticals Of New York Llc,PYRIDOSTIGMINE BROMIDE,48.84,63.49,281,2027-07-10,IN_STOCK
0115-4411,Dantrolene Sodium Capsule,Decreased Striated Muscle Contraction [PE],Amneal Pharmaceuticals Of New York Llc,Dantrolene Sodium,122.72,159.54,345,2027-06-21,IN_STOCK
0115-4422,Dantrolene Sodium Capsule,Decreased Striated Muscle Contraction [PE],Amneal Pharmaceuticals Of New York Llc,Dantrolene Sodium,132.41,172.13,40,2028-04-21,IN_STOCK
0115-4433,Dantrolene Sodium Capsule,Decreased Striated Muscle Contraction [PE],Amneal Pharmaceuticals Of New York Llc,Dantrolene Sodium,142.62,185.41,140,2027-03-05,IN_STOCK
0115-5211,"Colestipol Hydrochloride Tablet, Film Coated",Bile Acid Sequestrant [EPC],Amneal Pharmaceuticals Of New York Llc,COLESTIPOL HYDROCHLORIDE,54.56,70.93,226,2028-08-03,IN_STOCK
0115-5212,Colestipol Hydrochloride Suspension,Bile Acid Sequestrant [EPC],Amneal Pharmaceuticals Of New York Llc,COLESTIPOL HYDROCHLORIDE,24.9,32.37,398,2027-10-27,IN_STOCK
0115-5213,Colestipol Hydrochloride Suspension,Bile Acid Sequestrant [EPC],Amneal Pharmaceuticals Of New York Llc,COLESTIPOL HYDROCHLORIDE,80.5,104.65,372,2028-06-19,IN_STOCK
0115-5445,"Bupropion Hydrochloride Tablet, Film Coated, Extended Release",Aminoketone [EPC],Amneal Pharmaceuticals Of New York Llc,BUPROPION HYDROCHLORIDE,131.54,171.0,376,2027-05-21,IN_STOCK
0115-5511,Fenofibrate Tablet,Peroxisome Proliferator Receptor alpha Agonist [EP,Amneal Pharmaceuticals Of New York Llc,FENOFIBRATE,65.51,85.16,318,2027-03-06,IN_STOCK
0115-5522,Fenofibrate Tablet,Peroxisome Proliferator Receptor alpha Agonist [EP,Amneal Pharmaceuticals Of New York Llc,FENOFIBRATE,66.84,86.89,184,2028-06-11,IN_STOCK
0115-6811,"Bupropion Hydrochloride Tablet, Film Coated, Extended Release",Aminoketone [EPC],Amneal Pharmaceuticals Of New York Llc,BUPROPION HYDROCHLORIDE,52.75,68.58,302,2027-02-12,IN_STOCK
0115-7010,Chloroquine Phosphate Tablet,Antimalarial [EPC],Amneal Pharmaceuticals Of New York Llc,CHLOROQUINE PHOSPHATE,34.98,45.47,95,2028-05-17,IN_STOCK
0115-7033,Fludrocortisone Acetate Tablet,General Medicine,Amneal Pharmaceuticals Of New York Llc,FLUDROCORTISONE ACETATE,83.5,108.55,128,2027-02-19,IN_STOCK
0115-7037,Methitest Tablet,Androgen Receptor Agonists [MoA],Amneal Pharmaceuticals Of New York Llc,METHYLTESTOSTERONE,49.8,64.74,386,2028-03-20,IN_STOCK
0115-8211,Tamsulosin Hydrochloride Capsule,Adrenergic alpha-Antagonists [MoA],Amneal Pharmaceuticals Of New York Llc,TAMSULOSIN HYDROCHLORIDE,136.89,177.96,245,2028-11-27,IN_STOCK
0115-9811,Digoxin Tablet,Cardiac Glycoside [EPC],Amneal Pharmaceuticals Of New York Llc,DIGOXIN,26.05,33.87,314,2027-03-11,IN_STOCK
0115-9822,Digoxin Tablet,Cardiac Glycoside [EPC],Amneal Pharmaceuticals Of New York Llc,DIGOXIN,51.04,66.35,310,2028-03-29,IN_STOCK
0115-9918,"Dexmethylphenidate Hydrochloride Capsule, Extended Release",Central Nervous System Stimulant [EPC],Amneal Pharmaceuticals Of New York Llc,Dexmethylphenidate hydrochloride,142.55,185.32,85,2027-04-07,IN_STOCK
0115-9919,"Dexmethylphenidate Hydrochloride Capsule, Extended Release",Central Nervous System Stimulant [EPC],Amneal Pharmaceuticals Of New York Llc,Dexmethylphenidate hydrochloride,51.05,66.36,99,2028-10-14,IN_STOCK
0115-9920,"Dexmethylphenidate Hydrochloride Capsule, Extended Release",Central Nervous System Stimulant [EPC],Amneal Pharmaceuticals Of New York Llc,Dexmethylphenidate hydrochloride,9.28,12.06,188,2027-11-28,IN_STOCK
0115-9921,"Dexmethylphenidate Hydrochloride Capsule, Extended Release",Central Nervous System Stimulant [EPC],Amneal Pharmaceuticals Of New York Llc,Dexmethylphenidate hydrochloride,144.37,187.68,180,2027-12-28,IN_STOCK
0115-9922,"Dexmethylphenidate Hydrochloride Capsule, Extended Release",Central Nervous System Stimulant [EPC],Amneal Pharmaceuticals Of New York Llc,Dexmethylphenidate hydrochloride,113.11,147.04,351,2028-10-26,IN_STOCK
0115-9927,"Dextroamphetamine Sulfate Capsule, Extended Release",Central Nervous System Stimulant [EPC],Amneal Pharmaceuticals Of New York Llc,Dextroamphetamine Sulfate,44.7,58.11,121,2027-01-18,IN_STOCK
0115-9928,"Dextroamphetamine Sulfate Capsule, Extended Release",Central Nervous System Stimulant [EPC],Amneal Pharmaceuticals Of New York Llc,Dextroamphetamine Sulfate,24.07,31.29,38,2028-11-19,IN_STOCK
0115-9929,"Dextroamphetamine Sulfate Capsule, Extended Release",Central Nervous System Stimulant [EPC],Amneal Pharmaceuticals Of New York Llc,Dextroamphetamine Sulfate,147.96,192.35,340,2027-07-01,IN_STOCK
0115-9930,Levalbuterol Solution,Adrenergic beta2-Agonists [MoA],Amneal Pharmaceuticals Of New York Llc,Levalbuterol Hydrochloride,92.81,120.65,338,2027-05-25,IN_STOCK
0115-9931,Levalbuterol Solution,Adrenergic beta2-Agonists [MoA],Amneal Pharmaceuticals Of New York Llc,Levalbuterol Hydrochloride,91.47,118.91,143,2028-09-03,IN_STOCK
0115-9932,Levalbuterol Solution,Adrenergic beta2-Agonists [MoA],Amneal Pharmaceuticals Of New York Llc,Levalbuterol Hydrochloride,8.78,11.41,65,2028-09-04,IN_STOCK
0115-9939,"Lamotrigine Tablet, Orally Disintegrating",Anti-epileptic Agent [EPC],Amneal Pharmaceuticals Of New York Llc,LAMOTRIGINE,118.07,153.49,93,2028-02-27,IN_STOCK
0115-9940,"Lamotrigine Tablet, Orally Disintegrating",Anti-epileptic Agent [EPC],Amneal Pharmaceuticals Of New York Llc,LAMOTRIGINE,127.69,166.0,265,2028-09-29,IN_STOCK
0115-9941,"Lamotrigine Tablet, Orally Disintegrating",Anti-epileptic Agent [EPC],Amneal Pharmaceuticals Of New York Llc,LAMOTRIGINE,99.19,128.95,119,2027-11-01,IN_STOCK
0115-9942,"Lamotrigine Tablet, Orally Disintegrating",Anti-epileptic Agent [EPC],Amneal Pharmaceuticals Of New York Llc,LAMOTRIGINE,76.26,99.14,95,2027-03-17,IN_STOCK
0116-0003,Chlorhexidine Gluconate 0.12% Oral Rinse Liquid,Decreased Cell Wall Integrity [PE],"Xttrium Laboratories, Inc.",CHLORHEXIDINE GLUCONATE,33.02,42.93,41,2027-11-23,IN_STOCK
0116-0038,Bactoshield Chg Solution,Decreased Cell Wall Integrity [PE],"Xttrium Laboratories, Inc.",Chlorhexidine Gluconate 2%,115.86,150.62,32,2027-07-04,IN_STOCK
0116-0039,Bactoshield Chg Solution,Decreased Cell Wall Integrity [PE],"Xttrium Laboratories, Inc.",Chlorhexidine Gluconate 4%,142.78,185.61,138,2028-10-30,IN_STOCK
0116-0061,Cardinal Health Liquid,Decreased Cell Wall Integrity [PE],"Xttrium Laboratories, Inc.",CHLORHEXIDINE GLUCONATE 4%,102.34,133.04,128,2028-11-14,IN_STOCK
0116-0101,Chlorhexidine Gluconate Liquid,Decreased Cell Wall Integrity [PE],"Xttrium Laboratories, Inc.",Chlorhexidine Gluconate,34.66,45.06,115,2027-12-24,IN_STOCK
0116-0137,Antiseptic Skin Cleanser Liquid,Decreased Cell Wall Integrity [PE],"Xttrium Laboratories, Inc.",Chlorhexidine Gluconate 4%,130.73,169.95,275,2028-09-04,IN_STOCK
0116-0161,Antiseptic Skin Cleanser Liquid,Decreased Cell Wall Integrity [PE],"Xttrium Laboratories, Inc.",Chlorhexidine Gluconate 4%,52.11,67.74,259,2027-06-10,IN_STOCK
0116-0175,Chlorhexidine Gluconate Rinse,Decreased Cell Wall Integrity [PE],"Xttrium Laboratories, Inc.",Chlorhexidine Gluconate,67.0,87.1,46,2028-06-14,IN_STOCK
0116-0200,Betasept Solution,Decreased Cell Wall Integrity [PE],"Xttrium Laboratories, Inc.",Antiseptic Surgical Scrub,111.62,145.11,219,2028-10-07,IN_STOCK
0116-0301,Chlorhexidine Gluconate Rinse,Decreased Cell Wall Integrity [PE],"Xttrium Laboratories, Inc.",Chlorhexidine Gluconate,50.37,65.48,338,2028-10-30,IN_STOCK
0116-0401,Antiseptic Skin Cleanser Liquid,Decreased Cell Wall Integrity [PE],"Xttrium Laboratories, Inc.",Chlorhexidine Gluconate 4%,87.93,114.31,299,2028-03-21,IN_STOCK
0116-0407,Antiseptic Skin Cleanser Solution,Decreased Cell Wall Integrity [PE],"Xttrium Laboratories, Inc.",CHLORHEXIDINE GLUCONATE,98.0,127.4,385,2028-12-14,IN_STOCK
0116-0767,Antiseptic Skin Cleanser Liquid,Decreased Cell Wall Integrity [PE],"Xttrium Laboratories, Inc.",CHLORHEXIDINE GLUCONATE 4%,10.58,13.75,80,2028-01-06,IN_STOCK
0116-0800,Nupro Chlorhexidine Gluconate Rinse,Decreased Cell Wall Integrity [PE],"Xttrium Laboratories, Inc.",CHLORHEXIDINE GLUCONATE,71.25,92.62,46,2027-06-09,IN_STOCK
0116-0901,Cliniclean Solution,Decreased Cell Wall Integrity [PE],"Xttrium Laboratories, Inc.",CHLORHEXIDINE GLUCONATE 4%,80.21,104.27,227,2028-10-22,IN_STOCK
0116-1021,Dyna-Hex Liquid,Decreased Cell Wall Integrity [PE],"Xttrium Laboratories, Inc.",Chlorhexidine Gluconate,10.69,13.9,223,2028-03-12,IN_STOCK
0116-1022,Dyna-Hex 2 Solution,Decreased Cell Wall Integrity [PE],"Xttrium Laboratories, Inc.",Chlorhexidine Gluconate 2%,115.95,150.74,50,2027-04-13,IN_STOCK
0116-1060,Dyna-Hex 4 Liquid,Decreased Cell Wall Integrity [PE],"Xttrium Laboratories, Inc.",Chlorhexidine Gluconate,47.22,61.39,228,2027-08-08,IN_STOCK
0116-1061,Antiseptic Skin Cleanser Solution,Decreased Cell Wall Integrity [PE],"Xttrium Laboratories, Inc.",Chlorhexidine Gluconate,117.18,152.33,171,2028-01-16,IN_STOCK
0116-1221,Foster And Thrive Solution,Decreased Cell Wall Integrity [PE],"Xttrium Laboratories, Inc.",Chlorhexidine Gluconate 4%,29.14,37.88,175,2028-06-19,IN_STOCK
0116-1344,Bactoshield Chg Solution,Decreased Cell Wall Integrity [PE],"Xttrium Laboratories, Inc.",CHLORHEXIDINE GLUCONATE,138.26,179.74,378,2028-03-13,IN_STOCK
0116-2001,Chlorhexidine Gluconate Rinse,Decreased Cell Wall Integrity [PE],"Xttrium Laboratories, Inc.",Chlorhexidine Gluconate,136.03,176.84,262,2028-07-23,IN_STOCK
0116-3678,Antiseptic Skin Cleanser Liquid,Decreased Cell Wall Integrity [PE],"Xttrium Laboratories, Inc.",Chlorhexidine Gluconate 4%,70.5,91.65,394,2028-02-25,IN_STOCK
0116-4005,Lactulose Solution,Acidifying Activity [MoA],"Xttrium Laboratories, Inc.",Lactulose,21.41,27.83,324,2028-09-12,IN_STOCK
0116-4010,Amantadine Solution,Influenza A M2 Protein Inhibitor [EPC],"Xttrium Laboratories, Inc",Amantadine,84.23,109.5,226,2027-11-28,IN_STOCK
0116-4011,Megestrol Acetate Suspension,Progesterone Congeners [CS],"Xttrium Laboratories, Inc.",Megestrol Acetate,51.9,67.47,37,2027-04-02,IN_STOCK
0116-4021,Valproic Acid Solution,Anti-epileptic Agent [EPC],Xttrium Laboratories Inc.,Valproic Acid,70.78,92.01,389,2027-04-25,IN_STOCK
0116-4023,Promethazine Hydrochloride Syrup,Phenothiazine [EPC],"Xttrium Laboratories, Inc.",promethazine hydrochloride,132.97,172.86,71,2027-06-14,IN_STOCK
0116-4024,Promethazine Hydrochloride And Dextromethorphan Hydrobromide Syrup,Phenothiazine [EPC],"Xttrium Laboratories, Inc",Promethazine Hydrochloride and Dextromethorphan Hydrobromide,51.99,67.59,357,2028-09-28,IN_STOCK
0116-4025,Lidocaine Hydrochloride Solution,Amide Local Anesthetic [EPC],"Xttrium Laboratories, Inc.",Lidocaine Hydrochloride,120.49,156.64,392,2028-10-20,IN_STOCK
0116-4027,Lidocaine Hydrochloride Solution,Amide Local Anesthetic [EPC],"Xttrium Laboratories, Inc.",Lidocaine hydrochloride,22.91,29.78,83,2028-09-23,IN_STOCK
0116-4075,Acclean Chlorhexidine Gluconate 0.12% Oral Rinse Liquid,Decreased Cell Wall Integrity [PE],"Xttrium Laboratories, Inc.",Chlorhexidine Gluconate 0.12% Oral Rinse,70.16,91.21,210,2026-12-27,IN_STOCK
0116-6000,Chlorhexidine Gluconate Rinse,Decreased Cell Wall Integrity [PE],"Xttrium Laboratories, Inc.",Chlorhexidine Gluconate,80.95,105.24,221,2028-10-14,IN_STOCK
0116-6720,Acclean Chlorhexidine Gluconate 0.12% Oral Rinse Liquid,Decreased Cell Wall Integrity [PE],"Xttrium Laboratories, Inc.",Chlorhexidine Gluconate 0.12% Oral Rinse,119.7,155.61,286,2028-06-18,IN_STOCK
0116-8500,Provon Antimicrobial Foam Handwash Solution,Decreased Cell Wall Integrity [PE],"Xttrium Laboratories, Inc.",Chlorhexidine Gluconate 2%,142.71,185.52,218,2028-04-16,IN_STOCK
0121-0431,Milk Of Magnesia Suspension,Calculi Dissolution Agent [EPC],"Pai Holdings, Llc Dba Pai Pharma",Magnesium Hydroxide,60.19,78.25,112,2027-09-09,IN_STOCK
0121-0489,Diphenhydramine Hydrochloride Solution,Histamine H1 Receptor Antagonists [MoA],"Pai Holdings, Llc Dba Pai Pharma",DIPHENHYDRAMINE HYDROCHLORIDE,87.0,113.1,362,2027-03-03,IN_STOCK
0121-0504,Acetaminophen And Codeine Phosphate Solution,Full Opioid Agonists [MoA],"Pai Holdings, Llc Dba Pai Pharma",ACETAMINOPHEN and CODEINE PHOSPHATE,28.51,37.06,99,2027-04-02,IN_STOCK
0121-0531,Phenobarbital Solution,General Medicine,"Pharmaceutical Associates, Inc.",Phenobarbital,116.53,151.49,51,2027-12-04,IN_STOCK
0121-0576,Metoclopramide Solution,Dopamine D2 Antagonists [MoA],"Pai Holdings, Llc Dba Pai Pharma",metoclopramide hydrochloride,49.67,64.57,398,2028-11-26,IN_STOCK
0121-0581,Haloperidol Solution,Typical Antipsychotic [EPC],"Pai Holdings, Llc Dba Pai Pharma",Haloperidol,144.34,187.64,172,2028-07-03,IN_STOCK
0121-0595,Sodium Citrate And Citric Acid Solution,Acidifying Activity [MoA],"Pharmaceutical Associates, Inc.",SODIUM CITRATE and CITRIC ACID MONOHYDRATE,31.2,40.56,92,2027-04-26,IN_STOCK
0121-0638,Guaifenesin Dm Syrup,Decreased Respiratory Secretion Viscosity [PE],"Pai Holdings, Llc Dba Pai Pharma",GUAIFENESIN and DEXTROMETHORPHAN,5.51,7.16,154,2026-10-13,IN_STOCK
0121-0646,Amantadine Hydrochloride Solution,Influenza A M2 Protein Inhibitor [EPC],"Pai Holdings, Llc Dba Pai Pharma",AMANTADINE HYDROCHLORIDE,71.5,92.95,280,2028-04-09,IN_STOCK
0121-0653,"Fluphenazine Hydrochloride Solution, Concentrate",Phenothiazine [EPC],"Pai Holdings, Llc Dba Pai Pharma",Fluphenazine Hydrochloride,122.08,158.7,336,2028-02-18,IN_STOCK
0121-0654,Fluphenazine Hydrochloride Elixir,Phenothiazine [EPC],"Pai Holdings, Llc Dba Pai Pharma",Fluphenazine Hydrochloride,39.49,51.34,326,2028-08-06,IN_STOCK
0121-0657,Acetaminophen Solution,General Medicine,"Pai Holdings, Llc Dba Pai Pharma",Acetaminophen,73.98,96.17,234,2027-12-27,IN_STOCK
0121-0658,Trihexyphenidyl Hydrochloride Solution,General Medicine,"Pai Holdings, Llc Dba Pai Pharma",Trihexyphenidyl Hydrochloride,16.51,21.46,332,2026-10-07,IN_STOCK
0121-0670,Ethosuximide Solution,Anti-epileptic Agent [EPC],"Pai Holdings, Llc Dba Pai Pharma",ETHOSUXIMIDE,40.48,52.62,305,2027-07-12,IN_STOCK
0121-0675,Valproic Acid Solution,Anti-epileptic Agent [EPC],"Pai Holdings, Llc Dba Pai Pharma",VALPROIC ACID,94.87,123.33,310,2027-05-01,IN_STOCK
0121-0676,Potassium Citrate And Citric Acid Solution,Acidifying Activity [MoA],"Pai Holdings, Llc Dba Pai Pharma",Potassium Citrate and Citric Acid Monohydrate,12.09,15.72,100,2026-11-26,IN_STOCK
0121-0677,Tricitrates Solution,Acidifying Activity [MoA],"Pai Holdings, Llc Dba Pai Pharma","POTASSIUM CITRATE, SODIUM CITRATE, and CITRIC ACID MONOHYDRATE",99.73,129.65,43,2027-02-26,IN_STOCK
0121-0678,Nortriptyline Hydrochloride Solution,Tricyclic Antidepressant [EPC],"Pai Holdings, Llc Dba Pai Pharma",Nortriptyline Hydrochloride,128.81,167.45,366,2028-05-14,IN_STOCK
0121-0721,Fluoxetine Solution,Serotonin Reuptake Inhibitor [EPC],"Pai Holdings, Llc Dba Pai Pharma",FLUOXETINE HYDROCHLORIDE,126.51,164.46,177,2027-09-05,IN_STOCK
0121-0727,Ranitidine Syrup,Histamine H2 Receptor Antagonists [MoA],"Pharmaceutical Associates, Inc.",RANITIDINE,138.46,180.0,50,2027-01-20,IN_STOCK
0121-0744,Guaifenesin Solution,Decreased Respiratory Secretion Viscosity [PE],"Pai Holdings, Llc Dba Pai Pharma",GUAIFENESIN,65.46,85.1,116,2027-03-15,IN_STOCK
0121-0759,Prednisolone Sodium Phosphate Solution,Corticosteroid Hormone Receptor Agonists [MoA],"Pai Holdings, Llc Dba Pai Pharma",Prednisolone Sodium Phosphate,102.45,133.19,337,2028-08-07,IN_STOCK
0121-0766,Calcium Carbonate Suspension,Blood Coagulation Factor [EPC],"Pai Holdings, Llc Dba Pai Pharma",Calcium Carbonate,105.27,136.85,329,2028-05-09,IN_STOCK
0121-0770,Lorazepam Liquid,Benzodiazepine [EPC],"Pharmaceutical Associates, Inc.",Lorazepam,119.16,154.91,115,2028-01-10,IN_STOCK
0121-0773,Prednisolone Sodium Phosphate Solution,Corticosteroid Hormone Receptor Agonists [MoA],"Pai Holdings, Llc Dba Pai Pharma",Prednisolone Sodium Phosphate,113.65,147.75,209,2026-11-06,IN_STOCK
0121-0775,Guaifenesin And Codeine Phosphate Solution,Decreased Respiratory Secretion Viscosity [PE],"Pai Holdings, Llc",Guaifenesin and Codeine Phosphate,18.5,24.05,178,2027-08-27,IN_STOCK
0121-0777,Prednisolone Sodium Phosphate Solution,Corticosteroid Hormone Receptor Agonists [MoA],"Pai Holdings, Llc Dba Pai Pharma",Prednisolone Sodium Phosphate,58.44,75.97,219,2026-12-09,IN_STOCK
0121-0799,Levetiracetam Solution,Decreased Central Nervous System Disorganized Elec,"Pai Holdings, Llc Dba Pai Pharma",LEVETIRACETAM,114.97,149.46,306,2026-12-06,IN_STOCK
0121-0810,Nystatin Suspension,Polyene Antifungal [EPC],"Pharmaceutical Associates, Inc.",NYSTATIN,47.46,61.7,93,2027-02-02,IN_STOCK
0121-0820,Theophylline Solution,Methylxanthine [EPC],"Pai Holdings, Llc Dba Pai Pharma",THEOPHYLLINE,105.72,137.44,165,2027-09-03,IN_STOCK
0121-0827,Oxycodone Hydrochloride Solution,Full Opioid Agonists [MoA],"Pai Holdings, Llc Dba Pai Pharma",OXYCODONE HYDROCHLORIDE,81.42,105.85,293,2027-05-03,IN_STOCK
0121-0833,Childrens Ibuprofen Oral Suspension Suspension,Anti-Inflammatory Agents,"Pai Holdings, Llc Dba Pai Pharma",Ibuprofen,105.9,137.67,338,2026-11-29,IN_STOCK
0121-0853,Sulfamethoxazole And Trimethoprim Suspension,Cytochrome P450 2C8 Inhibitors [MoA],"Pai Holdings, Llc Dba Pai Pharma",Sulfamethoxazole and Trimethoprim,20.85,27.11,398,2028-07-06,IN_STOCK
0121-0854,Sulfatrim Suspension,Cytochrome P450 2C8 Inhibitors [MoA],"Pai Holdings, Llc Dba Pai Pharma",Sulfamethoxazole and Trimethoprim,81.7,106.21,69,2028-02-08,IN_STOCK
0121-0865,Diphenhydramine Hcl Solution,Histamine H1 Receptor Antagonists [MoA],"Pai Holdings, Llc Dba Pai Pharma",diphenhydramine hydrochloride,109.99,142.99,334,2028-12-16,IN_STOCK
0121-0868,Nystatin Suspension,Polyene Antifungal [EPC],"Pai Holdings, Llc Dba Pai Pharma",NYSTATIN,148.01,192.41,172,2027-12-12,IN_STOCK
0121-0873,Lactulose Solution,Acidifying Activity [MoA],"Pai Holdings, Llc Dba Pai Pharma",Lactulose,93.28,121.26,187,2027-06-23,IN_STOCK
0121-0874,Cetirizine Hydrochloride Solution,Histamine H1 Receptor Antagonists [MoA],"Pai Holdings, Llc Dba Pai Pharma",Cetirizine Hydrochloride,81.18,105.53,344,2027-09-28,IN_STOCK
0121-0885,Prednisolone Solution,Corticosteroid Hormone Receptor Agonists [MoA],"Pai Holdings, Llc Dba Pai Pharma",Prednisolone,139.43,181.26,339,2028-04-29,IN_STOCK
0121-0892,Phenytoin Suspension,Anti-epileptic Agent [EPC],"Pai Holdings, Llc Dba Pai Pharma",Phenytoin,76.98,100.07,398,2028-07-09,IN_STOCK
0121-0893,Chlorhexidine Gluconate Rinse,Decreased Cell Wall Integrity [PE],"Pai Holdings, Llc Dba Pai Pharma",CHLORHEXIDINE GLUCONATE,77.17,100.32,117,2028-06-16,IN_STOCK
0121-0904,Morphine Sulfate Solution,Full Opioid Agonists [MoA],"Pai Holdings, Llc Dba Pai Pharma",Morphine Sulfate,38.74,50.36,173,2027-04-17,IN_STOCK
0121-0905,Diazepam Solution,Benzodiazepine [EPC],"Pharmaceutical Associates, Inc.",Diazepam,5.23,6.8,37,2028-01-20,IN_STOCK
0121-0908,Propranolol Hydrochloride Solution,Adrenergic beta-Antagonists [MoA],"Pharmaceutical Associates, Inc.",Propranolol Hydrochloride,95.69,124.4,85,2028-10-25,IN_STOCK
0121-0914,Childrens Ibuprofen Oral Suspension Suspension,Anti-Inflammatory Agents,"Pharmaceutical Associates, Inc.",Ibuprofen,127.97,166.36,340,2027-11-29,IN_STOCK
0121-0933,"Brompheniramine Maleate, Pseudoephedrine Hydrochloride And Dextromethorphan Hydrobromide Solution",Adrenergic alpha-Agonists [MoA],"Pai Holdings, Llc Dba Pai Pharma","Brompheniramine Maleate, Pseudoephedrine Hydrochloride, and Dextromethorphan Hydrobromide",65.04,84.55,195,2027-09-24,IN_STOCK
0121-0935,Docusate Sodium Liquid,General Medicine,"Pai Holdings, Llc Dba Pai Pharma",Docusate Sodium,86.26,112.14,351,2027-05-06,IN_STOCK
0121-0940,Milk Of Magnesia Concentrate Suspension,Calculi Dissolution Agent [EPC],"Pai Holdings, Llc Dba Pai Pharma",MAGNESIUM HYDROXIDE,6.64,8.63,128,2028-09-06,IN_STOCK
0121-0941,Acetaminophen Suspension,General Medicine,"Pai Holdings, Llc Dba Pai Pharma",Acetaminophen,45.84,59.59,59,2027-08-12,IN_STOCK
0121-0942,Phenobarbital Oral Solution Solution,General Medicine,"Pai Holdings, Llc Dba Pai Pharma",Phenobarbital Oral,48.54,63.1,306,2027-08-28,IN_STOCK
0121-0945,Megestrol Acetate Suspension,Progesterone Congeners [CS],"Pai Holdings, Llc Dba Pai Pharma",Megestrol Acetate,116.22,151.09,83,2028-09-02,IN_STOCK
0121-0948,Potassium Chloride Solution,Increased Large Intestinal Motility [PE],"Pai Holdings, Llc Dba Pai Pharma",POTASSIUM CHLORIDE,53.33,69.33,227,2028-10-11,IN_STOCK
0121-0950,Lidocaine Hydrochloride Solution,Amide Local Anesthetic [EPC],"Pai Holdings, Llc Dba Pai Pharma",Lidocaine Hydrochloride,87.49,113.74,39,2027-03-29,IN_STOCK
0121-0956,Atovaquone Suspension,Antimalarial [EPC],"Pai Holdings, Llc Dba Pai Pharma",Atovaquone,33.13,43.07,198,2028-08-19,IN_STOCK
0121-0965,"Lactulose Powder, For Solution",Acidifying Activity [MoA],"Pai Holdings, Llc Dba Pai Pharma",Lactulose,74.47,96.81,267,2028-12-25,IN_STOCK
0121-0966,Dye Free Childrens Acetaminophen Suspension,General Medicine,"Pai Holdings, Llc Dba Pai Pharma",Acetaminophen,10.16,13.21,94,2028-02-06,IN_STOCK
0121-0970,Lidocaine Pain Relief Patch,Amide Local Anesthetic [EPC],"Pai Holdings, Llc Dba Pai Pharma",Lidocaine Pain Relief,27.53,35.79,260,2028-04-02,IN_STOCK
0121-0972,Lidocaine Hydrochloride Solution,Amide Local Anesthetic [EPC],"Pai Holdings, Llc Dba Pai Pharma",Lidocaine Hydrochloride,134.91,175.38,261,2028-12-11,IN_STOCK
0121-0974,Sucralfate Suspension,Aluminum Complex [EPC],"Pai Holdings, Llc Dba Pai Pharma",Sucralfate,123.05,159.97,53,2028-03-17,IN_STOCK
0121-0976,"Cefotan Injection, Powder, For Solution",Cephalosporin Antibacterial [EPC],"Pai Holdings, Llc Dba Pai Pharma",Cefotetan,48.4,62.92,396,2028-08-25,IN_STOCK
0121-0977,"Cefotan Injection, Powder, For Solution",Cephalosporin Antibacterial [EPC],"Pai Holdings, Llc Dba Pai Pharma",Cefotetan,50.75,65.98,299,2026-10-20,IN_STOCK
0121-0978,Diphenhydramine Hydrochloride Solution,Histamine H1 Receptor Antagonists [MoA],"Pai Holdings, Llc Dba Pai Pharma",DIPHENHYDRAMINE HYDROCHLORIDE,35.2,45.76,375,2027-09-05,IN_STOCK
0121-1008,Acetaminophen And Codeine Phosphate Solution,Full Opioid Agonists [MoA],"Pai Holdings, Llc Dba Pai Pharma",ACETAMINOPHEN and CODEINE PHOSPHATE,120.93,157.21,206,2026-12-07,IN_STOCK
0121-1012,Lacosamide Solution,Decreased Central Nervous System Disorganized Elec,"Pai Holdings, Llc Dba Pai Pharma",Lacosamide,145.59,189.27,168,2026-11-01,IN_STOCK
0121-1016,Atovaquone Suspension,Antimalarial [EPC],"Pai Holdings, Llc Dba Pai Pharma",Atovaquone,54.18,70.43,217,2028-07-03,IN_STOCK
0121-1018,Buprenorphine And Naloxone Tablet,Opioid Antagonist [EPC],"Pai Holdings, Llc Dba Pai Pharma",buprenorphine hydrochloride and naloxone hydrochloride,82.47,107.21,109,2028-05-07,IN_STOCK
0121-1019,Buprenorphine Hydrochloride Tablet,Partial Opioid Agonist [EPC],"Pai Holdings, Llc Dba Pai Pharma",buprenorphine hydrochloride,92.82,120.67,120,2028-06-01,IN_STOCK
0121-1022,Dye Free Childrens Ibuprofen Suspension,Anti-Inflammatory Agents,"Pai Holdings, Llc Dba Pai Pharma",Ibuprofen,21.94,28.52,182,2028-09-22,IN_STOCK
0121-1025,Cimetidine Hydrochloride Solution,Histamine H2 Receptor Antagonists [MoA],"Pai Holdings, Llc Dba Pai Pharma",Cimetidine Hydrochloride,129.38,168.19,388,2026-11-02,IN_STOCK
0121-1034,Hydroxyzine Hydrochloride Solution,Antihistamine [EPC],"Pai Holdings, Llc Dba Pai Pharma",hydroxyzine hydrochloride,44.37,57.68,69,2028-02-21,IN_STOCK
0121-1035,Lincomycin Injection,General Medicine,"Pai Holdings, Llc Dba Pai Pharma",Lincomycin Hydrochloride,132.17,171.82,215,2028-01-06,IN_STOCK
0121-1036,Hydrocodone Bitartrate And Homatropine Methylbromide Solution,Opioid Agonist [EPC],"Pai Holdings, Llc Dba Pai Pharma",Hydrocodone Bitartrate and Homatropine Methylbromide,125.27,162.85,179,2027-05-10,IN_STOCK
0121-1038,Megestrol Acetate Suspension,Progesterone Congeners [CS],"Pai Holdings, Llc Dba Pai Pharma",Megestrol Acetate,81.14,105.48,114,2027-01-23,IN_STOCK
0121-1047,Acetaminophen Solution,General Medicine,"Pai Holdings, Llc Dba Pai Pharma",Acetaminophen,59.26,77.04,44,2028-12-05,IN_STOCK
0121-1067,Gabapentin Solution,Decreased Central Nervous System Disorganized Elec,"Pai Holdings, Llc Dba Pai Pharma",Gabapentin,34.3,44.59,72,2027-12-29,IN_STOCK
0121-1070,Promethazine Dm Solution,Phenothiazine [EPC],"Pai Holdings, Llc Dba Pai Pharma",Promethazine Hydrochloride and Dextromethorphan Hydrobromide,78.37,101.88,272,2028-02-25,IN_STOCK
0121-1072,"Olanzapine Injection, Powder, For Solution",Atypical Antipsychotic [EPC],"Pai Holdings, Llc Dba Pai Pharma",Olanzapine,27.34,35.54,199,2028-02-08,IN_STOCK
0121-1154,Lactulose Solution,Acidifying Activity [MoA],"Pai Holdings, Llc Dba Pai Pharma",LACTULOSE,111.2,144.56,293,2027-08-14,IN_STOCK
0121-1190,Sodium Citrate And Citric Acid Solution,Acidifying Activity [MoA],"Pharmaceutical Associates, Inc.",SODIUM CITRATE and CITRIC ACID MONOHYDRATE,117.45,152.69,98,2028-11-26,IN_STOCK
0121-1276,Guaifenesin Dm Syrup,Decreased Respiratory Secretion Viscosity [PE],"Pai Holdings, Llc Dba Pai Pharma",GUAIFENESIN and DEXTROMETHORPHAN,131.41,170.83,289,2028-08-23,IN_STOCK
0121-1314,Acetaminophen Solution,General Medicine,"Pai Holdings, Llc Dba Pai Pharma",Acetaminophen,148.94,193.62,130,2028-10-11,IN_STOCK
0121-1350,Valproic Acid Solution,Anti-epileptic Agent [EPC],"Pai Holdings, Llc Dba Pai Pharma",VALPROIC ACID,10.3,13.39,223,2028-09-30,IN_STOCK
0121-1488,Guaifenesin Solution,Decreased Respiratory Secretion Viscosity [PE],"Pai Holdings, Llc Dba Pai Pharma",GUAIFENESIN,130.4,169.52,84,2026-10-05,IN_STOCK
0121-1544,Hydrocodone Bitartrate And Acetaminophen Solution,Opioid Agonist [EPC],"Pai Holdings, Llc Dba Pai Pharma",HYDROCODONE BITARTRATE and ACETAMINOPHEN,50.09,65.12,47,2028-09-03,IN_STOCK
0121-1550,Guaifenesin And Codeine Phosphate Solution,Decreased Respiratory Secretion Viscosity [PE],"Pai Holdings, Llc",Guaifenesin and Codeine Phosphate,127.98,166.37,69,2027-09-07,IN_STOCK
0121-1576,Metoclopramide Solution,Dopamine D2 Antagonists [MoA],"Pai Holdings, Llc Dba Pai Pharma",metoclopramide hydrochloride,72.7,94.51,48,2027-01-14,IN_STOCK
0121-1598,Levetiracetam Solution,Decreased Central Nervous System Disorganized Elec,"Pai Holdings, Llc Dba Pai Pharma",LEVETIRACETAM,80.48,104.62,362,2028-11-02,IN_STOCK
0121-1666,Childrens Ibuprofen Oral Suspension Suspension,Anti-Inflammatory Agents,"Pai Holdings, Llc Dba Pai Pharma",Ibuprofen,50.31,65.4,320,2028-11-15,IN_STOCK
0121-1730,Diphenhydramine Hcl Solution,Histamine H1 Receptor Antagonists [MoA],"Pai Holdings, Llc Dba Pai Pharma",diphenhydramine hydrochloride,50.26,65.34,132,2027-08-25,IN_STOCK
0121-1744,Guaifenesin Solution,Decreased Respiratory Secretion Viscosity [PE],"Pai Holdings, Llc Dba Pai Pharma",GUAIFENESIN,34.08,44.3,171,2027-07-11,IN_STOCK
0121-1746,Lactulose Solution,Acidifying Activity [MoA],"Pai Holdings, Llc Dba Pai Pharma",LACTULOSE,82.18,106.83,250,2028-08-18,IN_STOCK
0121-1760,Mag-Al Liquid Suspension,Calculi Dissolution Agent [EPC],"Pai Holdings, Llc",Aluminum Hydroxide and Magnesium Hydroxide,22.06,28.68,101,2027-03-11,IN_STOCK
0121-1761,Mag-Al Plus Suspension,Calculi Dissolution Agent [EPC],"Pai Holdings, Llc Dba Pai Pharma","Aluminum Hydroxide, Magnesium Hydroxide, and Simethicone",44.68,58.08,32,2028-06-29,IN_STOCK
0121-1762,Mag-Al Plus Suspension,Calculi Dissolution Agent [EPC],"Pai Holdings, Llc Dba Pai Pharma","Aluminum Hydroxide, Magnesium Hydroxide, and Dimethicone",86.15,112.0,77,2027-04-30,IN_STOCK
0121-1775,Guaifenesin And Codeine Phosphate Solution,Decreased Respiratory Secretion Viscosity [PE],"Pai Holdings, Llc",Guaifenesin and Codeine Phosphate,83.67,108.77,306,2027-08-23,IN_STOCK
0121-1781,Childrens Acetaminophen Suspension,General Medicine,"Pai Holdings, Llc Dba Pai Pharma",Acetaminophen,44.3,57.59,385,2027-07-18,IN_STOCK
0121-1828,Childrens Ibuprofen Oral Suspension Suspension,Anti-Inflammatory Agents,"Pharmaceutical Associates, Inc.",Ibuprofen,88.24,114.71,112,2026-12-12,IN_STOCK
0121-1854,Promethazine Hydrochloride Solution,Phenothiazine [EPC],"Pai Holdings, Llc Dba Pai Pharma",Promethazine Hydrochloride,50.15,65.2,198,2028-04-06,IN_STOCK
0121-1870,Docusate Sodium Liquid,General Medicine,"Pai Holdings, Llc Dba Pai Pharma",Docusate Sodium,69.33,90.13,91,2026-10-30,IN_STOCK
0121-1882,Acetaminophen Suspension,General Medicine,"Pai Holdings, Llc Dba Pai Pharma",Acetaminophen,73.26,95.24,370,2026-11-21,IN_STOCK
0121-1884,Phenobarbital Oral Solution Solution,General Medicine,"Pai Holdings, Llc Dba Pai Pharma",Phenobarbital Oral,20.36,26.47,52,2026-12-28,IN_STOCK
0121-1896,Potassium Chloride Solution,Increased Large Intestinal Motility [PE],"Pai Holdings, Llc Dba Pai Pharma",POTASSIUM CHLORIDE,66.84,86.89,116,2028-09-21,IN_STOCK
0121-1930,"Lactulose Powder, For Solution",Acidifying Activity [MoA],"Pai Holdings, Llc Dba Pai Pharma",Lactulose,91.44,118.87,328,2028-07-06,IN_STOCK
0121-1971,Acetaminophen Solution,General Medicine,"Pai Holdings, Llc Dba Pai Pharma",Acetaminophen,126.25,164.12,383,2027-12-31,IN_STOCK
0121-2024,Lacosamide Solution,Decreased Central Nervous System Disorganized Elec,"Pai Holdings, Llc Dba Pai Pharma",Lacosamide,94.37,122.68,184,2027-09-06,IN_STOCK
0121-2036,Buprenorphine And Naloxone Tablet,Opioid Antagonist [EPC],"Pai Holdings, Llc Dba Pai Pharma",buprenorphine hydrochloride and naloxone hydrochloride,123.53,160.59,390,2028-11-15,IN_STOCK
0121-2038,Buprenorphine Hydrochloride Tablet,Partial Opioid Agonist [EPC],"Pai Holdings, Llc Dba Pai Pharma",buprenorphine hydrochloride,102.28,132.96,298,2026-12-20,IN_STOCK
0121-2044,Dye Free Childrens Ibuprofen Suspension,Anti-Inflammatory Agents,"Pai Holdings, Llc Dba Pai Pharma",Ibuprofen,146.18,190.03,263,2028-05-04,IN_STOCK
0121-2094,Acetaminophen Solution,General Medicine,"Pai Holdings, Llc Dba Pai Pharma",Acetaminophen,24.11,31.34,382,2028-01-23,IN_STOCK
0121-2106,Leuprolide Acetate Kit,General Medicine,"Pai Holdings, Llc Dba Pai Pharma",leuprolide acetate,19.1,24.83,183,2028-08-31,IN_STOCK
0121-2134,Gabapentin Solution,Decreased Central Nervous System Disorganized Elec,"Pai Holdings, Llc Dba Pai Pharma",Gabapentin,98.44,127.97,263,2028-01-25,IN_STOCK
0121-2232,Guaifenesin Solution,Decreased Respiratory Secretion Viscosity [PE],"Pai Holdings, Llc Dba Pai Pharma",GUAIFENESIN,38.6,50.18,139,2027-02-25,IN_STOCK
0121-2316,Hydrocodone Bitartrate And Acetaminophen Solution,Opioid Agonist [EPC],"Pai Holdings, Llc Dba Pai Pharma",HYDROCODONE BITARTRATE and ACETAMINOPHEN,129.86,168.82,340,2027-06-22,IN_STOCK
0121-2397,Levetiracetam Solution,Decreased Central Nervous System Disorganized Elec,"Pai Holdings, Llc Dba Pai Pharma",LEVETIRACETAM,137.36,178.57,225,2027-04-06,IN_STOCK
0121-2823,Acetaminophen Suspension,General Medicine,"Pai Holdings, Llc Dba Pai Pharma",Acetaminophen,106.44,138.37,365,2027-09-04,IN_STOCK
0121-2826,Phenobarbital Oral Solution Solution,General Medicine,"Pai Holdings, Llc Dba Pai Pharma",Phenobarbital Oral,119.37,155.18,191,2028-01-08,IN_STOCK
0121-2847,Potassium Chloride Solution,Increased Large Intestinal Motility [PE],"Pai Holdings, Llc Dba Pai Pharma",POTASSIUM CHLORIDE,75.69,98.4,58,2028-01-30,IN_STOCK
0121-3036,Lacosamide Solution,Decreased Central Nervous System Disorganized Elec,"Pai Holdings, Llc Dba Pai Pharma",Lacosamide,21.37,27.78,270,2028-01-16,IN_STOCK
0121-3141,Acetaminophen Solution,General Medicine,"Pai Holdings, Llc Dba Pai Pharma",Acetaminophen,127.64,165.93,169,2028-11-25,IN_STOCK
0121-4048,Lacosamide Solution,Decreased Central Nervous System Disorganized Elec,"Pai Holdings, Llc Dba Pai Pharma",Lacosamide,55.55,72.22,319,2027-02-08,IN_STOCK
0121-4067,Gabapentin Solution,Decreased Central Nervous System Disorganized Elec,"Pai Holdings, Llc Dba Pai Pharma",Gabapentin,78.65,102.25,232,2028-10-01,IN_STOCK
0121-4577,Lactulose Solution,Acidifying Activity [MoA],"Pai Holdings, Llc Dba Pai Pharma",LACTULOSE,120.53,156.69,191,2028-04-22,IN_STOCK
0121-4675,Valproic Acid Solution,Anti-epileptic Agent [EPC],"Pai Holdings, Llc Dba Pai Pharma",VALPROIC ACID,99.17,128.92,179,2028-03-29,IN_STOCK
0121-4721,Fluoxetine Solution,Serotonin Reuptake Inhibitor [EPC],"Pai Holdings, Llc Dba Pai Pharma",FLUOXETINE HYDROCHLORIDE,71.84,93.39,327,2027-11-28,IN_STOCK
0121-4727,Ranitidine Syrup,Histamine H2 Receptor Antagonists [MoA],"Pharmaceutical Associates, Inc.",RANITIDINE,39.59,51.47,149,2028-04-14,IN_STOCK
0121-4759,Prednisolone Sodium Phosphate Solution,Corticosteroid Hormone Receptor Agonists [MoA],"Pai Holdings, Llc Dba Pai Pharma",Prednisolone Sodium Phosphate,28.06,36.48,271,2027-10-29,IN_STOCK
0121-4766,Calcium Carbonate Suspension,Blood Coagulation Factor [EPC],"Pai Holdings, Llc Dba Pai Pharma",Calcium Carbonate,14.58,18.95,131,2028-09-10,IN_STOCK
0121-4772,Hydrocodone Bitartrate And Acetaminophen Solution,Opioid Agonist [EPC],"Pai Holdings, Llc Dba Pai Pharma",HYDROCODONE BITARTRATE and ACETAMINOPHEN,90.69,117.9,247,2028-05-03,IN_STOCK
0121-4799,Levetiracetam Solution,Decreased Central Nervous System Disorganized Elec,"Pai Holdings, Llc Dba Pai Pharma",LEVETIRACETAM,119.16,154.91,303,2028-09-10,IN_STOCK
0121-4810,Nystatin Suspension,Polyene Antifungal [EPC],"Pharmaceutical Associates, Inc.",NYSTATIN,39.24,51.01,364,2028-08-16,IN_STOCK
0121-4820,Theophylline Solution,Methylxanthine [EPC],"Pai Holdings, Llc Dba Pai Pharma",THEOPHYLLINE,16.29,21.18,389,2028-05-10,IN_STOCK
0121-4827,Oxycodone Hydrochloride Solution,Full Opioid Agonists [MoA],"Pai Holdings, Llc Dba Pai Pharma",OXYCODONE HYDROCHLORIDE,126.33,164.23,83,2028-05-29,IN_STOCK
0121-4948,Potassium Chloride Solution,Increased Large Intestinal Motility [PE],"Pai Holdings, Llc Dba Pai Pharma",POTASSIUM CHLORIDE,91.43,118.86,191,2028-04-21,IN_STOCK
0121-4950,Lidocaine Hydrochloride Solution,Amide Local Anesthetic [EPC],"Pai Holdings, Llc Dba Pai Pharma",Lidocaine Hydrochloride,19.16,24.91,252,2027-03-30,IN_STOCK
0121-4955,Morphine Sulfate Solution,Full Opioid Agonists [MoA],"Pai Holdings, Llc Dba Pai Pharma",MORPHINE SULFATE,49.67,64.57,232,2026-12-11,IN_STOCK
0121-4967,Senna Liquid,General Medicine,"Pai Holdings, Llc Dba Pai Pharma",sennosides,91.75,119.28,375,2028-06-02,IN_STOCK
0126-0016,"Prevident Gel, Dentifrice",General Medicine,"Colgate Oral Pharmaceuticals, Inc.",Sodium fluoride,116.84,151.89,219,2027-09-01,IN_STOCK
0126-0022,"Prevident 5000 Enamel Protect Gel, Dentifrice",General Medicine,"Colgate Oral Pharmaceuticals, Inc.",SODIUM FLUORIDE and POTASSIUM NITRATE,76.67,99.67,363,2026-12-02,IN_STOCK
0126-0032,Colgate Phos-Flur Ortho Defense Alcohol Free Anticavity Mint Fluoride Rinse,General Medicine,"Colgate Oral Pharmaceuticals, Inc.",SODIUM FLUORIDE,18.13,23.57,96,2028-05-17,IN_STOCK
0126-0033,Prevident Alcohol Free Mouthwash,General Medicine,"Colgate Oral Pharmaceuticals, Inc.",Sodium Fluoride,135.97,176.76,350,2026-10-01,IN_STOCK
0126-0034,Colgate Phos-Flur Ortho Defense Alcohol Free Anticavity Gushing Grape Fluoride Rinse,General Medicine,"Colgate Oral Pharmaceuticals, Inc.",SODIUM FLUORIDE,114.78,149.21,363,2027-03-02,IN_STOCK
0126-0070,"Prevident Gel, Dentifrice",General Medicine,"Colgate Oral Pharmaceuticals, Inc.",Sodium fluoride and Potassium nitrate,70.68,91.88,174,2027-11-04,IN_STOCK
0126-0072,"Prevident 5000 Booster Plus Fruitastic Paste, Dentifrice",General Medicine,"Colgate Oral Pharmaceuticals, Inc.",Sodium Fluoride,94.26,122.54,253,2027-04-19,IN_STOCK
0126-0074,"Prevident 5000 Booster Plus Spearmint Paste, Dentifrice",General Medicine,"Colgate Oral Pharmaceuticals, Inc.",Sodium Fluoride,34.82,45.27,187,2027-08-03,IN_STOCK
0126-0083,Peroxyl Mouth Sore Mild Mint Rinse,General Medicine,Colgate Oral Pharmaceuticals Inc.,Hydrogen Peroxide,87.69,114.0,372,2027-08-08,IN_STOCK
0126-0088,"Prevident Fresh Mint Gel, Dentifrice",General Medicine,"Colgate Oral Pharmaceuticals, Inc.",Sodium Fluoride,138.18,179.63,247,2028-10-05,IN_STOCK
0126-0165,"Gel-Kam Fruit And Berry Gel, Dentifrice",General Medicine,"Colgate Oral Pharmaceuticals, Inc.",Stannous Fluoride,147.47,191.71,201,2026-12-31,IN_STOCK
0126-0192,"Gel-Kam Mint Gel, Dentifrice",General Medicine,"Colgate Oral Pharmaceuticals, Inc.",Stannous Fluoride,89.5,116.35,338,2028-03-06,IN_STOCK
0126-0272,Periogard Alcohol Free Rinse,Decreased Cell Wall Integrity [PE],"Colgate Oral Pharmaceuticals, Inc.",Chlorhexidine Gluconate,63.61,82.69,90,2027-07-29,IN_STOCK
0126-0282,Periogard Alcohol Free Rinse,Decreased Cell Wall Integrity [PE],"Colgate Oral Pharmaceuticals, Inc.",Chlorhexidine Gluconate,14.05,18.27,306,2026-11-24,IN_STOCK
0126-0286,"Prevident Paste, Dentifrice",General Medicine,Colgate Oral Pharmaceuticals Inc.,Sodium Fluoride,5.12,6.66,311,2027-10-03,IN_STOCK
0126-0287,"Prevident Paste, Dentifrice",General Medicine,Colgate Oral Pharmaceuticals Inc.,Sodium Fluoride,20.91,27.18,169,2026-11-01,IN_STOCK
0126-0288,"Prevident Very Berry Gel, Dentifrice",General Medicine,"Colgate Oral Pharmaceuticals, Inc.",Sodium Fluoride,39.11,50.84,384,2028-05-27,IN_STOCK
0126-0289,"Prevident Orthodefense Paste, Dentifrice",General Medicine,"Colgate Oral Pharmaceuticals, Inc.",SODIUM FLUORIDE,62.17,80.82,187,2028-09-28,IN_STOCK
0126-0311,"Prevident 5000 Kids Paste, Dentifrice",General Medicine,"Colgate Oral Pharmaceuticals, Inc.",Sodium Fluoride,60.5,78.65,220,2027-12-20,IN_STOCK
0131-1810,Vimpat Injection,Decreased Central Nervous System Disorganized Elec,"Ucb, Inc.",lacosamide,84.04,109.25,364,2027-03-27,IN_STOCK
0131-2477,"Vimpat Tablet, Film Coated",Decreased Central Nervous System Disorganized Elec,"Ucb, Inc.",lacosamide,73.86,96.02,121,2028-04-21,IN_STOCK
0131-2478,"Vimpat Tablet, Film Coated",Decreased Central Nervous System Disorganized Elec,"Ucb, Inc.",lacosamide,60.77,79.0,209,2027-12-02,IN_STOCK
0131-2479,"Vimpat Tablet, Film Coated",Decreased Central Nervous System Disorganized Elec,"Ucb, Inc.",lacosamide,27.37,35.58,368,2027-02-06,IN_STOCK
0131-2480,"Vimpat Tablet, Film Coated",Decreased Central Nervous System Disorganized Elec,"Ucb, Inc.",lacosamide,24.47,31.81,61,2028-07-25,IN_STOCK
0131-5410,Vimpat Solution,Decreased Central Nervous System Disorganized Elec,"Ucb, Inc.",lacosamide,7.28,9.46,394,2028-02-11,IN_STOCK
0132-0075,Fleet Suppository,Allergens [CS],"C.B. Fleet Company, Inc.",Glycerin,100.4,130.52,94,2026-12-26,IN_STOCK
0132-0078,Fleet Enema,Increased Large Intestinal Motility [PE],"C.B. Fleet Company, Inc.","sodium phosphate, dibasic and sodium phosphate, monobasic",24.9,32.37,237,2028-01-10,IN_STOCK
0132-0113,Pedia-Lax Liquid,General Medicine,"C.B. Fleet Company, Inc.",Docusate Sodium,134.57,174.94,381,2028-06-10,IN_STOCK
0132-0185,Fleet Liquid,Allergens [CS],"C.B. Fleet Company, Inc.",glycerin,139.9,181.87,344,2027-04-03,IN_STOCK
0132-0190,Pedia-Lax Liquid,Allergens [CS],"C.B. Fleet Company, Inc.",Glycerin,70.89,92.16,242,2028-04-18,IN_STOCK
0132-0195,Pedia-Lax Liquid,Allergens [CS],"C.B. Fleet Company, Inc.",Glycerin,123.91,161.08,221,2027-09-29,IN_STOCK
0132-0201,Fleet Enema,General Medicine,"C.B. Fleet Company, Inc.","sodium phosphate, dibasic and sodium phosphate, monobasic",37.73,49.05,242,2028-06-11,IN_STOCK
0132-0202,Pedia-Lax Enema,Increased Large Intestinal Motility [PE],"C.B. Fleet Company, Inc.","sodium phosphate, dibasic and sodium phosphate, monobasic",6.08,7.9,280,2028-10-18,IN_STOCK
0132-0208,"Phazyme Capsule, Gelatin Coated",Skin Barrier Activity [PE],"C.B. Fleet Company, Inc.",Simethicone,39.33,51.13,281,2027-07-03,IN_STOCK
0132-0211,"Phazyme Capsule, Gelatin Coated",Skin Barrier Activity [PE],"C.B. Fleet Company, Inc.",Simethicone,64.57,83.94,304,2028-05-13,IN_STOCK
0132-0222,"Phazyme Ultimate Capsule, Liquid Filled",Skin Barrier Activity [PE],"C.B. Fleet Company, Inc.",SIMETHICONE,58.21,75.67,44,2028-05-04,IN_STOCK
0132-0301,Fleet Enema,General Medicine,"C.B. Fleet Company, Inc.",Mineral Oil,75.07,97.59,213,2027-01-24,IN_STOCK
0132-0323,Boudreauxs Cream,General Medicine,"C.B. Fleet Company, Inc.",Zinc Oxide,89.14,115.88,378,2026-12-21,IN_STOCK
0132-0324,Boudreauxs Ointment,Copper Absorption Inhibitor [EPC],"C.B. Fleet Company, Inc.",Zinc Oxide,25.6,33.28,399,2028-03-23,IN_STOCK
0132-0326,Boudreauxs Butt Barrier Ointment,Skin Barrier Activity [PE],"C.B. Fleet Company, Inc.",Dimethicone,147.62,191.91,168,2028-01-20,IN_STOCK
0132-0327,Boudreauxs Baby Shower Bundle Kit,General Medicine,"C.B. Fleet Company, Inc.",Zinc oxide,79.96,103.95,292,2028-06-16,IN_STOCK
0132-0333,Boudreauxs Cream,General Medicine,"C.B. Fleet Company, Inc.",Zinc Oxide,17.82,23.17,266,2028-07-07,IN_STOCK
0132-0334,Boudreauxs Cream,General Medicine,"C.B. Fleet Company, Inc.",Zinc Oxide,112.54,146.3,367,2026-12-19,IN_STOCK
0132-0400,Fleet Liquid,General Medicine,"C.B. Fleet Company, Inc.",Mineral Oil,104.19,135.45,301,2028-12-26,IN_STOCK
0132-0401,"Fleet Tablet, Coated",Increased Large Intestinal Motility [PE],"C.B. Fleet Company, Inc.",bisacodyl,89.05,115.77,338,2026-11-24,IN_STOCK
0132-0402,"Fleet Capsule, Liquid Filled",General Medicine,"C.B. Fleet Company, Inc.",docusate sodium,136.02,176.83,298,2028-12-06,IN_STOCK
0132-0655,"Pedia-Lax Tablet, Chewable",Calculi Dissolution Agent [EPC],"C.B. Fleet Company, Inc.",Magnesium hydroxide,6.56,8.53,257,2028-03-08,IN_STOCK
0132-0703,Fleet Enema,Increased Large Intestinal Motility [PE],"C.B. Fleet Company, Inc.",Bisacodyl,136.38,177.29,318,2028-10-21,IN_STOCK
0135-0070,Tums Tablet,Blood Coagulation Factor [EPC],Haleon Us Holdings Llc,calcium carbonate,53.07,68.99,205,2028-12-26,IN_STOCK
0135-0071,Tums Tablet,Blood Coagulation Factor [EPC],Haleon Us Holdings Llc,calcium carbonate,47.72,62.04,110,2026-11-06,IN_STOCK
0135-0074,Tums Tablet,Blood Coagulation Factor [EPC],Haleon Us Holdings Llc,calcium carbonate,105.78,137.51,330,2028-11-06,IN_STOCK
0135-0076,Tums Tablet,Blood Coagulation Factor [EPC],Haleon Us Holdings Llc,calcium carbonate,49.09,63.82,313,2027-06-24,IN_STOCK
0135-0089,"Citrucel Powder, For Solution",General Medicine,Haleon Us Holdings Llc,methylcellulose,13.91,18.08,267,2028-05-15,IN_STOCK
0135-0090,"Citrucel Powder, For Solution",General Medicine,Haleon Us Holdings Llc,methylcellulose,29.52,38.38,51,2028-08-03,IN_STOCK
0135-0094,Gaviscon Liquid,General Medicine,Haleon Us Holdings Llc,aluminum hydroxide and magnesium carbonate,148.6,193.18,344,2026-10-28,IN_STOCK
0135-0095,Gaviscon Liquid,General Medicine,Haleon Us Holdings Llc,aluminum hydroxide and magnesium carbonate,46.59,60.57,67,2027-02-07,IN_STOCK
0135-0098,"Gaviscon Tablet, Chewable",General Medicine,Haleon Us Holdings Llc,aluminum hydroxide and magnesium carbonate,78.31,101.8,167,2027-06-16,IN_STOCK
0135-0118,"Tums Tablet, Chewable",General Medicine,Haleon Us Holdings Llc,calcium carbonate,24.22,31.49,168,2027-07-09,IN_STOCK
0135-0138,"Tums Chewy Bites Tablet, Chewable",Blood Coagulation Factor [EPC],Haleon Us Holdings Llc,calcium carbonate,129.39,168.21,32,2028-10-29,IN_STOCK
0135-0140,Tums Tablet,Blood Coagulation Factor [EPC],Haleon Us Holdings Llc,calcium carbonate,21.17,27.52,114,2028-05-28,IN_STOCK
0135-0154,Tums Tablet,Blood Coagulation Factor [EPC],Haleon Us Holdings Llc,calcium carbonate,112.15,145.8,362,2028-01-01,IN_STOCK
0135-0155,"Tums Tablet, Chewable",Blood Coagulation Factor [EPC],Haleon Us Holdings Llc,calcium carbonate,58.62,76.21,114,2027-06-25,IN_STOCK
0135-0157,"Nicorette Gum, Chewing",Cholinergic Nicotinic Agonist [EPC],Haleon Us Holdings Llc,nicotine polacrilex,118.47,154.01,145,2028-02-09,IN_STOCK
0135-0158,"Nicorette Gum, Chewing",Cholinergic Nicotinic Agonist [EPC],Haleon Us Holdings Llc,nicotine polacrilex,31.22,40.59,295,2026-11-03,IN_STOCK
0135-0178,Tums Tablet,Blood Coagulation Factor [EPC],Haleon Us Holdings Llc,calcium carbonate,54.71,71.12,68,2027-02-26,IN_STOCK
0135-0180,"Tums Tablet, Chewable",General Medicine,Haleon Us Holdings Llc,calcium carbonate,91.35,118.75,103,2028-02-20,IN_STOCK
0135-0181,"Tums Tablet, Chewable",General Medicine,Haleon Us Holdings Llc,calcium carbonate,114.15,148.4,236,2028-11-27,IN_STOCK
0135-0183,"Tums Chewy Bites Tablet, Chewable",Blood Coagulation Factor [EPC],Haleon Us Holdings Llc,calcium carbonate,60.56,78.73,363,2027-12-25,IN_STOCK
0135-0184,"Tums Chewy Bites Tablet, Chewable",Blood Coagulation Factor [EPC],Haleon Us Holdings Llc,calcium carbonate,110.27,143.35,110,2027-05-04,IN_STOCK
0135-0185,"Tums Chewy Bites Tablet, Chewable",Blood Coagulation Factor [EPC],Haleon Us Holdings Llc,calcium carbonate,88.77,115.4,201,2026-11-25,IN_STOCK
0135-0194,"Nicoderm Patch, Extended Release",Cholinergic Nicotinic Agonist [EPC],Haleon Us Holdings Llc,nicotine,98.13,127.57,84,2026-11-23,IN_STOCK
0135-0195,"Nicoderm Patch, Extended Release",Cholinergic Nicotinic Agonist [EPC],Haleon Us Holdings Llc,nicotine,29.3,38.09,229,2028-01-31,IN_STOCK
0135-0196,"Nicoderm Patch, Extended Release",Cholinergic Nicotinic Agonist [EPC],Haleon Us Holdings Llc,nicotine,48.7,63.31,297,2027-05-28,IN_STOCK
0135-0199,Citrucel Tablet,General Medicine,Haleon Us Holdings Llc,methylcellulose,60.07,78.09,386,2027-11-04,IN_STOCK
0135-0200,Abreva Cream,General Medicine,Haleon Us Holdings Llc,docosanol,73.82,95.97,99,2028-03-27,IN_STOCK
0135-0227,"Tums Tablet, Chewable",Blood Coagulation Factor [EPC],Haleon Us Holdings Llc,calcium carbonate,131.19,170.55,31,2027-07-23,IN_STOCK
0135-0228,"Tums Tablet, Chewable",General Medicine,Haleon Us Holdings Llc,calcium carbonate,139.45,181.28,254,2027-10-27,IN_STOCK
0135-0229,"Nicorette Gum, Chewing",Cholinergic Nicotinic Agonist [EPC],Haleon Us Holdings Llc,nicotine polacrilex,103.38,134.39,296,2028-08-30,IN_STOCK
0135-0230,"Nicorette Gum, Chewing",Cholinergic Nicotinic Agonist [EPC],Haleon Us Holdings Llc,nicotine polacrilex,143.6,186.68,74,2028-03-28,IN_STOCK
0135-0234,Aquafresh Paste,General Medicine,Haleon Us Holdings Llc,sodium fluoride,97.43,126.66,246,2028-06-17,IN_STOCK
0135-0235,"Tums Tablet, Chewable",General Medicine,Haleon Us Holdings Llc,calcium carbonate,138.12,179.56,164,2027-09-09,IN_STOCK
0135-0241,"Nicorette Gum, Chewing",Cholinergic Nicotinic Agonist [EPC],Haleon Us Holdings Llc,nicotine polacrilex,44.2,57.46,75,2027-06-19,IN_STOCK
0135-0242,"Nicorette Gum, Chewing",Cholinergic Nicotinic Agonist [EPC],Haleon Us Holdings Llc,nicotine polacrilex,99.88,129.84,225,2028-01-16,IN_STOCK
0135-0243,"Tums Tablet, Chewable",Blood Coagulation Factor [EPC],Haleon Us Holdings Llc,calcium carbonate,117.11,152.24,148,2028-10-21,IN_STOCK
0135-0245,"Tums Tablet, Chewable",Blood Coagulation Factor [EPC],Haleon Us Holdings Llc,calcium carbonate,102.42,133.15,124,2028-03-16,IN_STOCK
0135-0246,"Tums Tablet, Chewable",Blood Coagulation Factor [EPC],Haleon Us Holdings Llc,calcium carbonate,53.92,70.1,378,2027-04-03,IN_STOCK
0135-0300,Abreva Cream,General Medicine,Haleon Us Holdings Llc,docosanol,50.42,65.55,30,2028-08-19,IN_STOCK
0135-0355,"Nicorette Gum, Chewing",Cholinergic Nicotinic Agonist [EPC],Haleon Us Holdings Llc,nicotine polacrilex,6.23,8.1,59,2026-10-13,IN_STOCK
0135-0400,Abreva Gel,Allergens [CS],Haleon Us Holdings Llc,"glycerin, lidocaine",64.63,84.02,293,2027-01-15,IN_STOCK
0135-0430,"Gaviscon Tablet, Chewable",General Medicine,Haleon Us Holdings Llc,aluminum hydroxide and magnesium carbonate,104.4,135.72,204,2027-05-13,IN_STOCK
0135-0449,Sensodyne Pronamel Liquid,General Medicine,Haleon Us Holdings Llc,sodium fluoride,110.16,143.21,153,2027-04-16,IN_STOCK
0135-0450,Sensodyne Pronamel Paste,General Medicine,Haleon Us Holdings Llc,potassium nitrate and sodium fluoride,9.94,12.92,342,2027-01-03,IN_STOCK
0135-0451,Sensodyne Pronamel Liquid,General Medicine,Haleon Us Holdings Llc,sodium fluoride,13.25,17.23,329,2028-08-03,IN_STOCK
0135-0456,"Tums Tablet, Chewable",Blood Coagulation Factor [EPC],Haleon Us Holdings Llc,calcium carbonate,134.63,175.02,136,2028-06-05,IN_STOCK
0135-0460,Sensodyne Pronamel Paste,General Medicine,Haleon Us Holdings Llc,potassium nitrate and sodium fluoride,97.52,126.78,387,2027-01-31,IN_STOCK
0135-0461,Alli Capsule,Intestinal Lipase Inhibitor [EPC],Haleon Us Holdings Llc,orlistat,17.53,22.79,334,2027-02-11,IN_STOCK
0135-0466,"Nicorette Gum, Chewing",Cholinergic Nicotinic Agonist [EPC],Haleon Us Holdings Llc,nicotine polacrilex,59.51,77.36,356,2028-05-02,IN_STOCK
0135-0467,"Nicorette Gum, Chewing",Cholinergic Nicotinic Agonist [EPC],Haleon Us Holdings Llc,nicotine polacrilex,121.46,157.9,119,2027-01-22,IN_STOCK
0135-0474,"Nicorette Gum, Chewing",Cholinergic Nicotinic Agonist [EPC],Haleon Us Holdings Llc,nicotine polacrilex,105.87,137.63,154,2027-07-29,IN_STOCK
0135-0475,"Nicorette Gum, Chewing",Cholinergic Nicotinic Agonist [EPC],Haleon Us Holdings Llc,nicotine polacrilex,72.71,94.52,63,2028-07-16,IN_STOCK
0135-0479,Sensodyne Paste,General Medicine,Haleon Us Holdings Llc,potassium nitrate,70.75,91.98,166,2028-11-26,IN_STOCK
0135-0480,Sensodyne Pronamel Paste,General Medicine,Haleon Us Holdings Llc,potassium nitrate and sodium fluoride,66.91,86.98,366,2028-11-27,IN_STOCK
0135-0481,Sensodyne Pronamel Paste,General Medicine,Haleon Us Holdings Llc,potassium nitrate and sodium fluoride,116.67,151.67,156,2027-03-15,IN_STOCK
0135-0484,Sensodyne Pronamel Paste,General Medicine,Haleon Us Holdings Llc,potassium nitrate and sodium fluoride,118.21,153.67,166,2028-12-04,IN_STOCK
0135-0486,Sensodyne Pronamel Paste,General Medicine,Haleon Us Holdings Llc,potassium nitrate and sodium fluoride,14.05,18.27,223,2027-09-06,IN_STOCK
0135-0492,Sensodyne Pronamel Paste,General Medicine,Haleon Us Holdings Llc,potassium nitrate and sodium fluoride,149.41,194.23,157,2027-06-29,IN_STOCK
0135-0508,Nicorette Lozenge,Cholinergic Nicotinic Agonist [EPC],Haleon Us Holdings Llc,nicotine polacrilex,30.8,40.04,60,2028-02-16,IN_STOCK
0135-0510,Nicorette Lozenge,Cholinergic Nicotinic Agonist [EPC],Haleon Us Holdings Llc,nicotine polacrilex,147.02,191.13,127,2028-06-16,IN_STOCK
0135-0511,Nicorette Lozenge,Cholinergic Nicotinic Agonist [EPC],Haleon Us Holdings Llc,nicotine polacrilex,61.93,80.51,355,2028-02-16,IN_STOCK
0135-0520,Sensodyne Pronamel Paste,General Medicine,Haleon Us Holdings Llc,potassium nitrate and sodium fluoride,20.72,26.94,301,2028-11-26,IN_STOCK
0135-0521,Tums Tablet,Blood Coagulation Factor [EPC],Haleon Us Holdings Llc,calcium carbonate,67.53,87.79,339,2028-07-20,IN_STOCK
0135-0525,Sensodyne Paste,General Medicine,Haleon Us Holdings Llc,potassium nitrate and sodium fluoride,20.41,26.53,251,2028-10-02,IN_STOCK
0135-0529,Sensodyne Paste,General Medicine,Haleon Us Holdings Llc,potassium nitrate and sodium fluoride,42.55,55.31,42,2026-12-14,IN_STOCK
0135-0532,"Nicorette Gum, Chewing",Cholinergic Nicotinic Agonist [EPC],Haleon Us Holdings Llc,nicotine polacrilex,15.21,19.77,397,2027-06-14,IN_STOCK
0135-0533,"Nicorette Gum, Chewing",Cholinergic Nicotinic Agonist [EPC],Haleon Us Holdings Llc,nicotine polacrilex,117.7,153.01,34,2028-02-22,IN_STOCK
0135-0537,Panadol Suspension,General Medicine,Haleon Us Holdings Llc,acetaminophen,26.58,34.55,352,2026-10-01,IN_STOCK
0135-0539,Panadol Suspension,General Medicine,Haleon Us Holdings Llc,acetaminophen,140.27,182.35,365,2027-11-04,IN_STOCK
0135-0540,"Tums Tablet, Chewable",General Medicine,Haleon Us Holdings Llc,calcium carbonate,43.63,56.72,383,2027-09-03,IN_STOCK
0135-0547,Sensodyne Paste,General Medicine,Haleon Us Holdings Llc,stannous fluoride,136.17,177.02,319,2026-10-04,IN_STOCK
0135-0548,Sensodyne Paste,General Medicine,Haleon Us Holdings Llc,stannous fluoride,79.73,103.65,276,2028-02-02,IN_STOCK
0135-0550,Sensodyne Paste,General Medicine,Haleon Us Holdings Llc,potassium nitrate and sodium fluoride,68.23,88.7,397,2028-12-08,IN_STOCK
0135-0553,"Tums Tablet, Chewable",General Medicine,Haleon Us Holdings Llc,Calcium carbonate,122.78,159.61,60,2028-04-06,IN_STOCK
0135-0557,Biotene Paste,General Medicine,Haleon Us Holdings Llc,sodium fluoride,37.75,49.08,221,2028-09-05,IN_STOCK
0135-0558,Biotene Paste,General Medicine,Haleon Us Holdings Llc,sodium fluoride,123.61,160.69,271,2027-02-02,IN_STOCK
0135-0560,"Tums Bar, Chewable",Blood Coagulation Factor [EPC],Haleon Us Holdings Llc,calcium carbonate,87.25,113.42,208,2027-09-07,IN_STOCK
0135-0561,"Tums Bar, Chewable",Blood Coagulation Factor [EPC],Haleon Us Holdings Llc,calcium carbonate,103.87,135.03,230,2026-11-26,IN_STOCK
0135-0568,Sensodyne Pronamel Paste,General Medicine,Haleon Us Holdings Llc,potassium nitrate and sodium fluoride,96.68,125.68,356,2027-01-01,IN_STOCK
0135-0569,"Tums Bar, Chewable",Blood Coagulation Factor [EPC],Haleon Us Holdings Llc,calcium carbonate,57.98,75.37,199,2026-12-22,IN_STOCK
0135-0572,Sensodyne Complete Protection Paste,General Medicine,Haleon Us Holdings Llc,stannous fluoride,126.97,165.06,173,2028-07-25,IN_STOCK
0135-0573,Sensodyne Complete Protection Paste,General Medicine,Haleon Us Holdings Llc,stannous fluoride,34.45,44.79,308,2026-11-10,IN_STOCK
0135-0574,Gaviscon Liquid,General Medicine,Haleon Us Holdings Llc,aluminum hydroxide and magnesium carbonate,145.29,188.88,363,2027-04-14,IN_STOCK
0135-0575,Sensodyne Paste,General Medicine,Haleon Us Holdings Llc,stannous fluoride,48.34,62.84,224,2027-01-18,IN_STOCK
0135-0576,"Flonase Spray, Metered",Corticosteroid Hormone Receptor Agonists [MoA],Haleon Us Holdings Llc,fluticasone propionate,96.44,125.37,208,2028-02-11,IN_STOCK
0135-0577,Biotene Paste,General Medicine,Haleon Us Holdings Llc,sodium monofluorophosphate,17.31,22.5,348,2027-12-23,IN_STOCK
0135-0578,Flonase Tablet,Adrenergic alpha1-Agonists [MoA],Haleon Us Holdings Llc,"acetaminophen, chlorpheniramine maleate, phenylephrine hcl",111.62,145.11,96,2026-11-06,IN_STOCK
0135-0579,Sensodyne Paste,General Medicine,Haleon Us Holdings Llc,potassium nitrate and sodium fluoride,33.0,42.9,393,2028-05-30,IN_STOCK
0135-0580,Sensodyne Pronamel Paste,General Medicine,Haleon Us Holdings Llc,potassium nitrate and sodium fluoride,39.58,51.45,224,2026-12-04,IN_STOCK
0135-0581,Sensodyne Paste,General Medicine,Haleon Us Holdings Llc,potassium nitrate and sodium fluoride,119.95,155.94,354,2027-08-12,IN_STOCK
0135-0582,"Childrens Flonase Spray, Metered",Corticosteroid Hormone Receptor Agonists [MoA],Haleon Us Holdings Llc,fluticasone propionate,77.45,100.69,255,2026-10-17,IN_STOCK
0135-0590,Aquafresh Paste,General Medicine,Haleon Us Holdings Llc,sodium fluoride,10.37,13.48,53,2027-09-11,IN_STOCK
0135-0591,Aquafresh Paste,General Medicine,Haleon Us Holdings Llc,sodium fluoride,119.23,155.0,46,2027-11-20,IN_STOCK
0135-0593,Sensodyne Paste,General Medicine,Haleon Us Holdings Llc,potassium nitrate and sodium fluoride,22.14,28.78,359,2028-08-14,IN_STOCK
0135-0598,Parodontax Paste,General Medicine,Haleon Us Holdings Llc,stannous fluoride,80.85,105.1,372,2028-04-02,IN_STOCK
0135-0601,Parodontax Paste,General Medicine,Haleon Us Holdings Llc,stannous fluoride,26.6,34.58,321,2027-05-27,IN_STOCK
0135-0602,Sensodyne Pronamel Paste,General Medicine,Haleon Us Holdings Llc,potassium nitrate and sodium fluoride,139.1,180.83,43,2028-10-23,IN_STOCK
0135-0603,Sensodyne Pronamel Paste,General Medicine,Haleon Us Holdings Llc,potassium nitrate and sodium fluoride,25.53,33.19,359,2026-10-20,IN_STOCK
0135-0604,Aquafresh Paste,General Medicine,Haleon Us Holdings Llc,sodium fluoride,73.33,95.33,341,2026-11-16,IN_STOCK
0135-0605,Aquafresh Paste,General Medicine,Haleon Us Holdings Llc,potassium nitrate and sodium fluoride,40.19,52.25,357,2027-02-11,IN_STOCK
0135-0606,"Tums Chewy Bites Tablet, Chewable",Blood Coagulation Factor [EPC],Haleon Us Holdings Llc,calcium carbonate,7.08,9.2,348,2026-11-21,IN_STOCK
0135-0607,"Panadol Tablet, Film Coated",Adrenergic alpha1-Agonists [MoA],Haleon Us Holdings Llc,acetaminophen and phenyleprine HCl,136.18,177.03,74,2028-01-11,IN_STOCK
0135-0608,"Panadol Tablet, Film Coated",Histamine H1 Receptor Antagonists [MoA],Haleon Us Holdings Llc,acetaminophen and diphenhydramine HCl,93.63,121.72,327,2026-12-05,IN_STOCK
0135-0609,"Panadol Tablet, Film Coated",General Medicine,Haleon Us Holdings Llc,acetaminophen,123.58,160.65,79,2027-01-25,IN_STOCK
0135-0611,"Tums Tablet, Chewable",Blood Coagulation Factor [EPC],Haleon Us Holdings Llc,calcium carbonate,77.09,100.22,340,2027-05-14,IN_STOCK
0135-0615,"Flonase Sensimist Spray, Metered",Corticosteroid Hormone Receptor Agonists [MoA],Haleon Us Holdings Llc,fluticasone furoate,14.15,18.39,128,2027-12-11,IN_STOCK
0135-0616,"Flonase Sensimist Spray, Metered",Corticosteroid Hormone Receptor Agonists [MoA],Haleon Us Holdings Llc,fluticasone furoate,53.91,70.08,372,2027-11-16,IN_STOCK
0135-0618,"Tums Chewy Bites Tablet, Chewable",Blood Coagulation Factor [EPC],Haleon Us Holdings Llc,calcium carbonate,52.01,67.61,375,2028-05-12,IN_STOCK
0135-0620,"Panadol Tablet, Film Coated",Central Nervous System Stimulant [EPC],Haleon Us Holdings Llc,acetaminophen and caffeine,84.15,109.4,189,2028-12-21,IN_STOCK
0135-0621,Sensodyne Paste,General Medicine,Haleon Us Holdings Llc,stannous fluoride,35.92,46.7,48,2028-05-30,IN_STOCK
0135-0622,Sensodyne Paste,General Medicine,Haleon Us Holdings Llc,stannous fluoride,30.15,39.2,57,2027-02-01,IN_STOCK
0135-0623,"Tums Tablet, Chewable",Blood Coagulation Factor [EPC],Haleon Us Holdings Llc,Calcium Carbonate,44.71,58.12,237,2027-03-22,IN_STOCK
0135-0624,"Tums Chewy Bites With Gas Relief Tablet, Chewable",Blood Coagulation Factor [EPC],Haleon Us Holdings Llc,calcium carbonate and simethicone,105.96,137.75,308,2027-03-18,IN_STOCK
0135-0625,Nicorette Lozenge,Cholinergic Nicotinic Agonist [EPC],Haleon Us Holdings Llc,nicotine polacrilex,68.61,89.19,322,2026-11-11,IN_STOCK
0135-0626,Nicorette Lozenge,Cholinergic Nicotinic Agonist [EPC],Haleon Us Holdings Llc,nicotine polacrilex,24.34,31.64,348,2028-06-19,IN_STOCK
0135-0627,Parodontax Paste,General Medicine,Haleon Us Holdings Llc,stannous fluoride,59.54,77.4,105,2026-10-17,IN_STOCK
0135-0630,"Tums Chewy Bites Tablet, Chewable",Blood Coagulation Factor [EPC],Haleon Us Holdings Llc,calcium carbonate,132.55,172.32,66,2026-10-07,IN_STOCK
0135-0631,"Tums Chewy Bites Tablet, Chewable",Blood Coagulation Factor [EPC],Haleon Us Holdings Llc,calcium carbonate,6.05,7.87,70,2028-09-23,IN_STOCK
0135-0632,Sensodyne Paste,General Medicine,Haleon Us Holdings Llc,stannous fluoride,99.5,129.35,170,2027-12-01,IN_STOCK
0135-0633,"Tums Chewy Bites Tablet, Chewable",Blood Coagulation Factor [EPC],Haleon Us Holdings Llc,calcium carbonate,105.56,137.23,268,2028-09-08,IN_STOCK
0135-0634,Parodontax Paste,General Medicine,Haleon Us Holdings Llc,stannous fluoride,23.4,30.42,98,2028-07-17,IN_STOCK
0135-0635,Nicorette Lozenge,Cholinergic Nicotinic Agonist [EPC],Haleon Us Holdings Llc,nicotine polacrilex,44.29,57.58,255,2027-11-26,IN_STOCK
0135-0636,Nicorette Lozenge,Cholinergic Nicotinic Agonist [EPC],Haleon Us Holdings Llc,nicotine polacrilex,39.69,51.6,114,2028-06-17,IN_STOCK
0135-0637,Parodontax Paste,General Medicine,Haleon Us Holdings Llc,stannous fluoride,105.29,136.88,330,2027-04-03,IN_STOCK
0135-0638,Parodontax Paste,General Medicine,Haleon Us Holdings Llc,stannous fluoride,108.99,141.69,338,2026-12-30,IN_STOCK
0135-0641,"Tums Chewy Bites Tablet, Chewable",Blood Coagulation Factor [EPC],Haleon Us Holdings Llc,calcium carbonate,95.94,124.72,179,2027-09-22,IN_STOCK
0135-0642,"Tums Chewy Bites Tablet, Chewable",Blood Coagulation Factor [EPC],Haleon Us Holdings Llc,calcium carbonate,65.72,85.44,310,2027-05-30,IN_STOCK
0135-0643,Sensodyne Paste,General Medicine,Haleon Us Holdings Llc,potassium nitrate and sodium fluoride,32.83,42.68,296,2027-01-06,IN_STOCK
0135-0644,Sensodyne Pronamel Paste,General Medicine,Haleon Us Holdings Llc,potassium nitrate and sodium fluoride,94.74,123.16,301,2028-03-03,IN_STOCK
0135-0650,Parodontax Mouthwash,General Medicine,Haleon Us Holdings Llc,cetylpyridinium chloride,36.8,47.84,345,2028-08-06,IN_STOCK
0135-0651,Parodontax Mouthwash,General Medicine,Haleon Us Holdings Llc,cetylpyridinium chloride,35.18,45.73,52,2027-04-17,IN_STOCK
0135-0652,Parodontax Liquid,General Medicine,Haleon Us Holdings Llc,Cetylpyridinium chloride,21.34,27.74,101,2028-09-01,IN_STOCK
0135-0655,"Parodontax Paste, Dentifrice",General Medicine,Haleon Us Holdings Llc,stannous fluoride,127.35,165.56,267,2028-02-22,IN_STOCK
0135-0700,Sensodyne Pronamel Paste,General Medicine,Haleon Us Holdings Llc,potassium nitrate and sodium fluoride,30.57,39.74,368,2026-11-14,IN_STOCK
0135-0701,Sensodyne Pronamel Paste,General Medicine,Haleon Us Holdings Llc,potassium nitrate and sodium fluoride,12.83,16.68,211,2027-07-19,IN_STOCK
0135-0702,Sensodyne Paste,General Medicine,Haleon Us Holdings Llc,"Potassium nitrate, Sodium fluoride",35.39,46.01,153,2027-09-08,IN_STOCK
0135-0703,Sensodyne Paste,General Medicine,Haleon Us Holdings Llc,"Potassium nitrate, Sodium fluoride",94.44,122.77,257,2026-11-14,IN_STOCK
0135-0710,Polident Paste,General Medicine,Haleon Us Holdings Llc,stannous fluoride,20.14,26.18,51,2028-04-03,IN_STOCK
0135-0737,Parodontax Paste,General Medicine,Haleon Us Holdings Llc,stannous fluoride,30.5,39.65,39,2028-02-09,IN_STOCK
0135-0808,Sensodyne Pronamel Paste,General Medicine,Haleon Us Holdings Llc,sodium fluoride,79.66,103.56,61,2027-05-29,IN_STOCK
0135-0809,Sensodyne Pronamel Paste,General Medicine,Haleon Us Holdings Llc,sodium fluoride,109.6,142.48,328,2028-05-16,IN_STOCK
0135-0810,Sensodyne Pronamel Paste,General Medicine,Haleon Us Holdings Llc,"potassium nitrate, sodium fluoride",52.27,67.95,126,2028-11-04,IN_STOCK
0135-0811,Sensodyne Pronamel Paste,General Medicine,Haleon Us Holdings Llc,"potassium nitrate, sodium fluoride",103.14,134.08,191,2027-05-24,IN_STOCK
0135-0818,"Sensodyne Pronamel Paste, Dentifrice",General Medicine,Haleon Us Holdings Llc,sodium fluoride,117.95,153.34,191,2027-05-22,IN_STOCK
0135-1000,Tums Tablet,Blood Coagulation Factor [EPC],Haleon Us Holdings Llc,calcium carbonate,19.22,24.99,236,2027-04-23,IN_STOCK
0135-1001,Tums Tablet,Blood Coagulation Factor [EPC],Haleon Us Holdings Llc,calcium carbonate,59.45,77.29,137,2026-12-15,IN_STOCK
0135-1002,"Tums Tablet, Chewable",Blood Coagulation Factor [EPC],Haleon Us Holdings Llc,calcium carbonate,73.29,95.28,273,2026-11-25,IN_STOCK
0135-1200,Natean Paste,General Medicine,Haleon Us Holdings Llc,sodium fluoride,134.12,174.36,99,2027-05-10,IN_STOCK
0135-1250,Natean Paste,General Medicine,Haleon Us Holdings Llc,"potassium nitrate, sodium fluoride",139.54,181.4,257,2027-04-01,IN_STOCK
0135-1326,"Tums Tablet, Chewable",Blood Coagulation Factor [EPC],Haleon Us Holdings Llc,calcium carbonate,61.16,79.51,94,2028-01-12,IN_STOCK
0135-1328,"Tums Tablet, Chewable",Blood Coagulation Factor [EPC],Haleon Us Holdings Llc,calcium carbonate,109.37,142.18,348,2027-10-03,IN_STOCK
0135-1500,Nicorette Lozenge,Cholinergic Nicotinic Agonist [EPC],Haleon Us Holdings Llc,nicotine polacrilex,146.46,190.4,128,2027-09-09,IN_STOCK
0135-2029,Chapstick Kit,General Medicine,Haleon Us Holdings Llc,white petrolatum,23.45,30.48,379,2028-05-05,IN_STOCK
0135-2800,Nicorette Lozenge,Cholinergic Nicotinic Agonist [EPC],Haleon Us Holdings Llc,nicotine polacrilex,13.65,17.75,94,2027-01-22,IN_STOCK
0135-4032,"Sensodyne Paste, Dentifrice",General Medicine,Haleon Us Holdings Llc,"potassium nitrate, sodium fluoride",128.49,167.04,259,2027-12-03,IN_STOCK
0135-5022,Sensodyne Paste,General Medicine,Haleon Us Holdings Llc,stannous fluoride,29.82,38.77,200,2027-05-14,IN_STOCK
0135-5023,Sensodyne Paste,General Medicine,Haleon Us Holdings Llc,stannous fluoride,133.53,173.59,334,2027-03-10,IN_STOCK
0135-5024,Sensodyne Paste,General Medicine,Haleon Us Holdings Llc,stannous fluoride,119.48,155.32,351,2028-06-18,IN_STOCK
0135-5025,Sensodyne Paste,General Medicine,Haleon Us Holdings Llc,stannous fluoride,136.31,177.2,320,2028-04-19,IN_STOCK
0135-5026,Sensodyne Paste,General Medicine,Haleon Us Holdings Llc,potassium nitrate and sodium fluoride,128.98,167.67,69,2027-11-26,IN_STOCK
0135-5027,Sensodyne Paste,General Medicine,Haleon Us Holdings Llc,potassium nitrate and sodium fluoride,129.26,168.04,275,2027-05-10,IN_STOCK
0135-5028,Sensodyne Paste,General Medicine,Haleon Us Holdings Llc,potassium nitrate and sodium fluoride,90.78,118.01,261,2027-07-13,IN_STOCK
0135-5029,Sensodyne Paste,General Medicine,Haleon Us Holdings Llc,potassium nitrate,7.1,9.23,244,2028-10-23,IN_STOCK
0135-5030,Sensodyne Paste,General Medicine,Haleon Us Holdings Llc,"potassium nitrate, sodium fluoride",131.53,170.99,151,2027-09-01,IN_STOCK
0135-5468,Sensodyne Paste,General Medicine,Haleon Us Holdings Llc,"potassium nitrate, sodium fluoride",67.97,88.36,138,2028-05-28,IN_STOCK
0135-5912,"Sensodyne Paste, Dentifrice",General Medicine,Haleon Us Holdings Llc,Stannous Fluoride,142.21,184.87,318,2026-10-06,IN_STOCK
0135-5913,"Sensodyne Paste, Dentifrice",General Medicine,Haleon Us Holdings Llc,Stannous Fluoride,65.58,85.25,47,2026-11-11,IN_STOCK
0135-5970,"Tums Tablet, Chewable",General Medicine,Haleon Us Holdings Llc,calcium carbonate,148.73,193.35,400,2028-11-26,IN_STOCK
0135-7011,"Panadol Tablet, Film Coated",General Medicine,Haleon Us Holdings Llc,acetaminophen,78.11,101.54,242,2028-03-27,IN_STOCK
0135-7021,"Panadol Tablet, Film Coated",Histamine H1 Receptor Antagonists [MoA],Haleon Us Holdings Llc,acetaminophen and diphenhydramine HCl,62.18,80.83,381,2027-01-09,IN_STOCK
0135-7031,"Panadol Tablet, Film Coated",Adrenergic alpha1-Agonists [MoA],Haleon Us Holdings Llc,acetaminophen and phenyleprine HCl,70.6,91.78,148,2026-12-25,IN_STOCK
0135-7753,"Sensodyne Paste, Dentifrice",General Medicine,Haleon Us Holdings Llc,"potassium nitrate, sodium fluoride",85.98,111.77,31,2028-09-09,IN_STOCK
0135-8050,Nicorette Lozenge,Cholinergic Nicotinic Agonist [EPC],Haleon Us Holdings Llc,nicotine polacrilex,111.11,144.44,136,2027-02-13,IN_STOCK
0135-8060,Nicorette Lozenge,Cholinergic Nicotinic Agonist [EPC],Haleon Us Holdings Llc,nicotine polacrilex,56.97,74.06,147,2028-07-25,IN_STOCK
0140-0004,Valium Tablet,Benzodiazepine [EPC],Roche Laboratories Inc.,diazepam,149.85,194.81,33,2028-02-04,IN_STOCK
0140-0005,Valium Tablet,Benzodiazepine [EPC],Roche Laboratories Inc.,diazepam,102.01,132.61,107,2028-09-20,IN_STOCK
